order_id,customer_id,product,quantity,order_date,region,price,revenue,category
1,4174,Headphones,1.0,2023-12-30,North,269.13,269.13,High
2,4507,Phone,2.0,2023-05-27,North,1923.15,3846.3,High
3,1860,Keyboard,3.0,2023-11-10,North,242.26,726.78,High
4,2294,Mouse,5.0,2024-07-01,North,90.52,452.59999999999997,High
5,2130,Headphones,4.0,2025-03-06,East,231.01,924.04,High
6,2095,Phone,3.0,2025-06-17,East,1640.39,4921.17,High
7,4772,Webcam,2.0,2023-04-11,South,332.07,664.14,High
8,4092,Headphones,1.0,2023-04-17,North,422.29,422.29,High
9,2638,Mouse,3.0,2025-05-06,East,36.46,109.38,High
10,3169,SSD,5.0,2025-07-25,East,365.97,1829.8500000000001,High
11,1466,Laptop,2.0,2023-10-18,South,4972.9,9945.8,High
12,2238,Monitor,1.0,2024-09-08,South,1029.69,1029.69,High
13,1330,SSD,4.0,2024-08-10,North,348.32,1393.28,High
14,2482,Phone,2.0,2024-08-18,North,1288.59,2577.18,High
15,3135,Keyboard,1.0,2025-09-03,South,174.42,174.42,High
16,4444,Laptop,4.0,2025-12-09,North,2482.76,9931.04,High
17,4171,SSD,1.0,2025-05-17,South,261.16,261.16,High
18,3919,Phone,4.0,2025-08-27,East,2009.95,8039.8,High
19,4735,Laptop,4.0,2024-12-22,West,2414.86,9659.44,High
20,1130,SSD,4.0,2023-06-07,East,566.76,2267.04,High
21,2685,Keyboard,1.0,2023-11-24,East,126.99,126.99,High
23,1769,Mouse,2.0,2024-09-24,North,84.71,169.42,High
24,3391,Mouse,5.0,2023-11-23,South,111.27,556.35,High
25,2515,Keyboard,5.0,2024-05-22,East,275.95,1379.75,High
26,4485,Headphones,4.0,2025-05-19,East,134.29,537.16,High
27,3853,Keyboard,5.0,2023-08-29,West,264.09,1320.4499999999998,High
28,3433,Headphones,5.0,2024-03-10,North,378.79,1893.95,High
29,2215,Phone,4.0,2025-11-17,North,1930.62,7722.48,High
30,1955,SSD,4.0,2024-12-04,East,175.15,700.6,High
31,3324,Headphones,2.0,2024-08-11,East,480.7,961.4,High
32,2184,Phone,3.0,2024-02-17,North,1017.22,3051.66,High
33,1459,Phone,1.0,2024-07-22,East,2440.2,2440.2,High
34,4385,Webcam,4.0,2025-09-15,South,335.77,1343.08,High
35,1021,Monitor,4.0,2025-12-07,East,1239.3,4957.2,High
36,3300,Phone,5.0,2024-04-28,North,2371.08,11855.4,High
37,1747,Headphones,2.0,2024-10-29,East,184.54,369.08,High
38,3904,Monitor,5.0,2023-05-31,East,1987.5,9937.5,High
39,4632,Monitor,4.0,2023-08-13,West,1575.23,6300.92,High
40,1474,Phone,4.0,2023-09-13,West,967.24,3868.96,High
41,2082,Keyboard,5.0,2023-03-02,East,184.15,920.75,High
42,3558,Keyboard,4.0,2024-01-31,South,227.72,910.88,High
43,4753,Mouse,3.0,2024-01-15,South,134.21,402.63,High
44,3047,Monitor,1.0,2023-12-15,North,1135.92,1135.92,High
45,4547,Phone,1.0,2023-01-31,North,1221.84,1221.84,High
46,3747,Webcam,1.0,2023-03-12,North,156.23,156.23,High
47,1975,Keyboard,3.0,2024-02-01,East,281.74,845.22,High
48,2806,Webcam,4.0,2023-01-02,South,155.12,620.48,High
49,1189,Phone,5.0,2025-07-17,North,2436.09,12180.45,High
50,4005,Phone,2.0,2024-07-15,East,1157.38,2314.76,High
51,3734,SSD,4.0,2023-05-26,East,322.93,1291.72,High
52,4005,Monitor,3.0,2023-06-28,East,518.49,1555.47,High
53,1562,SSD,3.0,2023-09-21,East,556.41,1669.23,High
54,2899,Webcam,1.0,2023-07-23,North,113.39,113.39,High
55,4638,SSD,4.0,2024-11-29,North,310.8,1243.2,High
56,2267,Mouse,1.0,2025-11-19,West,173.23,173.23,High
57,3879,Monitor,2.0,2023-02-28,North,1687.85,3375.7,High
58,2528,Laptop,1.0,2025-10-29,East,4524.5,4524.5,High
59,4202,SSD,2.0,2025-09-14,South,561.35,1122.7,High
60,4556,Webcam,3.0,2023-06-16,West,371.54,1114.6200000000001,High
61,4890,Keyboard,1.0,2025-06-25,East,242.62,242.62,High
62,1646,Keyboard,1.0,2025-06-16,East,195.61,195.61,High
63,3068,Keyboard,5.0,2025-03-01,South,190.39,951.9499999999999,High
64,3888,Headphones,3.0,2023-08-30,West,106.46,319.38,High
65,3214,Phone,5.0,2025-06-26,East,2028.37,10141.849999999999,High
66,2297,Monitor,2.0,2025-02-15,North,840.02,1680.04,High
67,3435,Keyboard,2.0,2023-07-18,East,257.17,514.34,High
68,1600,Laptop,3.0,2025-11-22,South,3661.41,10984.23,High
69,3363,Keyboard,2.0,2024-02-12,North,296.81,593.62,High
70,3061,Mouse,3.0,2023-08-09,South,65.75,197.25,High
71,1241,Phone,2.0,2025-12-28,East,2029.89,4059.78,High
72,3041,Webcam,4.0,2025-04-19,East,255.21,1020.84,High
74,4417,SSD,4.0,2024-07-07,East,269.7,1078.8,High
75,3612,Webcam,3.0,2024-07-31,East,99.02,297.06,High
76,3945,Webcam,3.0,2024-06-16,South,254.04,762.12,High
77,2363,SSD,4.0,2023-12-01,South,384.73,1538.92,High
78,3139,Monitor,1.0,2025-10-17,North,967.56,967.56,High
79,2390,SSD,1.0,2023-09-03,North,593.94,593.94,High
80,4003,Headphones,5.0,2024-09-02,West,134.86,674.3000000000001,High
81,2478,Webcam,2.0,2023-11-25,West,262.25,524.5,High
82,4499,Webcam,5.0,2024-06-30,North,163.27,816.35,High
83,3556,SSD,1.0,2023-12-05,South,150.86,150.86,High
84,1775,Monitor,4.0,2025-09-20,West,1981.77,7927.08,High
85,1034,Keyboard,2.0,2025-03-17,North,170.4,340.8,High
86,3253,Mouse,4.0,2025-10-30,East,175.72,702.88,High
87,4152,Laptop,5.0,2024-11-23,North,4520.2,22601.0,High
88,2955,Monitor,3.0,2024-03-05,East,1718.42,5155.26,High
89,2585,Headphones,4.0,2025-12-25,West,329.51,1318.04,High
90,4943,Monitor,5.0,2025-03-16,West,1843.89,9219.45,High
91,4459,Phone,5.0,2024-09-03,East,1424.36,7121.799999999999,High
92,4073,Keyboard,5.0,2023-02-04,East,152.1,760.5,High
93,2021,Keyboard,3.0,2024-07-10,East,113.93,341.79,High
94,4461,Webcam,3.0,2024-05-05,North,223.39,670.17,High
95,3613,Keyboard,3.0,2023-09-11,North,296.63,889.89,High
96,2129,Keyboard,2.0,2023-01-17,West,193.31,386.62,High
97,4843,SSD,3.0,2023-09-18,North,523.99,1571.97,High
98,4893,Keyboard,3.0,2024-12-28,South,115.84,347.52,High
99,2500,Keyboard,3.0,2024-05-15,East,288.98,866.94,High
100,1702,Laptop,4.0,2025-10-12,West,2039.52,8158.08,High
101,3449,Headphones,3.0,2023-10-13,East,565.12,1695.3600000000001,High
102,3777,Webcam,2.0,2023-01-07,East,367.36,734.72,High
103,2579,SSD,5.0,2024-10-20,East,180.31,901.55,High
104,1161,Keyboard,4.0,2025-07-25,East,201.21,804.84,High
105,1201,Webcam,1.0,2023-02-21,East,331.28,331.28,High
106,2981,Headphones,3.0,2023-08-31,West,301.9,905.6999999999999,High
107,1995,SSD,5.0,2024-06-01,East,191.34,956.7,High
108,3317,Mouse,5.0,2025-08-27,South,171.0,855.0,High
109,4934,Keyboard,4.0,2023-04-19,West,166.62,666.48,High
110,1815,Webcam,1.0,2025-07-09,East,164.24,164.24,High
111,4342,Monitor,2.0,2023-03-07,North,606.28,1212.56,High
112,1455,SSD,5.0,2025-10-30,North,438.08,2190.4,High
113,4533,SSD,5.0,2023-07-21,West,169.04,845.1999999999999,High
114,4798,Webcam,5.0,2025-06-19,South,333.15,1665.75,High
115,2275,Keyboard,5.0,2023-08-02,East,242.69,1213.45,High
116,2016,Phone,4.0,2023-03-09,South,1349.0,5396.0,High
117,4773,Laptop,1.0,2025-01-28,South,3416.86,3416.86,High
118,3343,Monitor,5.0,2025-05-15,East,1503.83,7519.15,High
120,3767,Phone,2.0,2025-12-09,South,1684.26,3368.52,High
121,4820,Keyboard,3.0,2025-11-06,North,299.17,897.51,High
122,1337,SSD,5.0,2024-06-06,West,296.3,1481.5,High
123,1878,SSD,5.0,2025-09-14,West,386.92,1934.6000000000001,High
124,2076,Laptop,5.0,2025-09-30,East,2346.85,11734.25,High
125,1791,Monitor,5.0,2024-05-18,East,1334.66,6673.3,High
126,4993,Laptop,5.0,2025-01-25,East,3608.94,18044.7,High
127,3264,Monitor,2.0,2024-04-17,West,1773.22,3546.44,High
128,1763,Keyboard,1.0,2025-05-07,East,299.14,299.14,High
129,3235,Mouse,1.0,2024-06-24,West,197.65,197.65,High
130,1379,Monitor,3.0,2025-05-18,South,854.45,2563.3500000000004,High
131,1492,Mouse,2.0,2025-05-27,South,87.54,175.08,High
132,4112,Monitor,5.0,2025-07-28,East,911.99,4559.95,High
133,2180,SSD,1.0,2025-05-26,South,239.86,239.86,High
134,3062,Headphones,4.0,2025-03-07,South,175.07,700.28,High
135,4884,Keyboard,4.0,2024-04-16,East,177.94,711.76,High
136,1064,Phone,4.0,2025-04-17,South,2283.25,9133.0,High
137,4928,Mouse,5.0,2023-03-25,East,130.28,651.4,High
138,4910,Phone,5.0,2024-01-12,North,2283.53,11417.650000000001,High
139,3568,Keyboard,3.0,2023-07-23,East,289.87,869.61,High
140,2367,Webcam,3.0,2025-10-05,North,202.61,607.83,High
141,2152,Phone,3.0,2024-05-18,West,2220.64,6661.92,High
142,3027,Keyboard,4.0,2024-06-22,South,63.08,252.32,High
143,3695,SSD,5.0,2023-01-17,East,366.48,1832.4,High
145,4134,Mouse,3.0,2024-07-29,North,64.82,194.45999999999998,High
146,2162,Headphones,5.0,2025-10-11,East,319.2,1596.0,High
147,2522,Phone,2.0,2025-11-28,West,1554.29,3108.58,High
148,3640,Mouse,1.0,2023-05-10,North,167.45,167.45,High
149,1391,Monitor,1.0,2023-04-25,South,1803.38,1803.38,High
150,2698,Keyboard,3.0,2025-08-07,South,214.24,642.72,High
151,1418,Laptop,4.0,2025-12-04,North,3900.16,15600.64,High
152,3336,Webcam,2.0,2023-08-04,West,115.26,230.52,High
153,1378,SSD,5.0,2025-04-27,South,408.87,2044.35,High
154,2796,Laptop,4.0,2024-11-19,East,2823.33,11293.32,High
155,4561,SSD,3.0,2025-09-29,North,282.64,847.92,High
156,3278,Keyboard,4.0,2023-09-22,North,73.69,294.76,High
157,4065,SSD,3.0,2024-09-08,North,436.14,1308.42,High
158,3088,Headphones,1.0,2023-10-28,South,391.9,391.9,High
159,4099,Phone,1.0,2025-09-11,East,1174.46,1174.46,High
160,3182,Headphones,4.0,2024-02-10,North,231.52,926.08,High
161,1200,Laptop,2.0,2023-06-10,West,4319.0,8638.0,High
162,2863,Webcam,5.0,2023-01-26,East,333.74,1668.7,High
163,1779,Mouse,3.0,2023-03-24,North,113.82,341.46,High
164,3977,Webcam,5.0,2023-06-22,North,127.68,638.4000000000001,High
166,4119,Keyboard,2.0,2025-03-04,North,117.87,235.74,High
167,1502,Headphones,2.0,2025-12-29,South,465.59,931.18,High
168,3454,Mouse,5.0,2025-04-14,West,132.14,660.6999999999999,High
169,4645,Headphones,1.0,2023-01-06,West,459.05,459.05,High
170,2751,Phone,5.0,2025-03-06,West,1601.97,8009.85,High
171,1804,Monitor,4.0,2024-06-08,South,1632.06,6528.24,High
172,3146,Mouse,2.0,2023-03-04,South,111.74,223.48,High
173,3731,Monitor,2.0,2025-11-02,West,626.02,1252.04,High
174,2895,Webcam,4.0,2025-01-30,East,105.55,422.2,High
175,3773,Phone,1.0,2023-07-24,South,2213.55,2213.55,High
176,2570,SSD,2.0,2025-06-15,South,433.33,866.66,High
177,1960,SSD,3.0,2023-02-09,South,275.61,826.83,High
178,4810,Monitor,3.0,2025-11-20,East,1635.76,4907.28,High
179,3660,Laptop,1.0,2025-05-26,West,2407.21,2407.21,High
180,2485,Webcam,4.0,2025-04-04,North,286.48,1145.92,High
181,3690,Monitor,5.0,2025-06-27,North,1984.23,9921.15,High
182,4840,Phone,1.0,2024-02-02,South,1055.03,1055.03,High
183,2028,Monitor,5.0,2024-09-25,North,712.92,3564.6,High
184,4289,Keyboard,1.0,2025-04-18,East,166.96,166.96,High
185,1502,Headphones,3.0,2024-08-22,East,421.33,1263.99,High
186,3814,Laptop,4.0,2024-09-16,South,2079.64,8318.56,High
187,1397,Keyboard,3.0,2025-07-26,East,174.92,524.76,High
188,1870,Keyboard,4.0,2025-06-02,South,70.79,283.16,High
189,3842,Phone,5.0,2024-02-29,East,1210.25,6051.25,High
190,1392,Headphones,1.0,2024-01-22,East,456.2,456.2,High
191,1206,Headphones,2.0,2025-09-30,North,469.43,938.86,High
192,2038,Mouse,2.0,2025-05-07,East,154.05,308.1,High
193,2881,Webcam,4.0,2024-09-14,South,100.85,403.4,High
194,4625,Laptop,4.0,2023-03-31,South,4360.29,17441.16,High
195,3939,Webcam,3.0,2024-01-20,North,218.31,654.9300000000001,High
197,4762,Laptop,3.0,2024-10-08,East,3259.07,9777.210000000001,High
198,4646,Mouse,5.0,2024-02-26,North,175.69,878.45,High
199,1863,Monitor,2.0,2025-05-23,East,1519.96,3039.92,High
200,3790,Keyboard,5.0,2023-02-22,West,175.01,875.05,High
201,4312,Laptop,1.0,2025-09-12,South,4502.86,4502.86,High
202,1563,Webcam,3.0,2025-10-10,North,337.72,1013.1600000000001,High
203,2020,Keyboard,4.0,2024-11-15,North,51.26,205.04,High
204,1095,Phone,2.0,2023-06-28,North,1614.1,3228.2,High
205,2923,Webcam,3.0,2023-10-20,North,93.52,280.56,High
206,2757,Monitor,4.0,2024-01-10,East,960.78,3843.12,High
208,4478,SSD,2.0,2025-12-13,East,574.82,1149.64,High
209,3278,Monitor,5.0,2025-03-06,North,863.1,4315.5,High
210,3796,Monitor,1.0,2023-01-16,North,532.14,532.14,High
211,2678,Keyboard,4.0,2023-06-25,North,150.58,602.32,High
212,4242,Phone,2.0,2023-05-09,North,1369.7,2739.4,High
213,1540,Phone,2.0,2025-06-02,North,1950.84,3901.68,High
214,2059,Laptop,1.0,2024-03-01,East,3485.17,3485.17,High
215,3572,Webcam,2.0,2023-12-20,East,207.63,415.26,High
216,2183,SSD,4.0,2025-01-19,North,253.3,1013.2,High
217,4910,Phone,1.0,2025-01-13,East,2208.42,2208.42,High
218,2722,Laptop,5.0,2025-10-23,North,2745.17,13725.85,High
219,4314,SSD,1.0,2024-04-23,North,174.63,174.63,High
220,4157,Headphones,1.0,2025-09-02,West,382.31,382.31,High
221,2819,Headphones,5.0,2023-02-13,West,258.67,1293.3500000000001,High
222,3625,SSD,4.0,2023-06-04,West,470.6,1882.4,High
223,3729,Headphones,3.0,2025-08-04,North,140.44,421.32,High
224,3604,Mouse,3.0,2025-07-16,West,194.27,582.8100000000001,High
225,2597,Phone,5.0,2023-04-09,East,1117.66,5588.3,High
226,4060,Mouse,4.0,2023-06-20,East,90.7,362.8,High
227,3693,Webcam,2.0,2023-05-28,West,233.91,467.82,High
228,1795,Phone,5.0,2023-05-03,West,2313.2,11566.0,High
229,2051,Laptop,3.0,2023-04-22,East,4167.62,12502.86,High
230,2643,Mouse,4.0,2025-10-19,West,54.62,218.48,High
231,4627,Mouse,1.0,2025-10-08,South,104.56,104.56,High
232,2363,Webcam,4.0,2023-03-09,East,253.73,1014.92,High
233,4869,Mouse,4.0,2025-04-07,North,149.36,597.44,High
234,2981,Monitor,3.0,2025-06-10,West,1357.72,4073.16,High
235,2354,Laptop,3.0,2025-10-25,East,3372.0,10116.0,High
236,2663,Headphones,2.0,2023-08-18,West,482.77,965.54,High
237,2529,Laptop,2.0,2023-06-09,South,3134.17,6268.34,High
238,3038,Monitor,5.0,2023-07-05,East,1980.76,9903.8,High
239,4419,Webcam,1.0,2025-10-10,South,383.29,383.29,High
240,2496,Webcam,2.0,2025-05-26,East,306.36,612.72,High
241,4302,Phone,3.0,2024-07-05,East,2300.44,6901.32,High
242,3237,Laptop,4.0,2023-05-27,North,3179.53,12718.12,High
243,4296,SSD,5.0,2024-03-11,South,411.66,2058.3,High
244,2408,SSD,2.0,2025-01-01,East,272.69,545.38,High
245,2400,Webcam,4.0,2023-03-01,South,363.4,1453.6,High
246,2306,Mouse,4.0,2025-04-22,South,110.07,440.28,High
247,3680,Webcam,2.0,2024-02-08,North,251.57,503.14,High
248,3675,Webcam,1.0,2025-05-30,North,356.66,356.66,High
249,1972,Webcam,1.0,2024-09-06,West,335.13,335.13,High
250,2768,Webcam,5.0,2023-12-02,West,182.96,914.8000000000001,High
251,2282,SSD,1.0,2025-04-10,East,189.34,189.34,High
252,4430,SSD,5.0,2023-10-12,North,222.94,1114.7,High
253,1709,Headphones,3.0,2023-05-09,East,269.55,808.6500000000001,High
254,2479,Headphones,2.0,2023-11-11,East,252.65,505.3,High
255,2434,Phone,4.0,2025-08-17,East,865.13,3460.52,High
256,1648,Webcam,5.0,2023-03-12,South,218.26,1091.3,High
257,1317,SSD,1.0,2023-12-11,North,197.63,197.63,High
258,4748,Laptop,5.0,2023-06-25,East,2662.67,13313.35,High
259,4296,Monitor,5.0,2025-06-02,South,1681.22,8406.1,High
260,4890,Phone,1.0,2023-05-23,West,1641.3,1641.3,High
261,2257,SSD,1.0,2025-07-19,East,317.83,317.83,High
262,1683,Laptop,2.0,2025-11-12,South,2556.31,5112.62,High
263,1663,Webcam,4.0,2023-06-30,East,357.21,1428.84,High
264,2998,Keyboard,2.0,2025-12-04,South,275.92,551.84,High
265,4898,Webcam,2.0,2023-04-02,North,245.98,491.96,High
266,4445,Headphones,1.0,2023-02-03,South,560.64,560.64,High
267,4743,Monitor,1.0,2024-11-08,North,1197.18,1197.18,High
268,2631,SSD,4.0,2025-01-28,North,198.26,793.04,High
269,2495,SSD,5.0,2024-01-17,North,157.67,788.3499999999999,High
270,4304,Mouse,2.0,2025-08-23,North,51.82,103.64,High
271,4763,Monitor,4.0,2024-01-22,North,1433.98,5735.92,High
272,2136,Mouse,2.0,2024-06-18,East,84.55,169.1,High
273,2853,Monitor,5.0,2023-07-19,North,1472.46,7362.3,High
274,2520,Headphones,2.0,2023-10-02,South,353.99,707.98,High
275,3489,Mouse,3.0,2024-05-15,South,86.61,259.83,High
276,1563,Laptop,4.0,2024-04-03,North,2656.04,10624.16,High
277,2291,Mouse,1.0,2023-02-19,West,43.78,43.78,Low
278,4581,Phone,2.0,2025-08-27,East,2130.06,4260.12,High
279,4878,Laptop,4.0,2025-09-14,West,4457.01,17828.04,High
280,4457,Phone,4.0,2024-06-15,South,1720.47,6881.88,High
281,4458,Webcam,2.0,2025-09-30,East,130.27,260.54,High
282,4184,Monitor,1.0,2024-09-19,West,895.29,895.29,High
283,2636,Laptop,1.0,2023-12-05,South,4865.44,4865.44,High
284,4696,Monitor,2.0,2025-12-12,East,838.91,1677.82,High
285,3999,Webcam,4.0,2023-01-04,East,98.18,392.72,High
286,4152,Keyboard,1.0,2023-10-08,West,187.51,187.51,High
287,1698,SSD,2.0,2023-03-14,North,267.86,535.72,High
288,3160,Monitor,2.0,2025-02-06,East,1936.15,3872.3,High
289,1001,Webcam,2.0,2025-08-28,North,263.93,527.86,High
290,1641,Monitor,4.0,2025-09-24,West,1948.72,7794.88,High
291,3267,Webcam,1.0,2023-07-27,East,331.38,331.38,High
292,2589,Phone,4.0,2023-09-17,West,2029.24,8116.96,High
293,1854,Webcam,3.0,2025-07-18,West,345.72,1037.16,High
294,2759,Mouse,1.0,2023-09-20,East,132.83,132.83,High
295,4296,Keyboard,4.0,2025-02-21,East,52.78,211.12,High
296,3432,Monitor,1.0,2024-05-19,East,1088.7,1088.7,High
297,4474,Webcam,3.0,2023-07-22,South,150.09,450.27,High
298,2661,Webcam,5.0,2023-02-21,South,218.98,1094.8999999999999,High
299,2153,Monitor,2.0,2023-12-29,North,1205.82,2411.64,High
300,2076,SSD,4.0,2023-02-14,South,207.52,830.08,High
301,2707,Keyboard,3.0,2025-04-06,West,55.86,167.57999999999998,High
302,3777,Keyboard,3.0,2025-02-27,North,84.55,253.64999999999998,High
303,2695,Webcam,1.0,2025-02-09,East,354.38,354.38,High
304,2733,Laptop,1.0,2023-05-22,North,4267.56,4267.56,High
305,2439,Phone,2.0,2025-03-07,South,2158.12,4316.24,High
306,3294,Keyboard,1.0,2023-02-06,North,119.08,119.08,High
307,1835,Keyboard,4.0,2023-02-14,South,109.02,436.08,High
308,4510,Headphones,4.0,2025-07-08,North,118.69,474.76,High
310,4255,Keyboard,5.0,2024-07-18,East,145.6,728.0,High
311,1122,Phone,4.0,2023-10-28,East,2221.01,8884.04,High
312,1400,Mouse,1.0,2023-10-15,East,145.92,145.92,High
313,1766,Mouse,1.0,2025-02-24,West,54.53,54.53,Low
314,1293,Monitor,4.0,2023-09-26,East,1980.73,7922.92,High
315,3327,Monitor,3.0,2025-03-01,North,1655.96,4967.88,High
316,4908,Monitor,3.0,2025-12-21,North,1580.36,4741.08,High
317,3931,Monitor,3.0,2024-08-03,North,824.92,2474.7599999999998,High
318,4681,Headphones,2.0,2025-07-24,South,552.58,1105.16,High
319,1197,Keyboard,5.0,2023-12-20,East,168.48,842.4,High
320,4029,Monitor,4.0,2025-08-25,West,946.48,3785.92,High
321,2930,Webcam,2.0,2023-03-12,East,289.55,579.1,High
322,4582,Laptop,3.0,2025-04-14,East,2635.26,7905.780000000001,High
323,3799,Monitor,4.0,2024-02-17,North,1861.35,7445.4,High
324,3191,Keyboard,2.0,2024-09-03,North,263.59,527.18,High
325,1608,Monitor,1.0,2025-12-20,West,1197.37,1197.37,High
326,4272,Headphones,3.0,2024-09-06,North,195.33,585.99,High
327,2147,Phone,2.0,2024-06-12,West,1644.06,3288.12,High
328,1186,Phone,1.0,2023-07-10,North,1053.53,1053.53,High
329,4397,Keyboard,3.0,2023-03-19,West,117.46,352.38,High
330,3511,Webcam,5.0,2025-06-07,East,234.47,1172.35,High
331,4420,Phone,3.0,2025-08-06,East,835.94,2507.82,High
332,2794,SSD,5.0,2023-01-17,West,494.58,2472.9,High
333,1659,Phone,5.0,2025-03-25,South,1134.76,5673.8,High
334,3811,Laptop,5.0,2024-03-09,North,4599.83,22999.15,High
335,4002,Keyboard,4.0,2025-12-02,North,55.56,222.24,High
336,2955,Webcam,4.0,2025-12-27,North,250.28,1001.12,High
337,3450,Keyboard,5.0,2023-07-31,South,244.16,1220.8,High
338,2369,Phone,1.0,2023-07-22,West,1204.51,1204.51,High
339,2986,Phone,5.0,2024-12-26,North,2002.84,10014.199999999999,High
340,2534,Phone,2.0,2023-04-19,West,2025.48,4050.96,High
341,1146,Mouse,5.0,2025-08-25,West,138.43,692.1500000000001,High
342,4219,Headphones,4.0,2023-10-11,East,282.13,1128.52,High
343,3911,Monitor,4.0,2025-07-29,West,1677.6,6710.4,High
344,2734,SSD,2.0,2025-01-06,East,432.8,865.6,High
345,2843,Headphones,2.0,2025-07-20,East,395.19,790.38,High
346,1488,Keyboard,3.0,2024-08-25,East,254.79,764.37,High
347,3976,SSD,1.0,2024-05-05,East,260.09,260.09,High
348,2959,Laptop,1.0,2023-01-19,North,2697.46,2697.46,High
349,2663,Monitor,1.0,2025-03-11,North,1079.67,1079.67,High
350,3598,Laptop,4.0,2025-01-29,East,2219.4,8877.6,High
351,3385,Webcam,1.0,2025-07-17,North,187.97,187.97,High
352,3919,Mouse,3.0,2023-10-25,West,99.07,297.21,High
353,1640,Keyboard,3.0,2024-12-05,East,173.76,521.28,High
354,2802,Mouse,1.0,2025-03-25,South,73.18,73.18,Low
355,3520,Keyboard,2.0,2025-03-13,North,276.71,553.42,High
356,2969,Laptop,3.0,2024-01-08,South,2855.24,8565.72,High
357,3198,Laptop,2.0,2025-07-16,South,4554.65,9109.3,High
358,2438,Laptop,4.0,2025-08-08,North,3334.86,13339.44,High
359,4369,Keyboard,3.0,2025-04-23,West,229.54,688.62,High
360,2634,Phone,2.0,2025-08-04,North,988.53,1977.06,High
361,1262,Laptop,1.0,2024-03-18,East,3633.91,3633.91,High
362,2787,Mouse,4.0,2023-05-22,North,193.34,773.36,High
363,3191,Webcam,5.0,2024-02-06,West,293.2,1466.0,High
364,3393,Monitor,5.0,2025-04-02,East,1730.43,8652.15,High
365,1623,Keyboard,1.0,2023-08-10,East,115.27,115.27,High
366,2016,SSD,4.0,2025-01-06,East,510.08,2040.32,High
367,4643,Mouse,4.0,2025-09-20,East,89.71,358.84,High
368,1880,Headphones,4.0,2023-04-23,North,342.54,1370.16,High
369,3049,Webcam,4.0,2025-12-29,South,140.15,560.6,High
370,3944,Headphones,5.0,2024-08-20,North,342.85,1714.25,High
371,2327,Monitor,2.0,2025-06-22,South,1273.55,2547.1,High
372,3301,Phone,4.0,2024-04-29,South,1857.96,7431.84,High
373,4723,Laptop,2.0,2024-07-04,West,4605.9,9211.8,High
374,1452,Keyboard,4.0,2025-10-30,North,126.21,504.84,High
376,2183,SSD,3.0,2024-10-23,West,531.46,1594.38,High
377,4062,Laptop,3.0,2023-03-08,West,3208.77,9626.31,High
378,3056,Mouse,4.0,2024-12-05,West,68.53,274.12,High
379,4304,Keyboard,2.0,2023-04-08,East,67.87,135.74,High
380,4170,Headphones,5.0,2025-12-16,North,217.18,1085.9,High
381,2682,Laptop,1.0,2023-03-29,West,4653.57,4653.57,High
382,3863,Monitor,5.0,2025-08-29,North,938.05,4690.25,High
383,3255,Phone,4.0,2024-10-14,North,1034.57,4138.28,High
384,2154,Monitor,3.0,2024-10-17,North,534.01,1602.03,High
385,1403,Phone,3.0,2025-06-30,East,1306.06,3918.18,High
386,3199,Webcam,2.0,2024-01-06,North,149.17,298.34,High
387,3101,Mouse,4.0,2024-01-10,East,47.37,189.48,High
388,4191,Laptop,5.0,2023-02-21,North,4853.26,24266.300000000003,High
389,2696,Laptop,4.0,2023-02-10,North,2802.87,11211.48,High
390,4991,Webcam,4.0,2025-03-26,South,81.98,327.92,High
392,1586,Headphones,5.0,2023-02-08,West,389.26,1946.3,High
393,2648,Keyboard,1.0,2025-11-02,West,70.7,70.7,Low
394,2443,Monitor,3.0,2025-06-18,North,547.13,1641.3899999999999,High
395,2445,Webcam,5.0,2024-09-12,West,114.51,572.5500000000001,High
396,1103,SSD,2.0,2023-04-14,East,416.17,832.34,High
397,4923,SSD,3.0,2025-01-12,South,177.84,533.52,High
398,1253,Mouse,2.0,2023-02-12,East,126.58,253.16,High
399,4298,Webcam,3.0,2023-07-28,West,288.81,866.4300000000001,High
400,4183,Monitor,4.0,2024-08-22,North,721.37,2885.48,High
401,3557,Monitor,5.0,2024-08-27,North,1232.65,6163.25,High
402,2496,Mouse,2.0,2024-04-20,South,193.86,387.72,High
403,1098,Mouse,3.0,2023-04-19,North,172.2,516.5999999999999,High
405,2884,Monitor,3.0,2024-02-13,East,1276.6,3829.7999999999997,High
406,3961,Keyboard,3.0,2025-02-09,West,148.57,445.71,High
407,2919,SSD,1.0,2024-09-24,South,353.15,353.15,High
408,1877,Keyboard,1.0,2023-03-18,North,241.15,241.15,High
409,1337,Phone,1.0,2023-04-05,East,1742.31,1742.31,High
410,4777,Webcam,2.0,2023-09-26,South,324.69,649.38,High
411,3869,Mouse,4.0,2023-12-27,West,194.88,779.52,High
412,4234,Laptop,3.0,2024-06-13,West,3921.54,11764.619999999999,High
413,4791,Keyboard,5.0,2024-11-13,West,200.78,1003.9,High
414,1956,Headphones,1.0,2023-06-11,East,303.08,303.08,High
415,2704,SSD,2.0,2024-04-09,South,238.54,477.08,High
416,1160,Laptop,2.0,2025-04-02,North,3122.6,6245.2,High
417,2603,Laptop,2.0,2024-07-01,East,3560.29,7120.58,High
418,3848,Keyboard,5.0,2023-02-21,West,58.71,293.55,High
419,1397,Headphones,5.0,2024-05-02,North,337.9,1689.5,High
420,2300,Phone,1.0,2023-04-02,North,2265.65,2265.65,High
421,1815,Keyboard,5.0,2024-10-12,West,294.16,1470.8000000000002,High
422,4987,Headphones,1.0,2023-12-23,North,527.77,527.77,High
423,2527,Laptop,5.0,2024-12-19,North,2515.95,12579.75,High
424,2919,SSD,5.0,2023-07-18,West,219.76,1098.8,High
425,2415,Headphones,5.0,2025-03-25,North,296.66,1483.3000000000002,High
426,2158,Laptop,1.0,2023-08-05,North,2676.29,2676.29,High
427,2218,Webcam,3.0,2024-07-09,East,296.32,888.96,High
428,1400,Keyboard,1.0,2025-03-13,East,71.14,71.14,Low
429,1639,Mouse,3.0,2024-12-01,South,105.43,316.29,High
430,4104,Keyboard,2.0,2024-05-17,South,120.09,240.18,High
431,3735,Webcam,2.0,2024-04-13,East,270.53,541.06,High
432,1459,Monitor,1.0,2024-01-01,East,1695.6,1695.6,High
433,1954,Monitor,3.0,2024-09-15,North,1885.34,5656.0199999999995,High
434,4954,Monitor,3.0,2025-07-08,North,1945.78,5837.34,High
435,1469,Keyboard,3.0,2024-07-14,East,137.8,413.40000000000003,High
436,4446,Phone,2.0,2025-04-02,East,2254.94,4509.88,High
437,2045,Keyboard,1.0,2025-08-24,East,197.99,197.99,High
438,3797,SSD,4.0,2024-10-24,East,461.51,1846.04,High
439,2693,Webcam,3.0,2025-01-20,East,352.36,1057.08,High
440,3085,SSD,3.0,2024-01-18,North,208.55,625.6500000000001,High
441,3277,Webcam,4.0,2023-11-05,West,383.17,1532.68,High
442,4436,Mouse,1.0,2023-06-25,West,123.06,123.06,High
443,1562,Headphones,3.0,2023-08-16,East,268.0,804.0,High
444,3485,Keyboard,1.0,2023-12-13,North,134.68,134.68,High
445,2799,Keyboard,3.0,2025-10-17,East,237.75,713.25,High
446,4354,Laptop,5.0,2023-12-16,East,4035.98,20179.9,High
447,3074,Webcam,3.0,2024-03-30,North,313.43,940.29,High
449,4348,Laptop,1.0,2025-01-30,East,2510.59,2510.59,High
450,1797,Keyboard,3.0,2024-05-29,West,230.46,691.38,High
451,4680,Phone,2.0,2023-10-15,North,1307.42,2614.84,High
452,3331,Headphones,2.0,2023-01-08,North,211.22,422.44,High
453,3926,Headphones,4.0,2023-03-28,East,207.3,829.2,High
454,1959,SSD,2.0,2025-09-24,West,216.78,433.56,High
456,1452,Mouse,2.0,2023-03-15,East,74.36,148.72,High
457,4067,Webcam,2.0,2025-03-16,North,366.04,732.08,High
458,4900,Phone,2.0,2023-06-07,East,1971.54,3943.08,High
459,1815,Phone,3.0,2024-03-05,West,2064.57,6193.710000000001,High
460,1658,Headphones,4.0,2025-04-25,East,301.81,1207.24,High
461,4587,Monitor,1.0,2023-02-05,West,1400.31,1400.31,High
462,1546,Laptop,4.0,2025-10-17,East,3502.39,14009.56,High
463,2215,Laptop,5.0,2025-08-31,West,2502.35,12511.75,High
464,4120,Headphones,3.0,2025-10-14,North,123.93,371.79,High
465,4583,Webcam,3.0,2024-12-13,North,298.73,896.19,High
466,1016,Phone,2.0,2025-12-05,North,1005.99,2011.98,High
467,4243,Webcam,2.0,2024-05-02,South,98.35,196.7,High
468,2243,Mouse,5.0,2024-09-10,South,105.12,525.6,High
469,3205,Monitor,3.0,2023-06-19,East,1607.04,4821.12,High
470,3524,Headphones,1.0,2023-05-26,West,484.43,484.43,High
471,2069,Laptop,4.0,2025-05-17,East,4620.41,18481.64,High
472,4444,Keyboard,3.0,2024-02-24,North,99.8,299.4,High
473,3565,Webcam,1.0,2024-07-26,West,395.4,395.4,High
474,3146,Phone,1.0,2025-10-23,East,2097.46,2097.46,High
475,4963,Keyboard,4.0,2025-03-09,East,89.3,357.2,High
476,2768,Mouse,1.0,2023-11-17,West,172.92,172.92,High
477,2060,Headphones,5.0,2023-09-03,West,349.48,1747.4,High
478,3327,Webcam,1.0,2024-04-21,East,101.29,101.29,High
479,4420,Laptop,5.0,2025-02-21,West,2396.13,11980.650000000001,High
480,3544,Webcam,1.0,2024-06-16,East,218.85,218.85,High
481,1301,Monitor,2.0,2023-08-25,South,1295.76,2591.52,High
482,1180,SSD,1.0,2025-09-01,East,576.37,576.37,High
483,1606,Keyboard,5.0,2024-11-09,South,103.93,519.6500000000001,High
484,4170,Monitor,1.0,2024-08-01,South,1211.16,1211.16,High
485,1699,Mouse,1.0,2023-05-10,East,68.4,68.4,Low
486,1992,Laptop,1.0,2023-01-11,North,3675.2,3675.2,High
487,2139,Keyboard,5.0,2023-09-14,East,277.33,1386.6499999999999,High
488,1190,Mouse,1.0,2025-03-26,East,126.52,126.52,High
489,3300,Monitor,4.0,2024-01-04,West,1265.11,5060.44,High
491,3975,SSD,5.0,2025-05-31,West,216.43,1082.15,High
492,3006,Keyboard,2.0,2023-01-19,West,276.4,552.8,High
493,2184,Laptop,4.0,2023-04-20,East,3732.9,14931.6,High
494,4327,Monitor,3.0,2024-05-19,East,1529.46,4588.38,High
495,4394,Headphones,4.0,2025-11-23,South,509.48,2037.92,High
496,1127,SSD,3.0,2025-09-29,West,435.77,1307.31,High
497,3065,Mouse,5.0,2023-09-12,East,139.0,695.0,High
498,2816,Keyboard,2.0,2024-09-29,South,232.41,464.82,High
499,2758,Phone,3.0,2023-05-14,South,888.8,2666.3999999999996,High
500,3613,Phone,3.0,2024-05-13,East,1449.76,4349.28,High
501,1569,Laptop,4.0,2024-02-01,North,4888.81,19555.24,High
502,2346,Headphones,3.0,2024-10-08,East,228.97,686.91,High
503,2895,Monitor,5.0,2024-11-15,North,1313.38,6566.900000000001,High
504,3733,Phone,5.0,2023-01-19,East,1098.23,5491.15,High
505,4863,Laptop,5.0,2025-10-07,East,2969.82,14849.1,High
506,1625,Mouse,4.0,2023-04-29,West,151.9,607.6,High
507,4359,SSD,2.0,2023-10-29,East,439.39,878.78,High
508,3901,Headphones,4.0,2023-08-15,East,307.16,1228.64,High
509,2686,Headphones,5.0,2023-12-22,West,569.04,2845.2,High
510,4009,Webcam,4.0,2024-12-01,East,328.01,1312.04,High
511,4710,Laptop,5.0,2024-05-01,West,2803.77,14018.85,High
512,1154,Laptop,1.0,2023-08-11,North,3396.34,3396.34,High
513,3537,Webcam,1.0,2025-09-21,West,360.97,360.97,High
514,2409,SSD,3.0,2024-05-14,North,160.11,480.33000000000004,High
515,1784,Monitor,2.0,2025-11-11,West,1372.2,2744.4,High
516,4175,Laptop,1.0,2023-12-31,South,2695.88,2695.88,High
517,4464,Webcam,5.0,2025-12-03,North,100.42,502.1,High
518,4882,Monitor,4.0,2024-06-02,North,1869.29,7477.16,High
519,1245,SSD,4.0,2024-06-12,North,517.33,2069.32,High
520,4247,Monitor,3.0,2023-07-05,South,777.94,2333.82,High
521,4110,Keyboard,4.0,2025-03-08,East,259.24,1036.96,High
522,2500,Headphones,1.0,2025-09-08,West,173.21,173.21,High
523,2705,Mouse,4.0,2023-12-14,South,110.95,443.8,High
524,3806,Headphones,1.0,2025-07-10,North,462.89,462.89,High
525,1537,Headphones,1.0,2025-07-09,East,366.9,366.9,High
526,2890,Keyboard,2.0,2025-08-14,North,262.7,525.4,High
527,2841,Monitor,3.0,2023-12-27,West,1425.32,4275.96,High
528,1920,Monitor,5.0,2023-07-01,South,1147.93,5739.650000000001,High
529,3455,Laptop,1.0,2023-04-07,East,4775.49,4775.49,High
530,1524,Keyboard,3.0,2024-07-16,North,59.07,177.21,High
531,3875,Laptop,5.0,2023-11-10,North,3465.2,17326.0,High
532,2529,Keyboard,4.0,2025-08-12,East,215.2,860.8,High
533,3950,Laptop,3.0,2023-01-21,South,4508.18,13524.54,High
534,4896,Phone,3.0,2025-03-15,West,1719.97,5159.91,High
535,1035,Webcam,3.0,2024-07-29,East,363.37,1090.1100000000001,High
536,1684,Headphones,4.0,2024-02-07,West,313.14,1252.56,High
537,1019,Headphones,4.0,2024-09-04,West,258.56,1034.24,High
538,3368,SSD,3.0,2025-08-27,North,588.22,1764.66,High
539,4847,Mouse,2.0,2024-11-23,West,143.42,286.84,High
540,3559,Webcam,1.0,2025-08-16,North,216.25,216.25,High
541,1399,Monitor,4.0,2025-05-21,East,1817.28,7269.12,High
542,3701,Mouse,2.0,2025-04-19,East,146.12,292.24,High
543,1971,Phone,4.0,2023-04-13,South,1884.49,7537.96,High
544,2906,SSD,3.0,2023-11-29,North,477.84,1433.52,High
545,3518,Mouse,2.0,2025-01-22,East,155.51,311.02,High
546,2166,SSD,5.0,2023-05-14,West,371.84,1859.1999999999998,High
547,2115,Headphones,1.0,2024-02-29,West,309.65,309.65,High
548,4425,Monitor,1.0,2025-07-25,East,1863.92,1863.92,High
549,1833,Phone,4.0,2024-05-19,North,1645.32,6581.28,High
550,2823,Headphones,1.0,2025-05-20,West,207.91,207.91,High
551,3774,Webcam,5.0,2023-07-09,West,246.91,1234.55,High
552,2982,Laptop,2.0,2024-09-03,South,2103.27,4206.54,High
553,1853,Keyboard,2.0,2023-02-21,North,230.83,461.66,High
554,1050,Phone,3.0,2024-09-03,West,1015.87,3047.61,High
555,4736,Monitor,2.0,2024-01-09,West,667.59,1335.18,High
556,4769,SSD,4.0,2024-01-10,North,575.86,2303.44,High
557,1574,Mouse,5.0,2024-01-24,West,161.33,806.6500000000001,High
558,4261,Webcam,3.0,2024-11-04,East,212.55,637.6500000000001,High
559,2148,Mouse,4.0,2025-03-14,West,70.73,282.92,High
561,3361,Webcam,4.0,2024-08-15,East,389.95,1559.8,High
562,3617,Monitor,1.0,2025-01-01,North,1262.53,1262.53,High
563,4413,Phone,4.0,2024-05-19,West,1786.13,7144.52,High
564,3352,Monitor,1.0,2023-03-24,South,864.58,864.58,High
566,1681,Headphones,1.0,2025-12-26,North,300.3,300.3,High
567,1837,Webcam,4.0,2024-02-18,East,350.59,1402.36,High
568,4854,Laptop,5.0,2024-03-28,South,3131.34,15656.7,High
569,2077,Headphones,5.0,2025-01-15,North,424.39,2121.95,High
570,4050,Laptop,2.0,2023-07-17,North,2610.4,5220.8,High
571,3491,Mouse,4.0,2023-09-16,North,45.41,181.64,High
572,3660,SSD,1.0,2023-10-25,East,168.16,168.16,High
573,4040,Webcam,5.0,2023-10-27,South,213.01,1065.05,High
574,3311,Headphones,3.0,2023-05-09,North,181.76,545.28,High
575,4124,Headphones,4.0,2024-05-12,North,596.74,2386.96,High
576,2595,Phone,4.0,2024-03-13,East,2157.25,8629.0,High
577,4051,Keyboard,3.0,2023-07-26,North,223.34,670.02,High
578,4691,Mouse,5.0,2023-10-21,South,166.56,832.8,High
579,1004,Monitor,3.0,2023-01-29,East,894.12,2682.36,High
580,2126,Mouse,2.0,2023-06-28,East,179.47,358.94,High
581,2219,Monitor,1.0,2023-02-10,East,1993.45,1993.45,High
582,1773,Webcam,1.0,2023-12-10,South,172.75,172.75,High
583,1876,Monitor,5.0,2025-03-26,North,1976.97,9884.85,High
584,1991,SSD,3.0,2025-01-06,West,294.18,882.54,High
585,3931,Laptop,4.0,2024-09-17,West,2035.17,8140.68,High
586,4421,Monitor,4.0,2023-10-05,East,1050.82,4203.28,High
587,1046,Monitor,4.0,2024-06-12,South,1996.27,7985.08,High
588,3914,Phone,2.0,2023-03-27,East,1879.76,3759.52,High
589,3870,Headphones,2.0,2023-11-13,West,447.74,895.48,High
590,3983,Mouse,4.0,2024-11-23,East,70.52,282.08,High
591,4891,Mouse,5.0,2025-05-12,West,54.81,274.05,High
592,3703,Webcam,2.0,2023-11-11,South,363.36,726.72,High
593,1268,Webcam,2.0,2023-08-13,East,212.29,424.58,High
594,1369,SSD,1.0,2025-12-13,East,151.85,151.85,High
595,1635,Monitor,1.0,2023-03-09,East,941.37,941.37,High
596,2129,Keyboard,5.0,2025-10-17,East,98.93,494.65000000000003,High
597,2693,Mouse,2.0,2025-05-05,East,132.64,265.28,High
598,2682,Webcam,2.0,2025-12-31,West,321.96,643.92,High
599,1656,Monitor,3.0,2025-06-01,West,1246.25,3738.75,High
600,1119,Webcam,5.0,2025-08-28,North,139.49,697.45,High
601,1830,SSD,5.0,2023-07-19,East,176.08,880.4000000000001,High
602,2810,Laptop,3.0,2023-11-28,West,2940.6,8821.8,High
603,4675,Laptop,3.0,2024-06-30,North,4417.89,13253.670000000002,High
604,2081,Webcam,1.0,2023-03-07,South,214.24,214.24,High
605,2974,Laptop,5.0,2024-12-31,North,2756.75,13783.75,High
606,2369,Webcam,5.0,2024-07-21,North,86.63,433.15,High
607,1740,Monitor,3.0,2024-10-18,West,1244.09,3732.2699999999995,High
608,4545,Phone,4.0,2024-02-08,South,1964.2,7856.8,High
609,1116,Keyboard,4.0,2024-09-09,East,97.58,390.32,High
610,2853,Monitor,1.0,2024-08-18,North,1305.78,1305.78,High
611,3838,Phone,4.0,2024-10-09,North,1515.26,6061.04,High
612,2150,Phone,4.0,2023-05-26,West,1996.71,7986.84,High
613,4464,Mouse,4.0,2025-01-30,East,176.3,705.2,High
614,2931,Monitor,2.0,2023-05-05,North,960.57,1921.14,High
615,2012,Monitor,1.0,2024-04-24,West,1857.16,1857.16,High
616,2664,Webcam,3.0,2025-09-28,South,306.22,918.6600000000001,High
617,2081,Phone,4.0,2024-12-12,South,863.18,3452.72,High
618,1633,Phone,2.0,2024-12-15,East,2145.11,4290.22,High
619,1512,Phone,4.0,2025-03-25,North,1640.87,6563.48,High
620,4822,Webcam,2.0,2025-11-19,East,382.55,765.1,High
621,3849,Mouse,1.0,2023-02-25,East,85.02,85.02,Low
622,2119,Monitor,4.0,2023-05-12,North,1386.82,5547.28,High
623,4709,Phone,2.0,2023-08-19,East,2425.45,4850.9,High
624,2141,Laptop,5.0,2024-01-30,South,2813.48,14067.4,High
625,1559,Monitor,5.0,2025-09-08,East,1207.93,6039.650000000001,High
626,4672,Webcam,2.0,2025-08-20,North,320.8,641.6,High
627,1487,Mouse,4.0,2025-07-21,West,147.49,589.96,High
628,4308,Laptop,4.0,2025-06-26,West,4516.11,18064.44,High
629,4956,Webcam,1.0,2024-06-16,North,246.33,246.33,High
630,1896,Headphones,1.0,2025-08-22,West,259.46,259.46,High
631,4343,Monitor,3.0,2024-03-23,East,1302.63,3907.8900000000003,High
632,2212,Headphones,1.0,2023-05-06,East,274.98,274.98,High
633,1703,Webcam,4.0,2024-07-08,West,136.46,545.84,High
634,2470,Webcam,3.0,2024-11-24,North,257.59,772.77,High
635,1580,Webcam,1.0,2024-05-03,North,95.48,95.48,Low
636,3837,Phone,2.0,2024-09-03,North,862.18,1724.36,High
637,3908,Mouse,5.0,2025-06-09,South,40.98,204.89999999999998,High
638,3294,Phone,1.0,2024-03-21,South,1943.44,1943.44,High
639,4147,Mouse,1.0,2024-05-22,East,99.19,99.19,Low
640,1153,Keyboard,2.0,2024-04-01,North,173.53,347.06,High
641,2679,Phone,4.0,2025-09-12,East,1383.78,5535.12,High
642,4506,Headphones,2.0,2024-01-20,North,226.82,453.64,High
643,1996,Mouse,1.0,2024-12-12,South,90.91,90.91,Low
645,3744,Monitor,3.0,2024-03-27,East,1518.14,4554.42,High
646,4356,Webcam,1.0,2024-10-15,West,112.56,112.56,High
647,2243,Mouse,2.0,2024-06-04,North,117.87,235.74,High
648,2092,Mouse,3.0,2024-06-21,East,111.06,333.18,High
649,4118,Phone,5.0,2023-05-25,West,1313.27,6566.35,High
650,2008,Keyboard,3.0,2025-12-27,West,75.57,226.70999999999998,High
651,3141,Phone,2.0,2024-11-30,East,1995.71,3991.42,High
652,2773,SSD,3.0,2023-05-11,South,406.29,1218.8700000000001,High
653,1957,Headphones,2.0,2025-01-02,South,504.74,1009.48,High
654,4059,Headphones,1.0,2024-05-27,South,217.76,217.76,High
655,1452,Mouse,4.0,2024-10-01,East,164.57,658.28,High
656,2227,Mouse,5.0,2023-01-01,South,79.63,398.15,High
657,3959,Phone,4.0,2024-03-07,East,991.4,3965.6,High
658,3265,Headphones,4.0,2024-01-26,North,167.46,669.84,High
659,3521,Headphones,4.0,2024-02-03,North,210.53,842.12,High
660,3479,Keyboard,2.0,2025-03-18,West,220.61,441.22,High
661,3388,Monitor,2.0,2024-01-30,West,865.94,1731.88,High
662,1550,Keyboard,5.0,2025-08-09,East,200.97,1004.85,High
663,2635,SSD,2.0,2023-06-23,North,265.44,530.88,High
664,2312,Laptop,2.0,2025-12-04,West,3095.67,6191.34,High
665,4325,Webcam,2.0,2025-05-04,North,364.71,729.42,High
666,2757,Keyboard,2.0,2024-06-22,East,175.09,350.18,High
667,1356,SSD,1.0,2025-01-14,North,420.11,420.11,High
668,3070,Phone,5.0,2024-12-21,East,1121.77,5608.85,High
669,2785,Monitor,2.0,2023-02-19,East,697.26,1394.52,High
670,3569,Phone,5.0,2025-12-20,West,1502.41,7512.05,High
671,2781,Webcam,3.0,2023-08-31,East,353.72,1061.16,High
672,4908,SSD,1.0,2024-08-19,West,258.42,258.42,High
673,4171,Laptop,2.0,2023-10-03,East,3865.08,7730.16,High
674,3849,Monitor,1.0,2025-11-20,East,1808.14,1808.14,High
675,4251,Mouse,1.0,2023-01-08,South,188.85,188.85,High
676,4294,Headphones,3.0,2024-12-15,North,596.9,1790.6999999999998,High
677,4977,Keyboard,5.0,2023-02-02,East,240.74,1203.7,High
678,3809,SSD,1.0,2025-03-20,West,183.75,183.75,High
679,4730,Phone,4.0,2025-07-16,North,2281.49,9125.96,High
680,3489,Laptop,3.0,2025-05-11,North,4656.91,13970.73,High
681,2631,Headphones,4.0,2023-02-06,North,378.64,1514.56,High
682,3816,Keyboard,3.0,2023-02-03,West,66.86,200.57999999999998,High
683,2015,Headphones,4.0,2024-03-30,North,338.33,1353.32,High
684,2348,Keyboard,4.0,2024-03-19,North,102.68,410.72,High
685,1515,SSD,1.0,2023-07-31,North,348.95,348.95,High
686,4087,Mouse,1.0,2024-12-02,North,153.1,153.1,High
687,3839,Monitor,3.0,2024-08-30,East,1501.33,4503.99,High
688,1335,SSD,5.0,2025-09-08,West,501.0,2505.0,High
689,2782,Headphones,1.0,2023-12-27,South,338.26,338.26,High
690,3305,Headphones,1.0,2023-10-31,North,355.4,355.4,High
691,1496,Headphones,2.0,2023-10-23,West,567.84,1135.68,High
692,1895,Monitor,1.0,2023-06-01,West,1446.78,1446.78,High
693,3207,Laptop,5.0,2024-08-22,South,4242.62,21213.1,High
694,4546,Keyboard,2.0,2023-07-30,North,216.13,432.26,High
695,1851,SSD,4.0,2023-08-20,West,438.22,1752.88,High
696,2687,SSD,4.0,2025-05-19,East,561.09,2244.36,High
697,2931,Mouse,2.0,2024-11-25,West,90.6,181.2,High
698,3737,Headphones,2.0,2024-01-02,South,313.85,627.7,High
699,4746,Webcam,2.0,2024-04-25,East,201.52,403.04,High
700,3427,SSD,3.0,2024-07-25,East,494.34,1483.02,High
701,2568,Monitor,5.0,2025-07-18,West,1802.63,9013.150000000001,High
703,3738,SSD,4.0,2024-04-10,North,214.06,856.24,High
704,4498,Keyboard,4.0,2023-10-21,East,173.53,694.12,High
705,2636,Monitor,4.0,2023-06-20,South,1976.49,7905.96,High
706,2291,Mouse,1.0,2025-11-21,West,64.63,64.63,Low
707,4906,Mouse,4.0,2023-09-20,East,106.84,427.36,High
708,4648,Keyboard,2.0,2024-07-11,West,117.85,235.7,High
709,2440,Headphones,4.0,2023-07-08,South,561.34,2245.36,High
710,2191,Mouse,2.0,2025-02-24,North,123.66,247.32,High
711,4913,Laptop,3.0,2024-08-05,North,3736.23,11208.69,High
712,2066,Monitor,1.0,2025-09-28,North,512.39,512.39,High
713,4627,SSD,1.0,2024-08-22,South,443.75,443.75,High
714,1284,Laptop,5.0,2025-04-25,West,2919.06,14595.3,High
715,3444,Headphones,3.0,2023-12-08,South,356.71,1070.1299999999999,High
716,1011,Laptop,2.0,2025-08-11,East,3593.2,7186.4,High
717,2630,Laptop,3.0,2023-01-22,West,3776.67,11330.01,High
718,4373,Phone,1.0,2023-06-15,West,2200.02,2200.02,High
719,4969,Laptop,2.0,2023-08-22,East,2896.8,5793.6,High
720,4324,Keyboard,3.0,2024-10-02,North,114.04,342.12,High
721,3546,Monitor,1.0,2024-08-29,North,1693.71,1693.71,High
722,1753,Phone,2.0,2024-06-23,South,2021.82,4043.64,High
723,3082,Monitor,2.0,2025-11-24,East,838.42,1676.84,High
724,3774,Monitor,1.0,2023-11-14,East,501.25,501.25,High
725,3896,Headphones,2.0,2023-12-09,East,432.97,865.94,High
726,1089,Headphones,1.0,2025-09-05,West,178.59,178.59,High
727,1775,Phone,4.0,2024-09-28,West,2426.89,9707.56,High
728,3652,Mouse,4.0,2023-03-20,West,132.75,531.0,High
729,4993,Webcam,2.0,2025-06-11,West,351.89,703.78,High
730,4017,Headphones,2.0,2024-07-26,North,502.81,1005.62,High
731,2625,Webcam,1.0,2024-03-24,North,258.5,258.5,High
732,4069,Headphones,2.0,2023-10-09,South,319.18,638.36,High
733,1417,Headphones,5.0,2024-11-05,East,348.4,1742.0,High
734,1114,Monitor,4.0,2023-02-26,East,1704.48,6817.92,High
735,1616,Phone,2.0,2023-07-10,North,1888.77,3777.54,High
736,4974,Monitor,2.0,2024-10-05,West,808.58,1617.16,High
737,4267,SSD,3.0,2023-02-11,South,424.21,1272.6299999999999,High
738,1825,Keyboard,2.0,2024-11-09,West,151.17,302.34,High
739,4572,Monitor,5.0,2024-05-16,South,591.95,2959.75,High
740,2649,Webcam,4.0,2025-02-28,North,202.01,808.04,High
741,2516,Webcam,3.0,2025-01-19,North,152.83,458.49,High
742,4146,Keyboard,1.0,2025-01-11,North,259.65,259.65,High
743,1412,Laptop,1.0,2023-06-14,North,2315.0,2315.0,High
744,4447,Laptop,4.0,2025-01-24,East,3081.87,12327.48,High
745,4491,Keyboard,1.0,2023-03-31,North,223.87,223.87,High
746,1728,Keyboard,5.0,2025-09-13,West,274.35,1371.75,High
747,4348,Monitor,2.0,2025-12-17,North,1002.98,2005.96,High
748,4068,Keyboard,4.0,2024-10-09,North,201.61,806.44,High
749,3808,SSD,3.0,2025-01-19,West,318.14,954.42,High
750,1675,Phone,2.0,2025-03-29,South,1144.9,2289.8,High
751,4465,Laptop,1.0,2023-08-31,East,2977.15,2977.15,High
752,2892,Laptop,1.0,2024-10-24,South,3907.71,3907.71,High
753,3504,SSD,3.0,2025-05-07,North,472.35,1417.0500000000002,High
754,3967,Mouse,5.0,2023-08-07,South,93.0,465.0,High
755,3239,SSD,3.0,2023-01-09,East,218.64,655.92,High
756,3786,SSD,4.0,2024-03-05,North,212.8,851.2,High
757,4760,Keyboard,3.0,2023-01-13,East,253.15,759.45,High
758,2122,Headphones,1.0,2025-06-25,West,426.64,426.64,High
759,2571,Headphones,5.0,2025-08-27,North,464.02,2320.1,High
760,1977,SSD,5.0,2024-11-20,West,369.71,1848.55,High
761,2008,Keyboard,3.0,2025-12-26,North,164.33,492.99,High
762,3143,Phone,4.0,2024-11-07,West,1158.96,4635.84,High
763,2687,Headphones,1.0,2023-07-03,West,184.17,184.17,High
764,3710,Mouse,2.0,2025-10-01,North,56.17,112.34,High
765,4261,Webcam,5.0,2023-07-27,West,397.37,1986.85,High
766,4807,Keyboard,3.0,2024-06-11,South,255.22,765.66,High
767,1036,SSD,4.0,2025-03-28,North,431.76,1727.04,High
768,4851,Phone,4.0,2025-09-29,East,1164.49,4657.96,High
769,4440,Phone,1.0,2024-03-30,West,1374.02,1374.02,High
770,4766,Monitor,5.0,2025-06-20,West,1026.18,5130.900000000001,High
771,2548,Phone,1.0,2023-09-01,North,1612.04,1612.04,High
772,3326,Headphones,2.0,2025-02-09,East,311.0,622.0,High
773,3264,SSD,2.0,2023-08-26,North,570.37,1140.74,High
774,3914,Webcam,2.0,2023-12-11,South,310.66,621.32,High
775,1872,Headphones,4.0,2023-11-06,East,140.7,562.8,High
776,2821,Keyboard,5.0,2023-02-07,South,139.99,699.95,High
777,2296,Webcam,1.0,2023-02-01,South,122.55,122.55,High
778,4952,Keyboard,1.0,2023-10-19,West,119.84,119.84,High
779,3109,Phone,2.0,2023-10-19,East,2430.12,4860.24,High
780,1595,Mouse,5.0,2025-01-27,West,149.89,749.4499999999999,High
781,2903,Laptop,5.0,2024-07-31,South,2023.56,10117.8,High
782,1728,Webcam,3.0,2024-08-27,West,185.24,555.72,High
783,2365,SSD,5.0,2024-03-22,North,347.42,1737.1000000000001,High
784,1396,Monitor,5.0,2023-10-05,East,1403.75,7018.75,High
785,1698,Laptop,1.0,2025-09-20,East,3499.18,3499.18,High
786,4090,Phone,5.0,2024-06-15,West,918.61,4593.05,High
787,3224,Phone,5.0,2025-09-10,North,1676.43,8382.15,High
788,2635,SSD,1.0,2024-08-24,South,208.62,208.62,High
789,1395,Laptop,5.0,2024-07-15,East,3557.6,17788.0,High
790,3492,Monitor,1.0,2025-10-30,South,869.1,869.1,High
791,4304,Webcam,3.0,2024-08-13,East,126.14,378.42,High
792,4986,Webcam,4.0,2023-02-28,South,172.14,688.56,High
793,1075,Laptop,1.0,2024-04-03,South,2298.87,2298.87,High
794,1264,Keyboard,1.0,2023-04-14,North,121.0,121.0,High
795,3502,Headphones,5.0,2025-04-10,North,533.47,2667.3500000000004,High
796,2819,Mouse,1.0,2025-02-27,West,82.22,82.22,Low
798,3782,Webcam,2.0,2025-01-11,East,246.34,492.68,High
799,4455,Headphones,3.0,2023-10-28,South,189.15,567.45,High
800,4635,Mouse,1.0,2024-10-15,North,105.1,105.1,High
801,1850,Mouse,5.0,2024-07-08,South,175.01,875.05,High
802,4577,Mouse,5.0,2024-09-19,North,43.69,218.45,High
803,2390,Phone,4.0,2025-07-17,West,2368.79,9475.16,High
804,1143,SSD,3.0,2023-12-26,West,542.0,1626.0,High
805,1884,Mouse,5.0,2023-03-28,West,175.49,877.45,High
806,4140,Monitor,4.0,2024-03-03,East,797.81,3191.24,High
807,4170,Laptop,5.0,2024-01-02,East,3452.94,17264.7,High
808,1395,Webcam,4.0,2023-12-09,West,277.17,1108.68,High
809,4096,Monitor,2.0,2023-12-13,East,649.92,1299.84,High
810,3995,Laptop,2.0,2023-04-06,East,3670.54,7341.08,High
811,3938,Keyboard,5.0,2025-06-02,East,260.01,1300.05,High
812,2492,SSD,3.0,2024-04-30,East,571.45,1714.3500000000001,High
813,4555,Keyboard,1.0,2024-08-26,East,119.58,119.58,High
814,4636,Laptop,3.0,2024-02-16,East,2866.22,8598.66,High
815,4222,Monitor,3.0,2024-03-23,East,906.1,2718.3,High
816,2167,Laptop,1.0,2023-09-04,West,2460.35,2460.35,High
817,3616,Mouse,2.0,2025-02-08,South,103.22,206.44,High
818,2062,Phone,2.0,2024-11-29,East,2133.6,4267.2,High
819,3156,Webcam,1.0,2024-02-25,North,307.87,307.87,High
820,4764,Keyboard,4.0,2023-05-04,West,275.08,1100.32,High
821,2065,Webcam,3.0,2025-07-29,North,193.84,581.52,High
822,2209,Phone,5.0,2025-05-26,South,1772.77,8863.85,High
824,3445,Mouse,5.0,2025-03-10,East,182.69,913.45,High
825,4294,Keyboard,1.0,2025-11-12,South,267.94,267.94,High
826,1633,Keyboard,5.0,2025-08-02,North,166.38,831.9,High
827,2156,Mouse,5.0,2023-07-19,West,184.17,920.8499999999999,High
828,4234,Headphones,3.0,2023-10-30,North,322.03,966.0899999999999,High
829,2238,Webcam,1.0,2025-01-07,North,368.91,368.91,High
830,1732,SSD,5.0,2023-06-25,East,499.64,2498.2,High
831,1234,Phone,2.0,2025-11-18,East,1176.8,2353.6,High
832,4914,Webcam,1.0,2024-11-07,East,377.49,377.49,High
833,3705,Phone,2.0,2024-06-18,East,1212.19,2424.38,High
834,1750,Headphones,4.0,2024-04-21,West,554.21,2216.84,High
835,3635,SSD,5.0,2024-01-18,West,426.8,2134.0,High
836,4080,Monitor,1.0,2024-07-09,East,1501.06,1501.06,High
837,4145,Phone,2.0,2023-11-30,North,985.87,1971.74,High
838,1953,Webcam,5.0,2025-06-16,South,101.04,505.20000000000005,High
839,3539,Laptop,3.0,2025-07-19,East,4905.02,14715.060000000001,High
840,3960,SSD,2.0,2024-11-15,East,301.62,603.24,High
841,4324,Mouse,2.0,2024-07-14,North,173.54,347.08,High
842,4301,Mouse,4.0,2023-05-03,East,149.76,599.04,High
843,2542,Headphones,3.0,2025-11-24,West,402.07,1206.21,High
844,2197,Phone,4.0,2024-09-09,South,1964.86,7859.44,High
845,2676,Monitor,3.0,2025-09-14,East,634.08,1902.2400000000002,High
846,2191,Phone,2.0,2025-04-19,East,1501.07,3002.14,High
847,3217,Mouse,4.0,2024-02-20,South,133.2,532.8,High
848,2416,Keyboard,5.0,2024-12-08,East,266.89,1334.4499999999998,High
849,3993,Laptop,3.0,2024-09-28,North,4144.06,12432.18,High
850,3842,SSD,2.0,2023-12-13,East,263.76,527.52,High
851,3681,Headphones,1.0,2023-02-06,East,592.46,592.46,High
852,2217,Keyboard,3.0,2024-05-26,East,210.76,632.28,High
853,2540,Webcam,3.0,2025-04-28,South,240.42,721.26,High
854,3076,Monitor,5.0,2024-06-18,North,1672.07,8360.35,High
855,4236,Keyboard,3.0,2025-06-28,East,200.68,602.04,High
856,2445,Webcam,3.0,2025-02-11,North,307.2,921.5999999999999,High
857,3386,Keyboard,5.0,2024-10-25,North,204.28,1021.4,High
858,4719,Monitor,5.0,2025-11-07,South,768.26,3841.3,High
859,2519,SSD,4.0,2023-01-27,East,394.51,1578.04,High
860,2388,Keyboard,2.0,2024-06-19,West,120.78,241.56,High
861,2856,Headphones,2.0,2025-11-18,West,385.14,770.28,High
862,2365,Mouse,4.0,2025-10-04,North,51.34,205.36,High
863,1499,Phone,2.0,2024-10-19,North,1194.34,2388.68,High
864,2680,Keyboard,3.0,2024-10-01,East,252.18,756.54,High
865,1510,Headphones,4.0,2023-02-11,West,302.64,1210.56,High
866,4398,Phone,4.0,2023-08-01,North,1945.43,7781.72,High
867,1216,SSD,2.0,2025-04-15,South,374.03,748.06,High
868,2324,Webcam,1.0,2024-12-02,South,189.02,189.02,High
869,2155,Phone,2.0,2023-03-21,East,1641.8,3283.6,High
870,2827,Webcam,1.0,2025-08-12,North,340.38,340.38,High
871,4141,Keyboard,4.0,2025-06-20,West,120.4,481.6,High
872,4323,Headphones,1.0,2024-02-28,East,310.72,310.72,High
873,4486,Mouse,3.0,2025-07-07,North,64.44,193.32,High
874,2810,Keyboard,5.0,2024-05-30,North,137.8,689.0,High
875,3492,Webcam,1.0,2023-06-14,North,363.24,363.24,High
876,3923,Monitor,5.0,2025-09-23,East,1678.58,8392.9,High
877,2205,Phone,3.0,2025-09-19,East,1435.15,4305.450000000001,High
878,3214,Keyboard,5.0,2025-06-11,North,83.1,415.5,High
879,1090,Webcam,3.0,2025-10-12,East,214.39,643.17,High
880,1713,SSD,5.0,2025-12-01,East,497.28,2486.3999999999996,High
881,2881,Phone,5.0,2025-01-10,South,874.46,4372.3,High
882,4602,SSD,2.0,2025-01-24,South,485.4,970.8,High
883,1038,Webcam,1.0,2024-02-20,South,297.57,297.57,High
884,4197,Headphones,5.0,2025-12-14,South,132.32,661.5999999999999,High
885,4522,Laptop,4.0,2023-12-02,South,3906.92,15627.68,High
886,1172,SSD,2.0,2025-05-30,North,284.4,568.8,High
887,1652,Keyboard,1.0,2025-08-29,South,94.32,94.32,Low
888,1753,Mouse,2.0,2024-11-15,West,95.43,190.86,High
889,2243,Keyboard,1.0,2025-01-10,North,101.35,101.35,High
890,4709,Phone,3.0,2023-01-30,North,2201.74,6605.219999999999,High
891,2081,Headphones,5.0,2024-07-28,East,471.0,2355.0,High
892,2683,Webcam,4.0,2023-08-09,North,393.84,1575.36,High
893,3523,Monitor,2.0,2025-04-06,North,1301.11,2602.22,High
894,1455,Mouse,2.0,2024-08-16,South,45.16,90.32,Low
895,1828,Headphones,2.0,2025-01-23,West,283.88,567.76,High
896,1894,SSD,2.0,2025-11-28,North,527.39,1054.78,High
897,2384,SSD,5.0,2025-10-17,West,328.59,1642.9499999999998,High
898,2958,Keyboard,1.0,2024-05-06,East,163.92,163.92,High
899,4072,Monitor,5.0,2024-03-13,East,1117.96,5589.8,High
900,3434,Headphones,3.0,2024-04-23,East,217.69,653.0699999999999,High
901,2996,Laptop,5.0,2025-02-21,North,2219.59,11097.95,High
902,3395,Mouse,5.0,2025-08-06,North,60.7,303.5,High
903,1189,Phone,3.0,2025-10-04,South,1418.7,4256.1,High
904,1504,Headphones,5.0,2023-03-13,North,222.72,1113.6,High
905,2214,Headphones,1.0,2024-08-04,West,386.37,386.37,High
906,2531,Laptop,4.0,2023-08-08,East,3841.72,15366.88,High
907,4440,Keyboard,3.0,2025-10-24,South,192.52,577.5600000000001,High
908,4480,Webcam,2.0,2025-09-29,East,107.17,214.34,High
909,1823,Webcam,1.0,2023-10-17,West,293.4,293.4,High
911,1933,Mouse,1.0,2025-03-14,East,179.29,179.29,High
912,2140,Phone,1.0,2025-01-12,South,1693.54,1693.54,High
913,1133,Headphones,2.0,2023-03-21,North,142.26,284.52,High
914,3105,Monitor,4.0,2023-03-07,North,513.83,2055.32,High
915,4627,Headphones,1.0,2023-05-16,North,451.26,451.26,High
916,1684,Webcam,2.0,2024-02-03,North,208.16,416.32,High
917,3719,Phone,3.0,2023-12-13,West,1289.59,3868.7699999999995,High
918,3220,Headphones,2.0,2023-02-28,West,323.59,647.18,High
919,2852,Laptop,5.0,2025-02-16,East,2217.18,11085.9,High
920,1814,Webcam,2.0,2024-06-02,East,205.43,410.86,High
921,2172,Headphones,2.0,2024-12-14,East,257.35,514.7,High
922,1079,Headphones,2.0,2025-09-03,North,500.09,1000.18,High
923,3933,Webcam,1.0,2023-03-20,West,135.95,135.95,High
924,4284,Monitor,4.0,2023-04-25,North,1634.48,6537.92,High
925,1202,Webcam,2.0,2025-09-12,East,240.13,480.26,High
926,3811,Laptop,2.0,2023-05-06,North,2245.66,4491.32,High
927,2252,Laptop,5.0,2024-07-26,West,4909.04,24545.2,High
928,2699,Headphones,5.0,2025-08-22,East,467.1,2335.5,High
929,2250,Mouse,3.0,2024-05-14,East,74.22,222.66,High
930,2682,Monitor,3.0,2025-04-08,North,1372.63,4117.89,High
931,2555,Headphones,5.0,2024-09-17,South,549.97,2749.8500000000004,High
932,4512,Webcam,4.0,2024-03-27,East,377.86,1511.44,High
933,4473,Headphones,3.0,2024-01-20,North,465.58,1396.74,High
934,3094,Phone,4.0,2023-12-29,West,2037.04,8148.16,High
935,2256,Phone,5.0,2024-05-12,West,1271.51,6357.55,High
936,4376,Mouse,3.0,2024-06-20,South,198.26,594.78,High
937,2549,Monitor,2.0,2023-01-16,South,865.22,1730.44,High
938,2166,Keyboard,5.0,2025-09-07,West,72.35,361.75,High
939,4486,SSD,3.0,2024-09-11,North,589.82,1769.46,High
940,4584,Phone,4.0,2023-10-27,North,1059.84,4239.36,High
941,2396,Keyboard,4.0,2023-12-05,North,180.4,721.6,High
942,4637,Laptop,3.0,2023-10-30,North,3404.73,10214.19,High
943,4957,Phone,4.0,2024-08-14,South,2241.95,8967.8,High
944,4330,Phone,3.0,2023-03-17,North,1474.32,4422.96,High
945,3703,Monitor,3.0,2025-07-02,East,1253.27,3759.81,High
946,1470,Mouse,4.0,2025-02-18,East,37.44,149.76,High
947,4018,Keyboard,1.0,2025-07-09,East,101.96,101.96,High
948,2035,Webcam,2.0,2024-01-01,South,346.56,693.12,High
949,2353,Phone,5.0,2024-10-14,West,1613.21,8066.05,High
950,3783,Phone,2.0,2025-10-02,East,1192.58,2385.16,High
951,3831,Monitor,5.0,2024-01-31,North,1053.36,5266.799999999999,High
952,1967,Monitor,5.0,2025-03-14,East,927.64,4638.2,High
953,1357,Mouse,2.0,2025-11-17,North,124.56,249.12,High
954,4019,Keyboard,3.0,2025-04-24,South,62.86,188.57999999999998,High
955,4479,Laptop,4.0,2025-05-21,West,2674.91,10699.64,High
956,1667,Webcam,1.0,2023-04-25,North,193.59,193.59,High
957,1372,Mouse,1.0,2024-01-08,East,187.8,187.8,High
958,2031,SSD,1.0,2025-04-29,North,430.48,430.48,High
960,2371,Headphones,2.0,2025-01-26,South,195.41,390.82,High
961,3723,Phone,3.0,2023-01-31,South,1748.35,5245.049999999999,High
962,1089,Keyboard,1.0,2023-12-24,East,282.25,282.25,High
963,4719,Mouse,3.0,2024-04-14,East,126.27,378.81,High
964,3745,Phone,1.0,2023-09-27,East,1080.12,1080.12,High
965,4387,Keyboard,2.0,2023-07-28,East,299.28,598.56,High
966,4249,Keyboard,4.0,2024-11-20,South,174.71,698.84,High
967,1539,Keyboard,4.0,2024-04-01,South,129.89,519.56,High
968,3779,Phone,4.0,2024-03-24,East,1655.74,6622.96,High
969,1868,Mouse,4.0,2023-03-09,East,74.83,299.32,High
970,1040,Webcam,5.0,2025-05-23,North,89.72,448.6,High
971,1739,Monitor,1.0,2024-04-11,East,1834.28,1834.28,High
972,4775,Phone,4.0,2023-05-08,West,1529.09,6116.36,High
973,2946,SSD,5.0,2025-01-02,East,488.8,2444.0,High
974,3549,Keyboard,5.0,2025-11-08,North,292.81,1464.05,High
976,4216,Webcam,3.0,2023-02-27,South,301.32,903.96,High
977,2224,Headphones,3.0,2024-07-10,South,571.62,1714.8600000000001,High
978,1928,SSD,5.0,2023-02-17,South,382.45,1912.25,High
979,3036,Laptop,4.0,2024-07-15,South,2959.7,11838.8,High
980,4795,SSD,1.0,2024-08-15,North,564.62,564.62,High
981,3508,Keyboard,2.0,2025-03-22,North,67.25,134.5,High
982,3779,Headphones,3.0,2023-02-28,North,207.3,621.9000000000001,High
983,3799,Monitor,4.0,2023-06-10,South,1011.9,4047.6,High
984,1924,Webcam,4.0,2023-04-13,North,330.28,1321.12,High
985,3956,Webcam,2.0,2025-04-25,North,369.25,738.5,High
986,2581,Keyboard,2.0,2024-02-16,North,162.95,325.9,High
987,4618,SSD,4.0,2025-02-24,West,278.76,1115.04,High
988,4324,SSD,2.0,2023-07-02,East,308.94,617.88,High
989,1389,Webcam,4.0,2024-02-21,South,290.1,1160.4,High
990,2617,Headphones,2.0,2024-02-03,West,179.0,358.0,High
991,3930,Keyboard,2.0,2025-08-14,North,186.86,373.72,High
992,1255,Phone,4.0,2025-02-17,East,1800.35,7201.4,High
994,2838,Headphones,4.0,2024-03-12,West,401.95,1607.8,High
995,2944,Mouse,1.0,2023-11-14,North,46.48,46.48,Low
996,3497,Phone,2.0,2024-08-28,North,1970.96,3941.92,High
997,1009,Phone,3.0,2025-06-29,North,836.97,2510.91,High
998,3871,Mouse,2.0,2024-05-11,West,96.35,192.7,High
999,1797,Headphones,1.0,2024-03-02,North,308.53,308.53,High
1000,4313,Mouse,3.0,2025-03-28,South,49.83,149.49,High
1001,4322,Mouse,3.0,2025-10-19,South,31.68,95.03999999999999,Low
1002,1876,Laptop,4.0,2023-08-28,West,2213.49,8853.96,High
1003,2028,Headphones,5.0,2025-12-18,South,323.15,1615.75,High
1004,4190,SSD,4.0,2025-03-07,East,258.16,1032.64,High
1005,2015,SSD,3.0,2023-07-22,South,181.04,543.12,High
1006,2824,Laptop,3.0,2023-10-14,East,2769.22,8307.66,High
1007,1373,Keyboard,5.0,2023-03-14,North,182.21,911.0500000000001,High
1008,4136,Webcam,2.0,2024-12-26,South,317.48,634.96,High
1009,3193,SSD,5.0,2023-12-03,West,335.4,1677.0,High
1011,2262,Keyboard,2.0,2023-08-19,West,199.19,398.38,High
1012,3224,SSD,4.0,2025-06-22,East,553.34,2213.36,High
1013,2802,Headphones,5.0,2025-12-16,South,189.7,948.5,High
1014,1852,Mouse,2.0,2024-10-05,East,110.99,221.98,High
1015,4353,Webcam,5.0,2025-07-03,East,282.19,1410.95,High
1017,2240,SSD,3.0,2025-03-19,North,352.65,1057.9499999999998,High
1018,4925,SSD,2.0,2024-04-10,South,588.06,1176.12,High
1019,3874,Monitor,3.0,2025-01-06,North,1913.02,5739.0599999999995,High
1021,1688,Phone,2.0,2023-09-23,West,1547.28,3094.56,High
1022,2484,Mouse,3.0,2023-09-04,West,158.41,475.23,High
1023,2633,Webcam,3.0,2023-03-19,East,244.14,732.42,High
1024,3152,Phone,2.0,2025-05-03,South,2492.47,4984.94,High
1025,4170,Laptop,3.0,2023-09-10,North,4057.81,12173.43,High
1026,1510,Keyboard,3.0,2024-04-19,East,67.04,201.12,High
1027,1384,SSD,2.0,2023-06-25,East,330.86,661.72,High
1028,1404,Laptop,3.0,2025-08-28,East,4190.79,12572.369999999999,High
1029,3870,Webcam,3.0,2023-09-11,West,349.56,1048.68,High
1030,1517,Mouse,4.0,2025-06-21,South,168.27,673.08,High
1031,1475,Phone,4.0,2023-04-17,North,2461.3,9845.2,High
1032,3000,Phone,1.0,2023-02-27,South,1631.5,1631.5,High
1033,3756,Keyboard,4.0,2025-07-30,South,85.02,340.08,High
1034,4934,Mouse,4.0,2023-03-25,North,140.88,563.52,High
1035,2668,SSD,1.0,2024-12-12,West,181.84,181.84,High
1036,2893,Monitor,3.0,2025-06-19,West,1960.28,5880.84,High
1037,3818,Monitor,3.0,2024-10-18,West,1637.8,4913.4,High
1038,2460,Keyboard,4.0,2024-03-31,West,295.54,1182.16,High
1039,4094,Mouse,1.0,2024-10-20,West,94.13,94.13,Low
1040,4044,Keyboard,3.0,2025-02-11,West,53.95,161.85000000000002,High
1041,4636,Mouse,5.0,2025-03-01,East,118.62,593.1,High
1042,3724,Webcam,2.0,2025-04-30,North,118.78,237.56,High
1043,1713,Webcam,2.0,2024-06-09,North,297.48,594.96,High
1044,4529,Laptop,2.0,2023-09-23,North,3492.65,6985.3,High
1045,1082,SSD,4.0,2023-05-21,South,489.05,1956.2,High
1046,2168,Keyboard,2.0,2025-06-13,West,122.77,245.54,High
1047,4156,SSD,2.0,2024-02-10,South,523.12,1046.24,High
1048,4149,Mouse,5.0,2023-10-20,South,140.64,703.1999999999999,High
1049,3504,Monitor,3.0,2025-11-20,North,1981.56,5944.68,High
1050,2901,SSD,5.0,2023-12-21,North,230.35,1151.75,High
1051,3048,Mouse,4.0,2023-07-24,South,38.7,154.8,High
1052,1050,Webcam,2.0,2025-09-20,North,352.34,704.68,High
1053,1684,Mouse,3.0,2023-10-18,North,87.54,262.62,High
1054,1716,Keyboard,2.0,2023-04-21,South,157.81,315.62,High
1055,4843,Laptop,2.0,2025-12-27,East,4777.0,9554.0,High
1056,2469,Laptop,4.0,2024-01-08,North,3322.09,13288.36,High
1057,1448,Laptop,2.0,2023-07-15,East,2894.06,5788.12,High
1058,1880,Laptop,1.0,2023-05-06,South,2178.49,2178.49,High
1059,1487,Webcam,3.0,2023-09-19,North,221.74,665.22,High
1060,2823,Headphones,3.0,2025-06-05,East,427.48,1282.44,High
1062,4419,Keyboard,4.0,2023-06-04,North,229.44,917.76,High
1063,3142,Phone,2.0,2023-04-18,West,1613.05,3226.1,High
1064,4143,Keyboard,2.0,2023-02-04,East,264.53,529.06,High
1065,2574,Headphones,3.0,2025-12-03,South,180.87,542.61,High
1066,3201,Laptop,4.0,2024-10-16,West,4271.24,17084.96,High
1067,1249,Headphones,4.0,2024-12-23,West,566.28,2265.12,High
1068,1673,Monitor,4.0,2025-09-24,North,1612.1,6448.4,High
1069,1437,Monitor,2.0,2024-02-20,West,1108.91,2217.82,High
1070,3165,SSD,4.0,2025-09-26,West,253.71,1014.84,High
1072,4962,Keyboard,5.0,2024-06-01,East,210.59,1052.95,High
1073,4377,Keyboard,4.0,2023-01-27,North,85.71,342.84,High
1074,1267,Phone,5.0,2023-08-15,East,2225.12,11125.599999999999,High
1075,2984,Webcam,2.0,2025-04-27,East,387.44,774.88,High
1076,2077,Phone,4.0,2023-01-18,South,1030.84,4123.36,High
1077,1235,Monitor,3.0,2023-02-12,West,1064.08,3192.24,High
1078,1388,Laptop,2.0,2023-03-30,West,4811.82,9623.64,High
1079,4037,Headphones,1.0,2024-08-08,West,335.35,335.35,High
1080,4805,Phone,1.0,2023-06-06,South,1710.21,1710.21,High
1081,1762,Mouse,5.0,2023-05-14,North,157.08,785.4000000000001,High
1082,2848,Phone,5.0,2024-04-08,West,1157.91,5789.55,High
1083,3448,Laptop,3.0,2025-01-10,North,4937.45,14812.349999999999,High
1084,1623,Laptop,3.0,2025-11-23,South,4342.65,13027.949999999999,High
1085,3814,Keyboard,1.0,2023-03-24,West,90.34,90.34,Low
1086,4374,Headphones,4.0,2025-07-17,North,155.53,622.12,High
1087,3966,Laptop,1.0,2025-05-15,South,4804.86,4804.86,High
1088,4278,Webcam,1.0,2023-07-23,South,299.21,299.21,High
1089,2252,Phone,3.0,2025-08-19,North,865.56,2596.68,High
1090,3900,Phone,5.0,2024-05-11,South,1041.38,5206.900000000001,High
1091,4981,Monitor,3.0,2024-03-17,North,571.74,1715.22,High
1092,1577,Laptop,3.0,2025-04-07,North,4922.25,14766.75,High
1093,3122,Mouse,3.0,2025-05-20,West,114.63,343.89,High
1094,1434,Keyboard,1.0,2025-05-18,South,165.54,165.54,High
1095,3150,Headphones,4.0,2023-03-21,East,577.89,2311.56,High
1096,4493,Mouse,1.0,2025-03-22,North,115.79,115.79,High
1097,4775,Keyboard,2.0,2025-07-03,East,179.44,358.88,High
1098,1763,Phone,3.0,2024-07-23,West,2472.97,7418.91,High
1099,3785,Mouse,3.0,2025-05-11,East,48.94,146.82,High
1100,3853,Keyboard,2.0,2023-06-18,East,296.44,592.88,High
1101,2329,Phone,3.0,2025-10-08,North,1081.65,3244.9500000000003,High
1102,3145,Phone,3.0,2023-08-24,South,1603.95,4811.85,High
1103,4921,Phone,3.0,2024-02-03,West,1373.94,4121.82,High
1104,3845,Phone,2.0,2024-08-10,West,2424.22,4848.44,High
1105,2358,Webcam,1.0,2025-03-31,East,235.36,235.36,High
1106,3906,Phone,3.0,2025-10-09,West,839.12,2517.36,High
1107,3482,Monitor,4.0,2024-04-21,North,832.54,3330.16,High
1108,1446,Mouse,2.0,2025-04-24,East,103.24,206.48,High
1109,3017,Keyboard,5.0,2024-08-07,North,219.1,1095.5,High
1110,2331,Monitor,2.0,2024-09-06,East,1342.85,2685.7,High
1111,1248,Webcam,1.0,2024-08-28,North,351.97,351.97,High
1112,1165,SSD,2.0,2025-08-18,West,522.8,1045.6,High
1113,4552,SSD,5.0,2025-02-16,East,415.73,2078.65,High
1114,4031,Monitor,4.0,2023-12-24,North,1356.97,5427.88,High
1115,2358,Laptop,5.0,2025-12-17,East,2834.49,14172.449999999999,High
1116,2019,Laptop,2.0,2024-06-04,East,4873.72,9747.44,High
1117,1541,Laptop,5.0,2024-06-08,North,2230.55,11152.75,High
1118,1758,Headphones,2.0,2024-01-28,North,298.52,597.04,High
1119,4177,Laptop,4.0,2023-06-02,South,3982.51,15930.04,High
1120,4634,Keyboard,4.0,2025-06-11,North,286.42,1145.68,High
1121,3128,Monitor,1.0,2025-09-10,East,1252.29,1252.29,High
1122,3180,Keyboard,4.0,2024-04-24,South,273.98,1095.92,High
1123,1796,Mouse,3.0,2024-08-05,South,47.82,143.46,High
1124,3947,Laptop,5.0,2025-05-06,East,3594.75,17973.75,High
1125,1137,Webcam,5.0,2023-01-20,West,181.14,905.6999999999999,High
1126,3231,Headphones,2.0,2024-08-15,East,497.85,995.7,High
1127,4472,Mouse,4.0,2023-08-16,East,105.65,422.6,High
1128,2353,Webcam,1.0,2023-01-19,South,232.08,232.08,High
1129,3832,Headphones,1.0,2024-03-19,North,132.39,132.39,High
1130,4579,SSD,1.0,2024-01-03,North,347.1,347.1,High
1131,2875,Mouse,3.0,2025-06-17,East,43.74,131.22,High
1132,4031,SSD,4.0,2025-06-07,South,284.8,1139.2,High
1133,1068,Monitor,1.0,2024-12-26,South,690.32,690.32,High
1134,3593,Keyboard,3.0,2023-05-27,West,133.62,400.86,High
1135,4845,Phone,5.0,2024-03-05,South,1186.56,5932.799999999999,High
1136,3100,Keyboard,2.0,2025-04-27,West,121.29,242.58,High
1137,2473,Laptop,4.0,2023-07-17,West,2445.16,9780.64,High
1138,1204,SSD,4.0,2025-09-23,North,347.82,1391.28,High
1139,3173,Webcam,5.0,2024-07-18,West,239.22,1196.1,High
1140,4818,Phone,4.0,2024-01-04,North,2222.3,8889.2,High
1141,1042,Headphones,4.0,2025-03-12,West,369.41,1477.64,High
1142,4823,SSD,4.0,2024-11-30,South,252.94,1011.76,High
1143,2906,Monitor,4.0,2025-09-22,East,1603.84,6415.36,High
1144,3158,Monitor,3.0,2024-06-01,East,945.87,2837.61,High
1145,1760,SSD,3.0,2025-02-13,East,490.38,1471.1399999999999,High
1146,4734,SSD,2.0,2024-07-14,East,324.22,648.44,High
1147,4254,SSD,4.0,2023-03-01,West,381.15,1524.6,High
1148,3895,Headphones,5.0,2024-06-28,West,351.88,1759.4,High
1149,3142,Laptop,1.0,2025-10-13,East,4866.91,4866.91,High
1150,2994,Headphones,2.0,2023-10-30,East,176.83,353.66,High
1152,2935,Webcam,1.0,2024-04-22,West,259.84,259.84,High
1153,4591,SSD,4.0,2025-11-11,East,597.16,2388.64,High
1154,1899,Webcam,5.0,2024-07-12,West,263.4,1317.0,High
1155,1359,Laptop,1.0,2023-12-15,East,3969.13,3969.13,High
1156,3947,Phone,1.0,2024-10-31,North,2074.28,2074.28,High
1157,2719,Headphones,2.0,2023-09-15,North,510.89,1021.78,High
1158,1280,Laptop,5.0,2024-10-16,North,3432.69,17163.45,High
1159,4266,Webcam,5.0,2025-12-06,East,297.15,1485.75,High
1160,2887,Phone,1.0,2025-11-16,North,1845.3,1845.3,High
1161,4266,Headphones,5.0,2025-11-16,East,303.54,1517.7,High
1162,1666,Monitor,2.0,2023-05-25,North,1731.2,3462.4,High
1163,1092,Headphones,2.0,2024-08-09,South,196.22,392.44,High
1164,1671,Keyboard,2.0,2024-06-05,North,91.78,183.56,High
1165,2969,Headphones,4.0,2025-03-11,South,468.22,1872.88,High
1166,1060,Keyboard,1.0,2024-01-17,North,209.37,209.37,High
1167,3681,Phone,5.0,2025-02-14,East,1340.02,6700.1,High
1168,4122,Headphones,2.0,2024-11-03,North,417.56,835.12,High
1169,4474,Phone,1.0,2023-11-23,North,2110.1,2110.1,High
1170,4860,Phone,1.0,2024-09-21,West,1168.84,1168.84,High
1171,2028,Webcam,4.0,2023-03-25,North,266.05,1064.2,High
1172,2489,Laptop,5.0,2023-05-26,West,4474.0,22370.0,High
1173,1603,Phone,5.0,2024-02-28,West,1499.11,7495.549999999999,High
1174,1681,Phone,2.0,2024-10-22,East,1771.95,3543.9,High
1175,4900,Webcam,2.0,2025-02-01,East,105.13,210.26,High
1176,3581,Webcam,1.0,2024-07-22,South,345.75,345.75,High
1177,2428,Headphones,5.0,2023-12-13,South,498.06,2490.3,High
1178,3885,Webcam,5.0,2023-12-13,South,226.0,1130.0,High
1179,4584,Headphones,2.0,2024-02-12,North,159.62,319.24,High
1180,3692,Monitor,3.0,2023-05-13,South,1490.6,4471.799999999999,High
1181,3280,Webcam,1.0,2024-09-05,West,263.35,263.35,High
1182,1523,Laptop,5.0,2025-09-14,North,4758.44,23792.199999999997,High
1183,3393,Phone,4.0,2023-04-16,East,1275.67,5102.68,High
1184,4117,Laptop,4.0,2023-06-20,East,2096.98,8387.92,High
1185,3593,Keyboard,3.0,2024-10-01,North,113.68,341.04,High
1186,2968,SSD,2.0,2023-09-19,North,342.56,685.12,High
1188,2753,Phone,2.0,2025-06-21,East,2465.55,4931.1,High
1189,2836,Laptop,4.0,2023-10-17,South,2667.17,10668.68,High
1190,4994,Webcam,2.0,2023-03-26,East,296.92,593.84,High
1191,4144,Webcam,4.0,2023-02-14,East,225.32,901.28,High
1192,3841,SSD,3.0,2025-03-25,West,399.82,1199.46,High
1193,3296,Monitor,1.0,2023-11-29,North,1899.02,1899.02,High
1194,3094,Monitor,5.0,2024-04-09,East,1297.33,6486.65,High
1195,2144,Phone,3.0,2023-07-19,North,1318.89,3956.67,High
1196,3261,Keyboard,4.0,2023-11-25,North,105.2,420.8,High
1197,3286,Monitor,3.0,2023-08-28,South,1837.99,5513.97,High
1198,2079,SSD,5.0,2025-03-08,East,594.03,2970.1499999999996,High
1199,3397,Monitor,1.0,2024-12-02,West,877.75,877.75,High
1200,1106,Keyboard,5.0,2024-08-05,South,230.48,1152.3999999999999,High
1201,3878,Laptop,4.0,2024-10-18,East,3517.26,14069.04,High
1202,1047,Monitor,5.0,2024-12-21,North,1547.87,7739.349999999999,High
1203,4644,SSD,3.0,2023-12-26,East,583.9,1751.6999999999998,High
1204,1336,Headphones,2.0,2024-01-20,South,238.04,476.08,High
1205,2049,SSD,3.0,2025-03-09,South,482.98,1448.94,High
1206,3851,Mouse,4.0,2023-12-31,East,104.45,417.8,High
1207,2280,Mouse,1.0,2023-03-13,East,140.93,140.93,High
1208,3055,Monitor,5.0,2024-05-18,North,1109.98,5549.9,High
1209,1624,Laptop,1.0,2023-05-07,East,4125.01,4125.01,High
1210,2890,Webcam,4.0,2024-04-26,South,188.0,752.0,High
1211,2276,Laptop,5.0,2023-10-10,North,3465.07,17325.350000000002,High
1212,2715,SSD,3.0,2025-10-22,North,468.96,1406.8799999999999,High
1213,3766,Phone,3.0,2023-03-15,West,872.6,2617.8,High
1214,1302,Headphones,4.0,2025-12-23,West,264.04,1056.16,High
1215,1638,Laptop,5.0,2025-02-11,North,3638.55,18192.75,High
1216,1055,Keyboard,3.0,2023-12-13,East,68.53,205.59,High
1217,1725,SSD,4.0,2023-11-20,East,466.42,1865.68,High
1218,1525,Headphones,4.0,2023-08-27,West,506.64,2026.56,High
1219,1473,Mouse,1.0,2023-12-03,West,57.77,57.77,Low
1220,1027,SSD,3.0,2023-12-07,East,480.06,1440.18,High
1221,3125,Headphones,5.0,2025-08-03,North,423.1,2115.5,High
1222,4287,Keyboard,3.0,2025-06-10,South,152.72,458.15999999999997,High
1223,4457,Monitor,3.0,2024-04-06,East,747.48,2242.44,High
1224,1364,Keyboard,3.0,2025-03-08,West,288.72,866.1600000000001,High
1225,3713,Keyboard,4.0,2025-01-02,South,166.0,664.0,High
1226,1525,Monitor,2.0,2023-06-11,East,775.47,1550.94,High
1227,3746,Monitor,2.0,2024-03-23,East,1577.25,3154.5,High
1228,2335,Monitor,1.0,2023-09-22,North,1411.85,1411.85,High
1229,1882,Monitor,3.0,2025-10-06,East,1724.3,5172.9,High
1230,2030,Monitor,2.0,2023-05-12,North,1994.15,3988.3,High
1231,2026,Keyboard,1.0,2023-04-30,East,61.22,61.22,Low
1232,2646,Phone,4.0,2024-11-02,East,2056.84,8227.36,High
1233,1918,Phone,3.0,2024-05-19,West,2481.52,7444.5599999999995,High
1234,3797,SSD,5.0,2023-04-19,West,392.2,1961.0,High
1235,3410,Laptop,4.0,2023-10-20,North,4147.11,16588.44,High
1236,2774,Phone,1.0,2025-09-14,North,1549.89,1549.89,High
1237,2531,Mouse,4.0,2025-04-07,East,90.65,362.6,High
1238,4345,Phone,5.0,2023-07-06,East,1983.98,9919.9,High
1239,4577,Keyboard,4.0,2025-11-25,West,297.02,1188.08,High
1240,3853,Monitor,1.0,2023-09-13,North,637.5,637.5,High
1241,3786,SSD,5.0,2025-10-28,West,339.95,1699.75,High
1242,2906,Monitor,5.0,2025-01-17,South,1910.93,9554.65,High
1243,4086,Webcam,4.0,2023-02-10,North,116.1,464.4,High
1244,2215,Webcam,5.0,2025-01-26,North,288.3,1441.5,High
1245,2654,Webcam,4.0,2023-04-23,West,217.65,870.6,High
1246,1484,Keyboard,3.0,2025-02-06,East,144.22,432.65999999999997,High
1247,3075,Mouse,5.0,2025-05-03,West,65.6,328.0,High
1248,1713,Phone,4.0,2023-03-19,East,1099.77,4399.08,High
1249,2062,Keyboard,3.0,2024-12-19,North,179.07,537.21,High
1250,2976,Laptop,5.0,2025-05-27,East,3132.31,15661.55,High
1251,2296,SSD,3.0,2024-02-06,North,371.19,1113.57,High
1252,2254,Monitor,5.0,2025-04-12,East,793.91,3969.5499999999997,High
1253,3133,Webcam,1.0,2023-03-05,South,192.06,192.06,High
1254,4545,Headphones,1.0,2024-10-13,East,598.21,598.21,High
1255,1125,Laptop,4.0,2025-06-04,East,3104.21,12416.84,High
1256,3859,Webcam,2.0,2025-12-01,North,212.07,424.14,High
1257,1536,Mouse,1.0,2024-01-08,North,33.38,33.38,Low
1258,3192,Laptop,2.0,2023-11-02,South,3142.48,6284.96,High
1259,4596,Keyboard,3.0,2023-07-28,West,240.85,722.55,High
1260,4283,Phone,3.0,2024-04-11,South,1676.51,5029.53,High
1261,3072,Monitor,2.0,2025-07-20,East,1485.57,2971.14,High
1262,2603,SSD,4.0,2024-10-08,North,400.45,1601.8,High
1263,4465,Mouse,5.0,2023-12-28,South,47.93,239.65,High
1264,1066,Mouse,2.0,2024-12-21,East,86.46,172.92,High
1265,1232,Headphones,2.0,2024-12-16,East,447.12,894.24,High
1266,3156,Laptop,2.0,2024-06-26,East,3643.82,7287.64,High
1267,2169,Headphones,2.0,2023-07-13,East,437.48,874.96,High
1268,3158,Phone,2.0,2024-10-13,East,1412.31,2824.62,High
1269,3275,Webcam,4.0,2025-11-16,South,141.98,567.92,High
1270,1110,Phone,1.0,2025-12-05,North,2210.68,2210.68,High
1271,2493,Webcam,5.0,2024-10-08,South,200.42,1002.0999999999999,High
1272,3081,Headphones,1.0,2025-08-11,North,427.51,427.51,High
1273,1622,Monitor,2.0,2025-12-17,West,1071.87,2143.74,High
1274,4847,Phone,1.0,2025-11-02,East,2376.33,2376.33,High
1275,4440,Headphones,4.0,2025-08-06,South,595.97,2383.88,High
1276,3795,Laptop,3.0,2025-08-18,West,3946.79,11840.369999999999,High
1277,3642,Headphones,1.0,2023-02-18,West,401.08,401.08,High
1278,4625,Headphones,5.0,2025-03-13,South,520.41,2602.0499999999997,High
1279,3472,Keyboard,4.0,2024-08-29,West,179.06,716.24,High
1280,3660,Phone,3.0,2023-01-10,North,2278.16,6834.48,High
1281,2541,SSD,4.0,2024-11-04,West,335.82,1343.28,High
1282,3739,Monitor,2.0,2024-12-26,South,547.85,1095.7,High
1283,2305,Monitor,3.0,2024-05-30,East,1889.89,5669.67,High
1284,4391,Keyboard,5.0,2023-08-12,North,230.38,1151.9,High
1285,2761,Webcam,3.0,2023-07-22,West,243.45,730.3499999999999,High
1286,4514,Mouse,5.0,2025-07-30,North,190.63,953.15,High
1287,2975,Webcam,2.0,2024-08-11,South,363.77,727.54,High
1288,3362,Monitor,5.0,2024-07-24,East,662.64,3313.2,High
1289,1876,Headphones,4.0,2025-08-14,East,412.2,1648.8,High
1290,2989,Keyboard,1.0,2023-07-15,East,184.53,184.53,High
1291,4812,Laptop,4.0,2024-02-22,East,4329.42,17317.68,High
1292,4448,Phone,4.0,2023-01-09,East,1311.31,5245.24,High
1293,2312,Phone,3.0,2024-06-15,North,813.8,2441.3999999999996,High
1294,2460,SSD,2.0,2023-05-29,South,233.43,466.86,High
1295,3709,Phone,1.0,2024-01-18,South,1158.6,1158.6,High
1296,3324,Headphones,5.0,2025-11-01,West,245.71,1228.55,High
1297,2733,Laptop,3.0,2024-04-20,South,3111.18,9333.539999999999,High
1298,2605,Keyboard,2.0,2024-08-01,North,226.64,453.28,High
1299,2526,Keyboard,1.0,2025-12-12,East,68.56,68.56,Low
1300,3671,Phone,4.0,2023-07-25,South,1627.13,6508.52,High
1301,3563,Laptop,2.0,2025-09-12,North,3495.93,6991.86,High
1302,4421,Laptop,2.0,2025-07-03,East,3847.61,7695.22,High
1303,3890,Laptop,2.0,2025-01-14,North,2931.64,5863.28,High
1304,4517,Monitor,4.0,2025-07-01,East,889.68,3558.72,High
1305,4901,Monitor,5.0,2023-02-23,South,1225.83,6129.15,High
1306,3397,Phone,3.0,2025-09-28,South,1921.33,5763.99,High
1307,2630,Laptop,5.0,2023-12-10,West,2133.78,10668.900000000001,High
1308,4735,Mouse,1.0,2024-12-03,South,79.91,79.91,Low
1309,3870,Laptop,3.0,2024-06-10,South,4361.93,13085.79,High
1310,2160,Keyboard,1.0,2024-02-16,West,171.05,171.05,High
1311,1758,Keyboard,4.0,2024-07-22,North,287.96,1151.84,High
1312,3946,Phone,5.0,2023-07-18,North,2274.82,11374.1,High
1313,1242,Mouse,2.0,2025-02-13,North,88.47,176.94,High
1314,3590,Laptop,3.0,2024-01-24,East,4178.81,12536.43,High
1315,2063,Webcam,2.0,2024-04-18,South,167.78,335.56,High
1316,1228,Mouse,1.0,2025-02-03,East,59.8,59.8,Low
1317,3595,SSD,2.0,2024-08-14,North,546.46,1092.92,High
1318,1919,Phone,2.0,2025-12-31,North,1395.42,2790.84,High
1319,2246,Keyboard,4.0,2025-09-08,East,100.85,403.4,High
1320,1005,Webcam,4.0,2025-09-20,North,388.79,1555.16,High
1321,4393,Keyboard,5.0,2023-06-17,South,57.76,288.8,High
1322,1467,Monitor,1.0,2023-10-11,East,1050.35,1050.35,High
1323,2755,Phone,4.0,2025-11-25,West,865.31,3461.24,High
1324,1074,Phone,4.0,2025-04-03,North,1656.97,6627.88,High
1325,1003,Laptop,5.0,2025-06-09,South,3203.53,16017.650000000001,High
1327,1645,Monitor,5.0,2023-05-02,West,1931.05,9655.25,High
1328,1117,Webcam,2.0,2025-04-12,West,246.3,492.6,High
1329,3928,SSD,2.0,2025-10-18,West,278.43,556.86,High
1330,2629,Headphones,4.0,2025-06-13,South,536.09,2144.36,High
1331,3551,Mouse,4.0,2023-10-16,South,132.77,531.08,High
1332,3021,Headphones,5.0,2025-12-12,South,376.74,1883.7,High
1333,1946,Headphones,5.0,2025-12-10,South,194.29,971.4499999999999,High
1334,3621,Phone,1.0,2025-04-18,East,869.01,869.01,High
1335,2464,Mouse,2.0,2025-06-30,North,108.44,216.88,High
1336,1193,Phone,5.0,2023-02-09,East,1697.68,8488.4,High
1337,1846,SSD,3.0,2023-09-07,West,207.19,621.5699999999999,High
1338,3762,Mouse,1.0,2023-08-06,North,40.1,40.1,Low
1339,2415,Keyboard,5.0,2023-06-28,East,104.02,520.1,High
1340,4097,Phone,4.0,2023-07-02,North,907.27,3629.08,High
1341,2458,Phone,5.0,2024-12-05,North,895.44,4477.200000000001,High
1342,3220,Phone,4.0,2024-05-11,North,1555.08,6220.32,High
1343,4371,Webcam,4.0,2024-08-19,North,339.28,1357.12,High
1344,2668,Monitor,2.0,2024-04-05,North,1495.98,2991.96,High
1345,3373,Phone,2.0,2024-04-18,East,1955.0,3910.0,High
1346,2433,SSD,5.0,2024-11-15,East,268.1,1340.5,High
1347,2141,Laptop,5.0,2025-11-26,North,2033.31,10166.55,High
1348,3883,Laptop,3.0,2023-11-15,West,3351.94,10055.82,High
1349,2810,Mouse,1.0,2023-12-22,West,94.11,94.11,Low
1350,1723,Keyboard,1.0,2024-09-08,East,286.81,286.81,High
1351,1224,Monitor,5.0,2023-08-17,South,608.03,3040.1499999999996,High
1352,1531,Webcam,2.0,2024-12-29,North,328.45,656.9,High
1353,1112,Mouse,3.0,2024-07-14,East,95.52,286.56,High
1354,3187,Laptop,1.0,2024-09-26,West,4488.86,4488.86,High
1355,1558,Monitor,5.0,2024-04-03,South,1242.36,6211.799999999999,High
1356,3048,Monitor,2.0,2023-01-25,East,1730.75,3461.5,High
1357,3137,Keyboard,2.0,2024-01-05,North,166.71,333.42,High
1359,1319,Monitor,4.0,2024-09-02,North,1945.56,7782.24,High
1360,2573,Phone,2.0,2023-04-19,East,1427.06,2854.12,High
1361,2828,Monitor,5.0,2024-12-20,East,1707.95,8539.75,High
1362,2917,Keyboard,3.0,2024-03-07,South,66.76,200.28000000000003,High
1363,1138,Mouse,5.0,2025-10-28,North,40.65,203.25,High
1364,4582,Keyboard,2.0,2024-09-27,West,159.53,319.06,High
1365,4939,Webcam,3.0,2024-01-02,East,267.38,802.14,High
1366,3892,Keyboard,1.0,2025-07-13,East,202.13,202.13,High
1367,3026,Laptop,1.0,2024-02-18,East,2109.16,2109.16,High
1368,3306,Phone,5.0,2023-12-22,West,1984.46,9922.3,High
1369,4744,SSD,3.0,2023-01-11,North,208.47,625.41,High
1370,1901,Laptop,5.0,2023-03-06,West,4866.03,24330.149999999998,High
1371,1689,Mouse,3.0,2023-05-05,North,86.7,260.1,High
1372,3039,Headphones,3.0,2023-11-08,North,230.72,692.16,High
1373,1009,Mouse,5.0,2025-02-13,East,79.52,397.59999999999997,High
1374,1260,Phone,3.0,2025-09-28,West,2393.5,7180.5,High
1375,2942,Monitor,2.0,2025-05-22,North,1224.26,2448.52,High
1376,2673,Keyboard,3.0,2024-11-24,South,158.67,476.01,High
1377,3219,Headphones,3.0,2025-09-16,East,382.95,1148.85,High
1378,3945,Phone,5.0,2025-03-09,North,2382.3,11911.5,High
1379,3060,Laptop,1.0,2024-11-04,West,2925.02,2925.02,High
1380,2191,Keyboard,4.0,2025-06-30,East,95.21,380.84,High
1381,4713,Mouse,3.0,2024-02-10,West,131.23,393.68999999999994,High
1382,2619,Laptop,4.0,2025-09-22,South,3475.02,13900.08,High
1383,1320,Phone,3.0,2025-11-06,South,905.35,2716.05,High
1384,2342,Phone,5.0,2024-09-28,East,1687.29,8436.45,High
1385,2636,Mouse,5.0,2025-06-08,South,125.61,628.05,High
1386,3376,Headphones,3.0,2024-05-03,East,447.08,1341.24,High
1387,3832,Mouse,5.0,2023-08-27,North,199.24,996.2,High
1388,3824,Monitor,5.0,2023-06-29,South,1132.37,5661.849999999999,High
1389,2994,Laptop,3.0,2023-11-13,West,3530.61,10591.83,High
1390,3958,Headphones,1.0,2023-08-20,East,137.5,137.5,High
1391,2943,Keyboard,3.0,2023-11-27,North,257.9,773.6999999999999,High
1392,4621,Webcam,1.0,2024-07-14,West,111.41,111.41,High
1393,3038,Monitor,5.0,2025-08-06,East,1900.75,9503.75,High
1394,4490,Headphones,1.0,2023-09-05,East,274.25,274.25,High
1395,4677,Webcam,5.0,2023-10-10,North,188.03,940.15,High
1396,2118,Webcam,1.0,2025-07-28,South,185.15,185.15,High
1397,4888,Laptop,1.0,2023-02-01,West,4851.47,4851.47,High
1398,2604,Phone,3.0,2024-06-13,South,2466.18,7398.539999999999,High
1400,1235,Mouse,5.0,2023-03-04,South,149.81,749.05,High
1401,2969,Laptop,3.0,2023-05-08,North,2333.17,6999.51,High
1402,1333,Monitor,1.0,2023-06-12,East,1079.54,1079.54,High
1403,2908,SSD,3.0,2025-08-15,North,280.19,840.5699999999999,High
1404,1375,Webcam,4.0,2023-10-22,North,306.68,1226.72,High
1405,4530,Monitor,3.0,2023-06-28,West,1238.98,3716.94,High
1406,2160,Webcam,4.0,2023-08-17,East,277.28,1109.12,High
1407,3635,Phone,4.0,2025-06-01,South,814.84,3259.36,High
1408,2570,SSD,3.0,2024-01-29,East,502.29,1506.8700000000001,High
1409,3560,Phone,5.0,2024-11-22,North,2418.49,12092.449999999999,High
1410,2319,Keyboard,5.0,2023-03-13,North,217.34,1086.7,High
1411,4391,Mouse,5.0,2023-11-14,East,174.83,874.1500000000001,High
1412,3965,Keyboard,2.0,2024-08-17,East,169.56,339.12,High
1413,4643,Phone,4.0,2024-01-14,West,834.35,3337.4,High
1414,2855,Phone,3.0,2025-06-25,East,2483.8,7451.400000000001,High
1415,2372,Monitor,5.0,2023-05-16,West,588.25,2941.25,High
1416,4911,Phone,5.0,2024-12-30,West,1127.72,5638.6,High
1417,4850,SSD,3.0,2025-06-24,East,173.6,520.8,High
1418,1872,SSD,4.0,2024-06-13,West,431.23,1724.92,High
1419,2252,Headphones,3.0,2025-07-23,East,391.62,1174.8600000000001,High
1420,3317,Webcam,2.0,2024-10-27,North,147.09,294.18,High
1421,2851,Laptop,2.0,2024-06-06,North,4869.96,9739.92,High
1422,3845,Phone,3.0,2024-01-22,North,2352.93,7058.789999999999,High
1423,2314,Keyboard,4.0,2024-07-27,West,119.95,479.8,High
1424,1724,Mouse,5.0,2024-08-05,East,142.01,710.05,High
1425,4236,Webcam,2.0,2024-07-26,East,353.67,707.34,High
1426,3052,Webcam,2.0,2024-10-05,South,195.14,390.28,High
1427,3898,Mouse,4.0,2024-07-26,South,73.11,292.44,High
1428,4450,Mouse,2.0,2025-05-19,North,73.55,147.1,High
1429,1077,Webcam,2.0,2024-06-30,West,342.55,685.1,High
1430,4481,Headphones,4.0,2024-03-13,West,331.54,1326.16,High
1431,3621,Keyboard,3.0,2024-07-08,East,228.83,686.49,High
1432,1131,Headphones,5.0,2023-04-21,North,425.15,2125.75,High
1433,1600,Phone,5.0,2024-06-10,North,1320.58,6602.9,High
1434,2772,Laptop,2.0,2023-06-26,South,2624.23,5248.46,High
1435,2065,Mouse,5.0,2024-11-04,North,51.38,256.90000000000003,High
1436,3136,SSD,3.0,2024-09-15,West,160.75,482.25,High
1437,3449,Keyboard,2.0,2025-08-01,North,70.31,140.62,High
1438,3343,Mouse,5.0,2024-04-17,East,73.56,367.8,High
1439,2863,Headphones,1.0,2025-09-20,East,456.8,456.8,High
1440,2318,Monitor,1.0,2025-05-28,South,732.38,732.38,High
1441,1615,Phone,1.0,2023-06-19,North,1689.77,1689.77,High
1442,4597,Laptop,1.0,2025-10-10,West,2735.4,2735.4,High
1443,3847,Phone,1.0,2023-02-25,South,1670.08,1670.08,High
1444,4762,Monitor,2.0,2023-11-21,East,1625.02,3250.04,High
1445,4708,Laptop,4.0,2024-10-19,North,2797.94,11191.76,High
1446,3469,Monitor,4.0,2025-08-14,West,1021.85,4087.4,High
1447,2888,Phone,2.0,2023-09-17,North,2029.1,4058.2,High
1448,2046,Headphones,2.0,2024-10-02,East,373.17,746.34,High
1449,1574,Webcam,3.0,2024-07-15,East,110.26,330.78000000000003,High
1450,3190,Phone,4.0,2023-12-06,North,2088.86,8355.44,High
1451,1992,Phone,1.0,2024-02-08,North,1271.65,1271.65,High
1452,3712,Phone,2.0,2024-06-15,West,1454.6,2909.2,High
1453,3192,Keyboard,1.0,2025-03-05,North,111.29,111.29,High
1455,4054,SSD,5.0,2024-08-16,East,468.5,2342.5,High
1456,1502,Monitor,5.0,2024-09-08,South,1704.82,8524.1,High
1457,2997,Mouse,2.0,2024-10-13,North,186.76,373.52,High
1458,1820,Monitor,3.0,2024-12-14,North,1038.82,3116.46,High
1459,4687,Mouse,1.0,2023-12-10,East,188.54,188.54,High
1460,3151,Keyboard,2.0,2023-02-15,East,204.24,408.48,High
1461,4110,Headphones,3.0,2025-06-22,West,294.8,884.4000000000001,High
1462,2970,Mouse,1.0,2023-02-24,East,180.84,180.84,High
1463,1197,Phone,4.0,2025-05-05,West,1785.37,7141.48,High
1464,2669,Headphones,5.0,2024-10-21,North,327.14,1635.6999999999998,High
1465,3626,Webcam,3.0,2023-04-21,East,83.68,251.04000000000002,High
1466,3438,Keyboard,1.0,2025-11-04,North,229.38,229.38,High
1467,2202,Monitor,2.0,2023-03-19,North,616.02,1232.04,High
1468,3601,Mouse,1.0,2024-05-15,East,79.2,79.2,Low
1469,2471,SSD,2.0,2024-08-10,East,582.76,1165.52,High
1470,4571,Phone,5.0,2024-02-22,South,1063.86,5319.299999999999,High
1471,4086,Laptop,5.0,2023-10-02,East,2935.35,14676.75,High
1472,2646,Webcam,1.0,2025-12-22,South,378.35,378.35,High
1473,2692,Laptop,1.0,2025-08-30,West,3013.05,3013.05,High
1474,2312,Headphones,2.0,2025-09-17,North,264.34,528.68,High
1475,3035,Monitor,2.0,2023-07-13,North,1471.93,2943.86,High
1476,1477,SSD,3.0,2025-05-04,East,209.11,627.33,High
1477,2254,Laptop,3.0,2025-03-09,East,4918.26,14754.78,High
1478,1922,Headphones,3.0,2023-10-28,East,237.51,712.53,High
1479,1419,Keyboard,1.0,2025-08-25,East,246.42,246.42,High
1480,3204,Headphones,3.0,2024-07-21,West,243.81,731.4300000000001,High
1481,3597,Webcam,1.0,2024-11-02,East,168.12,168.12,High
1483,2120,SSD,4.0,2025-02-07,East,203.69,814.76,High
1484,4068,Headphones,5.0,2023-05-19,West,360.98,1804.9,High
1485,4044,Webcam,1.0,2025-05-10,North,264.59,264.59,High
1486,4482,Headphones,1.0,2023-10-19,East,507.92,507.92,High
1487,1950,SSD,4.0,2023-12-01,East,177.1,708.4,High
1488,3336,SSD,2.0,2024-11-29,North,310.27,620.54,High
1489,2277,Phone,2.0,2023-11-03,East,1140.27,2280.54,High
1490,3243,Headphones,2.0,2025-07-13,North,278.94,557.88,High
1491,3645,Mouse,3.0,2025-09-07,North,90.23,270.69,High
1492,2857,Headphones,2.0,2025-06-16,West,277.14,554.28,High
1493,4593,SSD,3.0,2025-07-15,North,289.34,868.02,High
1494,1516,Phone,3.0,2023-12-10,East,2098.76,6296.280000000001,High
1495,2658,Phone,2.0,2024-10-18,South,1972.5,3945.0,High
1496,2865,Keyboard,2.0,2023-09-18,East,135.37,270.74,High
1497,3912,Webcam,4.0,2023-06-18,North,126.88,507.52,High
1498,2141,Monitor,4.0,2024-10-21,South,1277.42,5109.68,High
1499,3853,Laptop,3.0,2023-07-19,West,4756.54,14269.619999999999,High
1500,2932,Laptop,4.0,2024-08-04,South,2370.68,9482.72,High
1501,4230,Headphones,3.0,2024-07-19,South,476.51,1429.53,High
1502,1814,Keyboard,1.0,2024-01-30,South,199.84,199.84,High
1503,3275,Headphones,3.0,2023-12-17,North,394.3,1182.9,High
1504,2900,Laptop,3.0,2023-01-28,South,4803.97,14411.91,High
1505,3263,Webcam,4.0,2024-09-23,North,385.9,1543.6,High
1506,3995,SSD,1.0,2024-01-15,East,259.73,259.73,High
1507,4767,Webcam,5.0,2024-06-11,West,338.71,1693.55,High
1508,3062,Webcam,5.0,2025-06-21,East,278.66,1393.3000000000002,High
1509,4228,Phone,5.0,2025-03-17,East,1495.04,7475.2,High
1510,4719,SSD,1.0,2023-08-15,North,449.53,449.53,High
1511,4332,Monitor,2.0,2023-01-27,West,1933.95,3867.9,High
1512,4228,SSD,1.0,2023-03-30,South,382.59,382.59,High
1513,3094,Keyboard,4.0,2024-09-10,West,285.02,1140.08,High
1514,3371,Phone,3.0,2023-05-02,North,1892.91,5678.7300000000005,High
1515,3891,Monitor,3.0,2025-05-15,West,1224.36,3673.08,High
1516,4756,Keyboard,4.0,2023-02-02,East,211.04,844.16,High
1517,1129,Keyboard,4.0,2024-08-25,North,200.64,802.56,High
1518,4482,Laptop,3.0,2024-11-26,West,3265.09,9795.27,High
1519,1094,Phone,2.0,2025-06-06,North,1756.18,3512.36,High
1520,3674,Keyboard,2.0,2024-06-08,East,225.81,451.62,High
1521,3802,Mouse,2.0,2025-11-13,West,172.61,345.22,High
1522,2955,Webcam,4.0,2023-02-03,North,177.39,709.56,High
1523,4363,Keyboard,3.0,2023-09-04,South,53.66,160.98,High
1524,1793,Monitor,3.0,2025-11-08,East,1326.83,3980.49,High
1525,2834,Laptop,3.0,2025-11-19,East,3467.85,10403.55,High
1526,4354,Headphones,1.0,2023-02-18,West,127.1,127.1,High
1527,3116,Webcam,1.0,2025-06-30,East,282.4,282.4,High
1528,2683,Laptop,5.0,2023-06-29,South,4824.2,24121.0,High
1529,1010,Headphones,1.0,2025-01-07,West,301.12,301.12,High
1530,4325,Phone,2.0,2024-08-12,West,2320.41,4640.82,High
1531,2865,Phone,2.0,2024-05-10,North,2182.27,4364.54,High
1532,3919,Keyboard,2.0,2024-03-06,North,90.43,180.86,High
1533,3597,Mouse,2.0,2025-11-24,South,163.84,327.68,High
1535,1711,SSD,2.0,2023-11-06,North,563.38,1126.76,High
1536,3070,Keyboard,4.0,2025-09-08,West,97.36,389.44,High
1538,1345,Laptop,4.0,2023-01-10,North,2723.84,10895.36,High
1539,3349,Phone,1.0,2023-02-17,South,901.37,901.37,High
1540,1362,SSD,3.0,2023-07-23,South,294.04,882.1200000000001,High
1541,3443,Laptop,5.0,2025-09-15,South,2849.03,14245.150000000001,High
1542,3265,Laptop,4.0,2025-06-12,South,3248.65,12994.6,High
1543,3188,Mouse,4.0,2023-06-06,East,108.71,434.84,High
1544,4687,Phone,2.0,2025-05-04,East,1046.02,2092.04,High
1545,4005,Laptop,4.0,2023-01-26,West,3858.12,15432.48,High
1546,4281,Mouse,2.0,2024-02-25,South,68.01,136.02,High
1547,1984,Mouse,2.0,2025-01-30,East,50.73,101.46,High
1548,4040,Phone,3.0,2025-02-12,West,2004.98,6014.9400000000005,High
1549,4694,Mouse,1.0,2023-09-21,South,33.86,33.86,Low
1550,2639,Phone,2.0,2024-08-10,South,1426.22,2852.44,High
1551,1827,SSD,2.0,2025-08-15,East,214.98,429.96,High
1552,3730,Phone,3.0,2024-04-14,West,2300.75,6902.25,High
1553,4531,Headphones,2.0,2023-09-11,South,512.23,1024.46,High
1554,4051,Laptop,5.0,2025-01-09,East,2181.58,10907.9,High
1555,1355,SSD,1.0,2023-04-28,West,397.7,397.7,High
1556,4055,Monitor,5.0,2024-07-03,North,943.03,4715.15,High
1557,2347,Phone,4.0,2025-06-29,South,1127.33,4509.32,High
1558,4204,Laptop,1.0,2025-05-19,East,2934.62,2934.62,High
1559,3935,Webcam,4.0,2025-03-18,North,341.08,1364.32,High
1560,4876,Mouse,2.0,2025-03-31,East,39.84,79.68,Low
1561,2863,Keyboard,3.0,2024-07-17,North,212.06,636.1800000000001,High
1562,1126,Phone,5.0,2024-02-18,West,2352.73,11763.65,High
1563,4177,Mouse,4.0,2025-05-29,West,106.17,424.68,High
1564,4056,Mouse,2.0,2025-09-19,North,183.26,366.52,High
1565,1603,Mouse,5.0,2023-01-01,North,184.16,920.8,High
1566,4870,Mouse,5.0,2023-06-16,East,133.63,668.15,High
1567,4449,Mouse,4.0,2023-01-16,South,107.49,429.96,High
1568,2928,Phone,2.0,2024-10-18,East,2054.03,4108.06,High
1569,2013,Webcam,3.0,2023-04-22,North,373.19,1119.57,High
1570,1050,Monitor,4.0,2024-08-16,North,1520.05,6080.2,High
1571,4100,Headphones,5.0,2024-05-21,North,204.8,1024.0,High
1572,4533,Mouse,5.0,2024-11-01,North,169.41,847.05,High
1573,4367,Mouse,1.0,2025-11-29,South,191.76,191.76,High
1574,4368,Headphones,2.0,2025-01-28,East,305.14,610.28,High
1575,4797,Webcam,1.0,2024-05-11,East,303.23,303.23,High
1576,3826,SSD,3.0,2025-08-22,East,383.17,1149.51,High
1577,2430,Webcam,4.0,2023-10-08,South,115.84,463.36,High
1578,2792,SSD,5.0,2023-12-17,South,307.43,1537.15,High
1579,3861,Phone,2.0,2023-11-30,North,1078.51,2157.02,High
1580,2636,Laptop,5.0,2025-01-30,South,4020.72,20103.6,High
1581,4476,Keyboard,1.0,2024-12-28,East,195.52,195.52,High
1582,4417,Keyboard,1.0,2025-04-02,East,58.38,58.38,Low
1583,2645,Laptop,4.0,2023-01-14,South,2184.82,8739.28,High
1584,3467,Phone,2.0,2025-12-15,East,1243.35,2486.7,High
1585,2205,Keyboard,2.0,2023-12-08,North,236.21,472.42,High
1586,4030,Webcam,4.0,2023-07-18,West,120.59,482.36,High
1587,3872,Headphones,1.0,2024-11-08,West,202.39,202.39,High
1588,4072,Laptop,1.0,2024-10-19,South,4722.88,4722.88,High
1589,2854,Webcam,1.0,2023-03-19,East,254.76,254.76,High
1590,1566,Monitor,5.0,2023-04-22,East,1431.27,7156.35,High
1591,3418,Phone,3.0,2024-06-18,South,1574.8,4724.4,High
1592,1935,Laptop,1.0,2025-09-18,West,2899.31,2899.31,High
1593,2934,Keyboard,3.0,2025-02-28,East,112.28,336.84000000000003,High
1594,3708,Phone,3.0,2024-06-13,East,1801.67,5405.01,High
1595,4502,Headphones,2.0,2023-04-10,East,335.49,670.98,High
1596,4016,Phone,4.0,2025-08-30,North,1485.16,5940.64,High
1597,2332,Phone,5.0,2025-10-11,North,1980.45,9902.25,High
1598,4208,Headphones,3.0,2023-05-05,North,302.08,906.24,High
1599,1201,Mouse,5.0,2025-10-11,North,36.24,181.20000000000002,High
1600,4507,Headphones,2.0,2024-06-02,West,519.83,1039.66,High
1601,3360,Webcam,1.0,2023-01-23,South,181.89,181.89,High
1602,1116,Phone,3.0,2023-06-11,West,2408.88,7226.64,High
1603,4737,SSD,4.0,2024-09-20,West,545.8,2183.2,High
1604,1936,Headphones,2.0,2024-05-20,West,216.96,433.92,High
1605,4874,Mouse,5.0,2025-05-31,North,194.13,970.65,High
1606,1574,Webcam,1.0,2025-11-10,South,353.14,353.14,High
1607,3291,SSD,5.0,2024-04-27,South,593.26,2966.3,High
1608,1536,SSD,4.0,2023-11-05,West,455.08,1820.32,High
1609,2625,Laptop,3.0,2025-05-23,West,4792.18,14376.54,High
1610,3122,Headphones,4.0,2023-07-22,North,445.05,1780.2,High
1611,4877,Headphones,5.0,2024-10-01,South,527.55,2637.75,High
1612,1385,Phone,5.0,2023-05-22,East,1837.73,9188.65,High
1613,4974,Webcam,4.0,2025-09-30,North,377.34,1509.36,High
1614,4281,Laptop,4.0,2024-09-06,West,3554.26,14217.04,High
1615,1474,Monitor,4.0,2023-04-17,West,1604.85,6419.4,High
1616,1417,Monitor,1.0,2024-06-12,East,1875.44,1875.44,High
1617,3394,Keyboard,5.0,2024-07-29,East,155.6,778.0,High
1618,4600,Headphones,2.0,2025-08-26,East,113.2,226.4,High
1619,3687,Headphones,1.0,2024-11-18,South,156.52,156.52,High
1620,1938,Laptop,1.0,2023-10-18,West,4915.73,4915.73,High
1621,1954,Mouse,1.0,2025-03-15,West,178.44,178.44,High
1622,1875,Monitor,2.0,2024-10-29,North,1225.13,2450.26,High
1623,1762,Keyboard,4.0,2024-01-20,South,290.22,1160.88,High
1624,2202,Laptop,5.0,2025-12-12,North,2556.82,12784.1,High
1625,2205,Headphones,3.0,2024-12-01,West,155.48,466.43999999999994,High
1626,1663,Monitor,3.0,2023-01-13,North,1402.16,4206.4800000000005,High
1627,1024,Webcam,5.0,2025-08-17,East,202.28,1011.4,High
1628,2990,Keyboard,2.0,2023-06-09,South,134.94,269.88,High
1629,2203,Phone,3.0,2024-07-18,West,2048.06,6144.18,High
1630,1709,Monitor,1.0,2023-01-08,East,725.02,725.02,High
1631,4572,Keyboard,3.0,2023-03-13,South,244.61,733.83,High
1632,2879,Laptop,5.0,2025-06-10,South,3078.35,15391.75,High
1633,2184,Phone,1.0,2023-04-08,South,2477.45,2477.45,High
1634,3224,Keyboard,3.0,2023-03-28,East,252.19,756.5699999999999,High
1635,1284,Keyboard,5.0,2023-04-11,East,211.56,1057.8,High
1636,1062,SSD,2.0,2023-10-08,South,253.25,506.5,High
1637,2002,SSD,5.0,2025-06-01,South,580.39,2901.95,High
1638,1661,SSD,2.0,2025-01-18,North,164.81,329.62,High
1639,3713,Headphones,1.0,2023-07-15,West,211.67,211.67,High
1640,3203,Mouse,5.0,2024-01-26,North,36.25,181.25,High
1641,4953,Monitor,4.0,2024-08-31,West,1949.77,7799.08,High
1642,2492,Headphones,4.0,2024-03-25,East,535.72,2142.88,High
1643,4120,Webcam,4.0,2023-05-01,East,384.67,1538.68,High
1644,1966,Phone,4.0,2023-11-28,North,2015.56,8062.24,High
1645,1848,Mouse,4.0,2025-12-11,North,34.66,138.64,High
1646,2107,Keyboard,2.0,2023-11-14,East,282.88,565.76,High
1647,4432,Headphones,5.0,2024-11-05,South,310.48,1552.4,High
1648,1688,SSD,1.0,2024-12-02,North,315.69,315.69,High
1649,1147,Mouse,4.0,2024-11-23,West,78.3,313.2,High
1650,4701,Webcam,4.0,2025-10-13,South,171.78,687.12,High
1651,1341,Monitor,1.0,2023-01-21,North,1700.94,1700.94,High
1652,3523,Webcam,1.0,2024-02-03,East,162.04,162.04,High
1653,2086,Phone,4.0,2023-07-21,West,1177.68,4710.72,High
1654,2724,Laptop,2.0,2024-04-10,South,4094.06,8188.12,High
1655,2383,Headphones,1.0,2025-06-14,East,243.73,243.73,High
1656,3608,SSD,5.0,2023-11-06,East,155.91,779.55,High
1657,1326,Phone,5.0,2024-05-18,West,2384.0,11920.0,High
1658,2792,Laptop,2.0,2023-01-26,North,2940.69,5881.38,High
1659,2759,SSD,3.0,2023-03-07,West,493.97,1481.91,High
1660,4212,SSD,2.0,2023-09-20,South,361.04,722.08,High
1661,1989,SSD,4.0,2024-04-16,South,210.34,841.36,High
1662,3262,Headphones,3.0,2023-06-16,South,430.96,1292.8799999999999,High
1663,3482,Phone,4.0,2025-03-10,North,1193.65,4774.6,High
1664,4962,SSD,5.0,2023-12-09,East,279.56,1397.8,High
1665,1951,Webcam,1.0,2024-12-18,East,90.37,90.37,Low
1666,1722,Phone,4.0,2024-02-17,South,827.89,3311.56,High
1667,4389,Mouse,5.0,2025-10-22,North,117.32,586.5999999999999,High
1668,3079,Webcam,2.0,2024-11-17,South,98.49,196.98,High
1669,3717,Headphones,4.0,2025-03-07,South,204.71,818.84,High
1670,3332,SSD,5.0,2024-04-27,South,565.71,2828.55,High
1671,4376,Phone,1.0,2025-11-21,South,940.85,940.85,High
1672,1428,Keyboard,4.0,2023-01-15,North,122.7,490.8,High
1673,2500,Headphones,5.0,2023-01-17,South,463.26,2316.3,High
1674,1285,Phone,4.0,2024-06-17,West,2303.35,9213.4,High
1675,4215,Mouse,1.0,2023-03-22,North,37.86,37.86,Low
1676,4495,SSD,4.0,2024-10-17,North,233.45,933.8,High
1677,4090,Laptop,4.0,2024-03-11,South,3163.65,12654.6,High
1678,3065,SSD,5.0,2025-10-28,South,312.45,1562.25,High
1679,1768,Laptop,3.0,2025-10-15,East,2865.58,8596.74,High
1680,3637,Keyboard,4.0,2024-11-09,West,110.58,442.32,High
1681,2394,Headphones,3.0,2025-02-18,East,234.33,702.99,High
1682,4246,Mouse,2.0,2023-07-05,East,52.68,105.36,High
1683,4057,Phone,4.0,2024-02-26,South,1077.66,4310.64,High
1684,1193,Phone,3.0,2024-04-10,North,1831.5,5494.5,High
1685,3549,Laptop,2.0,2023-03-24,East,2876.57,5753.14,High
1686,1987,Mouse,5.0,2024-07-20,West,97.95,489.75,High
1687,2136,Webcam,4.0,2024-10-04,West,211.83,847.32,High
1688,3161,Keyboard,5.0,2023-11-21,South,77.43,387.15000000000003,High
1689,4293,Laptop,2.0,2023-02-20,North,4458.48,8916.96,High
1690,2701,Laptop,5.0,2025-11-16,North,4869.08,24345.4,High
1691,1946,Keyboard,5.0,2024-11-07,North,115.89,579.45,High
1692,1830,Headphones,1.0,2025-09-07,West,247.21,247.21,High
1693,4715,Phone,2.0,2025-03-03,North,1978.36,3956.72,High
1694,2920,Headphones,5.0,2025-12-21,South,140.29,701.4499999999999,High
1695,4335,Mouse,3.0,2024-10-18,West,184.24,552.72,High
1696,3972,Webcam,2.0,2023-04-27,North,118.59,237.18,High
1697,1054,SSD,1.0,2025-10-24,South,479.43,479.43,High
1698,4942,Monitor,4.0,2025-12-25,North,937.27,3749.08,High
1699,4714,Monitor,5.0,2025-12-19,South,984.9,4924.5,High
1700,1799,Monitor,3.0,2025-06-23,North,711.27,2133.81,High
1701,1777,Keyboard,1.0,2024-05-16,East,211.58,211.58,High
1702,2481,Laptop,2.0,2025-03-09,East,4384.98,8769.96,High
1703,2901,Webcam,5.0,2025-05-06,East,384.08,1920.3999999999999,High
1704,3209,Headphones,1.0,2023-03-10,East,265.77,265.77,High
1705,4451,SSD,1.0,2024-10-25,West,429.53,429.53,High
1706,3134,Phone,3.0,2025-03-02,North,1505.49,4516.47,High
1707,1054,Monitor,4.0,2023-08-09,West,1336.77,5347.08,High
1709,2823,Monitor,4.0,2023-08-11,South,1372.63,5490.52,High
1710,2201,Webcam,2.0,2024-11-07,North,351.71,703.42,High
1711,4462,Monitor,1.0,2023-07-30,North,1795.48,1795.48,High
1712,4420,Phone,2.0,2025-07-19,West,1621.76,3243.52,High
1715,1312,Mouse,3.0,2023-09-19,East,199.9,599.7,High
1716,3806,Webcam,2.0,2024-06-01,South,200.69,401.38,High
1717,2858,Mouse,2.0,2025-03-08,West,187.14,374.28,High
1718,3007,Keyboard,3.0,2025-12-22,West,295.87,887.61,High
1719,3006,Laptop,5.0,2024-06-23,South,3186.84,15934.2,High
1720,3490,Keyboard,4.0,2024-02-21,North,229.07,916.28,High
1721,2790,Headphones,4.0,2023-02-22,North,390.55,1562.2,High
1722,1327,Keyboard,3.0,2023-02-07,South,230.55,691.6500000000001,High
1723,4125,Headphones,4.0,2023-11-04,North,177.08,708.32,High
1724,3808,Headphones,5.0,2025-04-25,South,283.36,1416.8000000000002,High
1725,4310,Laptop,5.0,2025-06-16,East,2188.39,10941.949999999999,High
1726,4300,Phone,1.0,2023-02-22,South,1842.47,1842.47,High
1727,3626,SSD,2.0,2024-08-28,North,567.01,1134.02,High
1728,4122,Webcam,4.0,2024-03-27,South,259.29,1037.16,High
1729,4680,Laptop,5.0,2024-04-05,East,2210.99,11054.949999999999,High
1730,4675,Webcam,2.0,2025-02-13,South,377.72,755.44,High
1731,4054,Mouse,2.0,2024-01-30,North,52.6,105.2,High
1732,2287,Mouse,1.0,2025-11-26,South,180.1,180.1,High
1733,4489,Keyboard,2.0,2025-10-28,South,228.56,457.12,High
1734,4874,Headphones,2.0,2024-10-08,North,418.18,836.36,High
1735,3143,Monitor,3.0,2023-09-20,West,1380.27,4140.8099999999995,High
1736,2111,Monitor,1.0,2024-09-23,East,696.72,696.72,High
1737,4149,Webcam,1.0,2024-06-13,East,240.27,240.27,High
1738,2311,Headphones,4.0,2023-10-28,West,198.35,793.4,High
1739,4191,Webcam,2.0,2024-04-29,East,262.97,525.94,High
1740,3861,Laptop,4.0,2023-04-02,East,3342.03,13368.12,High
1741,3538,Phone,5.0,2023-11-11,South,1955.45,9777.25,High
1742,4983,SSD,2.0,2025-08-02,East,592.12,1184.24,High
1743,1451,Laptop,5.0,2023-08-26,North,3083.05,15415.25,High
1744,2523,Headphones,3.0,2023-03-24,North,408.36,1225.08,High
1745,1164,Headphones,2.0,2024-10-30,South,532.2,1064.4,High
1746,1181,Phone,4.0,2023-06-27,East,957.98,3831.92,High
1747,3516,Webcam,4.0,2023-09-07,South,336.08,1344.32,High
1748,1909,Keyboard,2.0,2025-02-03,East,109.86,219.72,High
1749,3782,Keyboard,4.0,2024-10-28,East,185.07,740.28,High
1750,1822,Phone,2.0,2025-06-21,North,2485.55,4971.1,High
1751,1943,Keyboard,1.0,2023-04-01,North,296.01,296.01,High
1752,3001,Monitor,4.0,2023-12-05,North,973.7,3894.8,High
1753,3054,Keyboard,2.0,2023-06-18,North,82.94,165.88,High
1754,1329,Keyboard,2.0,2024-07-31,East,284.55,569.1,High
1755,1774,Keyboard,4.0,2025-02-18,East,273.38,1093.52,High
1756,4744,Monitor,1.0,2023-06-19,North,1424.05,1424.05,High
1757,3198,Webcam,4.0,2023-12-28,West,90.37,361.48,High
1758,4156,Keyboard,2.0,2023-09-01,West,237.82,475.64,High
1759,1146,Mouse,1.0,2023-05-18,South,57.35,57.35,Low
1760,4695,Monitor,5.0,2025-11-17,East,1914.53,9572.65,High
1761,4452,Phone,3.0,2024-06-02,North,1539.71,4619.13,High
1762,1914,Laptop,4.0,2023-11-29,East,3845.35,15381.4,High
1763,2571,Phone,2.0,2025-08-22,North,1277.84,2555.68,High
1764,2308,Laptop,1.0,2024-07-16,East,3425.23,3425.23,High
1765,3747,SSD,1.0,2024-03-01,South,489.59,489.59,High
1766,1081,Phone,5.0,2024-10-02,West,1636.43,8182.150000000001,High
1767,1513,Mouse,4.0,2024-12-09,South,174.02,696.08,High
1768,2920,Laptop,1.0,2023-04-17,North,4139.08,4139.08,High
1769,3862,Laptop,5.0,2024-07-13,South,2232.08,11160.4,High
1770,3756,Headphones,2.0,2023-05-18,East,403.42,806.84,High
1771,2939,Laptop,5.0,2024-09-06,East,3837.8,19189.0,High
1772,4594,Laptop,4.0,2023-02-16,West,3142.7,12570.8,High
1773,1745,Headphones,5.0,2024-01-03,West,261.36,1306.8000000000002,High
1774,4070,Keyboard,1.0,2023-01-06,East,65.72,65.72,Low
1775,2409,Keyboard,1.0,2024-06-06,North,161.54,161.54,High
1776,1706,Headphones,3.0,2024-06-12,North,268.3,804.9000000000001,High
1777,1470,Monitor,5.0,2023-03-07,West,1926.59,9632.949999999999,High
1778,4190,SSD,2.0,2024-02-24,West,453.38,906.76,High
1779,1395,Laptop,4.0,2025-07-22,North,3380.18,13520.72,High
1780,2555,Laptop,3.0,2024-05-12,East,4263.84,12791.52,High
1781,3308,Headphones,5.0,2023-11-27,East,489.38,2446.9,High
1783,1933,Monitor,3.0,2025-09-27,West,613.64,1840.92,High
1784,2279,Mouse,1.0,2024-06-13,North,162.69,162.69,High
1785,2757,Keyboard,4.0,2023-08-31,West,72.57,290.28,High
1786,1904,Phone,5.0,2023-12-16,South,2240.76,11203.800000000001,High
1787,4297,Mouse,2.0,2025-11-06,South,86.81,173.62,High
1788,2076,Webcam,1.0,2025-01-04,South,284.24,284.24,High
1789,3987,Keyboard,3.0,2025-05-31,East,235.1,705.3,High
1791,2523,Webcam,3.0,2025-10-11,East,203.08,609.24,High
1792,4577,Mouse,3.0,2024-06-08,East,132.7,398.09999999999997,High
1794,2387,Monitor,1.0,2025-02-20,South,1576.65,1576.65,High
1795,2303,Keyboard,5.0,2024-02-24,West,274.04,1370.2,High
1796,1592,Monitor,2.0,2025-02-24,North,624.08,1248.16,High
1797,3761,Webcam,4.0,2023-05-13,East,102.98,411.92,High
1798,4229,Keyboard,3.0,2023-01-14,North,228.38,685.14,High
1799,3679,SSD,4.0,2025-12-03,South,329.34,1317.36,High
1800,3106,SSD,2.0,2023-10-22,North,366.73,733.46,High
1801,4798,Mouse,2.0,2024-03-20,West,132.73,265.46,High
1802,1127,Laptop,5.0,2025-12-21,North,4957.82,24789.1,High
1803,1735,SSD,3.0,2024-02-16,South,180.22,540.66,High
1804,3768,SSD,2.0,2024-09-21,East,199.0,398.0,High
1805,4953,Phone,4.0,2023-11-17,North,2209.83,8839.32,High
1806,4186,Monitor,5.0,2025-03-28,West,530.79,2653.95,High
1807,4280,Monitor,4.0,2025-06-23,West,1175.68,4702.72,High
1808,3573,SSD,3.0,2023-02-05,East,498.35,1495.0500000000002,High
1809,1520,Phone,5.0,2025-03-01,North,1131.96,5659.8,High
1810,3599,Monitor,5.0,2024-08-08,North,780.52,3902.6,High
1812,2304,Keyboard,1.0,2025-10-04,North,87.5,87.5,Low
1813,4430,Keyboard,5.0,2025-06-11,North,219.64,1098.1999999999998,High
1814,4272,Phone,4.0,2023-01-12,West,1140.23,4560.92,High
1815,2781,Webcam,4.0,2023-03-24,East,152.59,610.36,High
1816,2301,Laptop,3.0,2025-11-21,South,3724.81,11174.43,High
1817,4306,Mouse,2.0,2025-08-14,North,194.45,388.9,High
1818,3541,SSD,2.0,2024-12-13,East,561.25,1122.5,High
1819,3051,SSD,1.0,2023-08-29,South,539.02,539.02,High
1820,3713,Mouse,5.0,2025-06-16,West,120.26,601.3000000000001,High
1821,1441,SSD,1.0,2025-06-14,North,283.99,283.99,High
1822,3076,SSD,3.0,2025-06-25,West,467.6,1402.8000000000002,High
1823,4180,Webcam,3.0,2025-01-25,East,204.66,613.98,High
1824,3657,Monitor,2.0,2025-10-21,West,1666.86,3333.72,High
1825,4798,Laptop,3.0,2024-08-23,North,2048.57,6145.710000000001,High
1826,1804,SSD,5.0,2023-10-09,North,388.29,1941.45,High
1827,1074,Phone,4.0,2024-10-12,East,1373.5,5494.0,High
1828,3885,Webcam,3.0,2024-08-21,West,159.7,479.09999999999997,High
1829,4217,SSD,1.0,2025-09-05,East,447.83,447.83,High
1830,3175,Phone,5.0,2025-10-08,East,1919.23,9596.15,High
1831,4924,Keyboard,3.0,2025-06-18,North,59.27,177.81,High
1832,3089,Monitor,3.0,2025-06-12,South,1921.55,5764.65,High
1833,2379,Headphones,5.0,2025-08-14,South,280.93,1404.65,High
1834,1040,SSD,3.0,2023-08-07,East,562.83,1688.4900000000002,High
1835,3981,Phone,4.0,2024-12-27,North,1792.32,7169.28,High
1836,3081,Webcam,2.0,2025-10-05,North,288.83,577.66,High
1837,4088,Monitor,5.0,2024-06-01,East,1940.77,9703.85,High
1838,2700,Laptop,1.0,2025-03-22,West,4466.59,4466.59,High
1839,4224,Webcam,3.0,2024-05-16,East,124.81,374.43,High
1840,4045,Keyboard,2.0,2023-02-27,East,51.31,102.62,High
1841,2401,Mouse,1.0,2025-03-24,West,82.46,82.46,Low
1842,1587,SSD,1.0,2024-09-05,North,369.84,369.84,High
1843,2622,Laptop,4.0,2024-03-01,North,4196.45,16785.8,High
1844,4700,Phone,2.0,2025-06-01,East,1923.78,3847.56,High
1845,4945,SSD,5.0,2024-03-07,South,290.79,1453.95,High
1846,1341,Phone,2.0,2025-08-05,South,1721.39,3442.78,High
1847,3074,Laptop,2.0,2025-07-23,North,3952.8,7905.6,High
1848,4896,Phone,1.0,2024-02-09,East,1673.38,1673.38,High
1849,4358,Webcam,4.0,2024-05-06,South,300.47,1201.88,High
1850,1645,Monitor,4.0,2023-03-07,South,1227.83,4911.32,High
1851,1730,Phone,2.0,2025-06-30,South,1700.46,3400.92,High
1852,1167,Keyboard,2.0,2024-01-26,South,285.19,570.38,High
1853,1609,Monitor,3.0,2023-03-24,West,1083.74,3251.2200000000003,High
1854,3315,Webcam,1.0,2025-09-29,West,321.83,321.83,High
1855,2772,SSD,5.0,2024-04-25,West,300.6,1503.0,High
1856,3040,Headphones,5.0,2025-02-15,West,265.93,1329.65,High
1857,3868,SSD,4.0,2025-02-23,North,567.0,2268.0,High
1858,1454,Phone,1.0,2024-10-13,West,1987.74,1987.74,High
1859,3953,Phone,4.0,2024-06-06,South,2379.23,9516.92,High
1860,2708,Keyboard,5.0,2023-07-24,East,298.65,1493.25,High
1862,3969,Keyboard,1.0,2023-11-15,West,295.79,295.79,High
1863,4028,Mouse,1.0,2023-10-05,North,47.15,47.15,Low
1864,4547,Webcam,3.0,2025-06-20,North,102.53,307.59000000000003,High
1865,1701,Laptop,2.0,2023-05-28,West,4303.43,8606.86,High
1866,3681,Laptop,2.0,2025-02-16,East,3050.55,6101.1,High
1867,4629,Laptop,4.0,2024-02-23,East,4753.44,19013.76,High
1868,2599,Keyboard,1.0,2024-06-21,East,186.13,186.13,High
1869,1129,Laptop,4.0,2024-01-27,North,3158.33,12633.32,High
1870,4067,Webcam,2.0,2025-07-28,East,103.5,207.0,High
1871,2845,Laptop,3.0,2023-08-30,North,3393.91,10181.73,High
1872,2386,Headphones,1.0,2025-09-25,West,238.95,238.95,High
1873,4776,Laptop,2.0,2023-08-31,East,2229.84,4459.68,High
1874,3866,Phone,3.0,2025-09-02,West,1939.66,5818.9800000000005,High
1875,1692,Mouse,5.0,2024-11-14,South,196.15,980.75,High
1876,4363,Keyboard,2.0,2024-08-10,South,144.73,289.46,High
1877,2394,Monitor,5.0,2024-09-08,South,945.9,4729.5,High
1878,1793,Mouse,4.0,2023-01-26,South,45.29,181.16,High
1879,1028,Headphones,5.0,2025-05-12,North,211.57,1057.85,High
1880,1148,Keyboard,2.0,2023-03-20,West,121.24,242.48,High
1881,4850,Webcam,5.0,2025-10-08,South,190.14,950.6999999999999,High
1882,2319,SSD,1.0,2023-05-08,East,435.29,435.29,High
1883,3058,Keyboard,2.0,2024-02-17,North,78.72,157.44,High
1884,4583,Phone,3.0,2023-05-17,North,899.32,2697.96,High
1885,3723,Webcam,5.0,2024-07-01,East,377.79,1888.95,High
1886,2136,Mouse,1.0,2024-01-23,West,165.86,165.86,High
1887,1186,Mouse,4.0,2024-07-24,South,77.3,309.2,High
1888,3854,Laptop,4.0,2025-10-12,North,3916.38,15665.52,High
1889,3791,Webcam,5.0,2024-02-25,North,269.6,1348.0,High
1890,2250,SSD,4.0,2023-05-21,West,484.35,1937.4,High
1891,2333,Phone,3.0,2023-02-20,East,2260.8,6782.400000000001,High
1892,1097,Laptop,2.0,2025-09-13,West,3073.26,6146.52,High
1893,1054,Laptop,1.0,2025-07-17,North,3982.5,3982.5,High
1895,3711,Keyboard,4.0,2024-01-01,West,224.82,899.28,High
1896,1757,Mouse,2.0,2025-06-26,West,186.76,373.52,High
1897,1405,Laptop,3.0,2025-09-24,North,3484.06,10452.18,High
1898,3116,Headphones,4.0,2025-05-03,East,501.32,2005.28,High
1899,4383,Headphones,4.0,2023-09-15,East,554.87,2219.48,High
1900,2312,Mouse,1.0,2023-02-14,East,124.7,124.7,High
1901,2785,Headphones,3.0,2023-09-26,South,108.65,325.95000000000005,High
1902,4619,SSD,3.0,2024-11-02,East,518.1,1554.3000000000002,High
1903,1750,Keyboard,5.0,2025-10-15,West,261.51,1307.55,High
1904,4219,Phone,1.0,2025-05-06,East,1479.75,1479.75,High
1905,4538,Monitor,5.0,2023-05-25,East,843.62,4218.1,High
1906,2762,Laptop,1.0,2023-08-23,East,4934.45,4934.45,High
1907,4315,Monitor,3.0,2024-11-21,East,1327.44,3982.32,High
1908,4562,Phone,1.0,2024-12-20,South,1677.51,1677.51,High
1909,4920,Phone,1.0,2023-12-19,South,2408.33,2408.33,High
1910,4005,SSD,1.0,2025-09-20,East,333.64,333.64,High
1911,4578,Keyboard,2.0,2023-10-02,North,262.03,524.06,High
1912,1364,Headphones,2.0,2025-06-28,East,450.33,900.66,High
1913,3026,Headphones,3.0,2024-03-15,West,583.86,1751.58,High
1914,1481,SSD,1.0,2025-12-22,East,342.89,342.89,High
1915,3248,Phone,3.0,2025-05-21,West,2342.96,7028.88,High
1916,1153,Keyboard,2.0,2024-10-12,South,192.22,384.44,High
1917,4521,Keyboard,1.0,2025-07-31,North,168.97,168.97,High
1918,2524,Mouse,5.0,2023-02-03,South,81.96,409.79999999999995,High
1919,3120,Webcam,2.0,2024-12-05,West,256.86,513.72,High
1920,3760,Laptop,2.0,2025-05-16,West,3717.66,7435.32,High
1921,3343,SSD,2.0,2025-09-11,South,554.28,1108.56,High
1922,2040,Webcam,1.0,2025-04-11,North,305.3,305.3,High
1923,2664,SSD,4.0,2024-04-06,North,521.91,2087.64,High
1924,2240,Headphones,5.0,2023-03-22,East,484.57,2422.85,High
1926,1938,SSD,3.0,2024-02-19,East,242.61,727.83,High
1927,2639,SSD,1.0,2025-09-18,West,266.32,266.32,High
1928,3089,Mouse,2.0,2023-07-09,East,54.92,109.84,High
1929,1024,Monitor,4.0,2024-01-27,North,1078.94,4315.76,High
1930,2062,Headphones,1.0,2023-06-17,South,426.95,426.95,High
1931,4874,Laptop,1.0,2024-10-25,West,3610.93,3610.93,High
1932,1130,Keyboard,4.0,2024-01-16,East,219.8,879.2,High
1933,4569,Phone,2.0,2025-06-16,North,1405.37,2810.74,High
1934,2252,Headphones,1.0,2025-05-13,South,202.64,202.64,High
1935,1107,Monitor,5.0,2023-03-03,East,804.14,4020.7,High
1936,1171,SSD,5.0,2024-06-11,North,420.39,2101.95,High
1937,2458,Laptop,4.0,2025-05-11,East,2492.88,9971.52,High
1938,4549,SSD,2.0,2023-05-30,East,328.73,657.46,High
1939,1101,Laptop,4.0,2023-04-26,North,2638.5,10554.0,High
1940,3913,Mouse,1.0,2025-04-03,East,142.67,142.67,High
1941,3571,SSD,5.0,2023-03-06,North,426.94,2134.7,High
1942,3322,Headphones,3.0,2023-11-06,South,290.56,871.6800000000001,High
1943,2636,Monitor,4.0,2024-12-06,South,693.08,2772.32,High
1944,4115,Laptop,3.0,2025-05-03,East,2635.45,7906.349999999999,High
1945,3864,Phone,3.0,2025-10-20,East,1602.76,4808.28,High
1946,4004,Laptop,5.0,2023-11-02,North,4916.25,24581.25,High
1947,2040,Monitor,4.0,2025-05-22,West,906.16,3624.64,High
1948,1329,Keyboard,3.0,2023-06-18,North,97.8,293.4,High
1949,4640,Keyboard,1.0,2025-10-27,East,105.17,105.17,High
1950,4894,Mouse,2.0,2024-08-10,East,150.38,300.76,High
1951,2520,Headphones,2.0,2025-01-31,East,557.34,1114.68,High
1952,4886,Monitor,5.0,2023-12-13,North,612.76,3063.8,High
1953,1011,Mouse,4.0,2025-08-12,North,157.38,629.52,High
1954,2341,Webcam,4.0,2025-01-04,South,238.27,953.08,High
1955,4663,Laptop,2.0,2024-02-14,North,4475.57,8951.14,High
1956,1215,Webcam,1.0,2024-06-26,West,214.88,214.88,High
1957,1338,Laptop,2.0,2023-12-21,North,2015.65,4031.3,High
1958,2799,Keyboard,2.0,2024-12-13,South,220.7,441.4,High
1959,3708,Mouse,4.0,2024-08-06,South,167.36,669.44,High
1960,4152,Keyboard,3.0,2024-05-25,East,275.51,826.53,High
1961,2750,Phone,1.0,2024-06-16,East,1767.39,1767.39,High
1962,2508,Webcam,4.0,2024-06-11,South,119.06,476.24,High
1963,3421,Webcam,2.0,2025-08-04,North,198.35,396.7,High
1964,4023,Keyboard,3.0,2025-04-03,East,246.06,738.1800000000001,High
1965,1709,Phone,1.0,2023-03-19,North,1640.5,1640.5,High
1966,2223,Laptop,5.0,2024-03-15,East,4097.73,20488.649999999998,High
1967,4608,Mouse,1.0,2024-07-02,West,30.8,30.8,Low
1968,3513,Phone,1.0,2024-02-04,North,924.1,924.1,High
1969,2112,Mouse,2.0,2024-12-01,South,145.8,291.6,High
1971,4726,Mouse,5.0,2025-04-13,West,95.99,479.95,High
1972,4642,Webcam,5.0,2024-06-27,East,285.48,1427.4,High
1973,4993,Phone,5.0,2024-05-16,North,990.42,4952.099999999999,High
1974,1488,Webcam,4.0,2025-04-03,South,346.47,1385.88,High
1975,4948,SSD,4.0,2024-01-22,East,215.0,860.0,High
1976,2561,Headphones,2.0,2024-02-16,South,466.64,933.28,High
1977,1046,Webcam,2.0,2023-11-24,North,173.68,347.36,High
1978,4359,Keyboard,5.0,2023-04-10,East,114.99,574.9499999999999,High
1979,1777,Phone,4.0,2024-04-05,East,2196.15,8784.6,High
1980,2039,SSD,3.0,2023-01-25,South,398.49,1195.47,High
1981,1710,Laptop,4.0,2024-05-08,North,2616.49,10465.96,High
1982,1400,Mouse,2.0,2023-12-19,West,30.43,60.86,Low
1983,4990,SSD,4.0,2025-05-18,North,587.87,2351.48,High
1984,2817,Monitor,2.0,2023-07-18,East,1147.08,2294.16,High
1985,4028,SSD,5.0,2025-04-26,East,328.84,1644.1999999999998,High
1986,4157,Phone,5.0,2024-06-09,South,885.53,4427.65,High
1987,1249,SSD,5.0,2024-06-24,East,552.48,2762.4,High
1988,1390,SSD,3.0,2024-04-21,South,213.26,639.78,High
1989,4853,Keyboard,3.0,2023-01-10,East,133.86,401.58000000000004,High
1990,1334,Webcam,2.0,2024-06-07,East,214.75,429.5,High
1991,1628,Mouse,1.0,2025-03-20,West,167.72,167.72,High
1992,4590,Headphones,3.0,2025-02-10,East,279.73,839.19,High
1993,1136,Laptop,2.0,2025-05-09,North,3594.39,7188.78,High
1994,3930,Headphones,4.0,2025-10-26,North,314.37,1257.48,High
1995,3735,SSD,5.0,2025-11-24,North,290.33,1451.6499999999999,High
1996,4911,Monitor,5.0,2023-06-24,West,1919.45,9597.25,High
1997,2521,Phone,5.0,2024-03-17,West,2154.69,10773.45,High
1998,1826,Mouse,2.0,2025-11-02,North,59.64,119.28,High
1999,1726,Phone,5.0,2023-09-03,South,1743.0,8715.0,High
2000,2500,Keyboard,3.0,2024-11-05,North,249.14,747.42,High
2001,3641,Phone,4.0,2023-04-24,West,1785.64,7142.56,High
2002,4294,Laptop,5.0,2025-10-08,North,3481.34,17406.7,High
2003,1989,Monitor,2.0,2025-03-04,East,608.09,1216.18,High
2004,3419,Headphones,4.0,2023-08-21,North,153.03,612.12,High
2005,1934,SSD,5.0,2025-09-06,South,260.36,1301.8000000000002,High
2006,4042,SSD,1.0,2023-05-06,North,381.03,381.03,High
2007,1401,Monitor,5.0,2024-05-25,South,1980.95,9904.75,High
2008,2466,Mouse,3.0,2023-10-08,South,166.39,499.16999999999996,High
2009,4561,Phone,4.0,2025-03-08,South,987.09,3948.36,High
2010,1614,Mouse,3.0,2025-09-04,North,151.93,455.79,High
2011,2296,Headphones,1.0,2025-06-21,South,505.24,505.24,High
2012,4597,Mouse,1.0,2024-10-12,West,100.42,100.42,High
2013,2182,Keyboard,3.0,2024-01-27,East,132.54,397.62,High
2014,4223,Monitor,4.0,2024-01-17,East,1376.92,5507.68,High
2015,4042,Headphones,1.0,2023-08-04,South,359.58,359.58,High
2016,3667,Headphones,1.0,2024-06-25,East,232.61,232.61,High
2017,3235,Webcam,5.0,2024-08-28,South,207.16,1035.8,High
2018,4884,Headphones,2.0,2023-04-26,North,372.22,744.44,High
2019,2121,Webcam,1.0,2024-05-23,South,265.58,265.58,High
2020,1130,Laptop,4.0,2023-09-28,North,3595.25,14381.0,High
2021,3852,SSD,4.0,2025-11-28,North,530.75,2123.0,High
2022,2194,Webcam,5.0,2025-11-13,North,90.16,450.79999999999995,High
2023,3983,Monitor,4.0,2025-02-14,North,999.48,3997.92,High
2024,4033,Mouse,5.0,2025-12-02,South,157.47,787.35,High
2025,1182,Webcam,1.0,2023-12-06,East,288.57,288.57,High
2026,4030,Headphones,1.0,2023-06-18,East,559.13,559.13,High
2027,1363,Monitor,1.0,2024-10-23,West,1382.03,1382.03,High
2028,1038,Webcam,1.0,2023-05-23,North,284.21,284.21,High
2029,4598,Webcam,2.0,2024-07-28,North,305.58,611.16,High
2030,4959,Headphones,2.0,2024-04-19,West,193.1,386.2,High
2031,3544,Keyboard,1.0,2023-11-07,South,238.31,238.31,High
2032,4587,Keyboard,4.0,2025-12-19,East,124.97,499.88,High
2034,4029,Keyboard,3.0,2024-06-14,South,53.5,160.5,High
2035,1920,Phone,5.0,2025-09-17,North,2234.06,11170.3,High
2036,4468,Headphones,3.0,2023-03-14,West,576.75,1730.25,High
2038,4232,Monitor,1.0,2024-01-29,South,1452.8,1452.8,High
2039,1015,Phone,3.0,2024-04-25,East,2433.32,7299.960000000001,High
2040,1492,Monitor,1.0,2024-04-17,East,1410.35,1410.35,High
2041,2449,Webcam,2.0,2023-11-09,West,335.34,670.68,High
2042,2131,Monitor,4.0,2025-08-09,North,677.19,2708.76,High
2043,3941,Monitor,3.0,2023-11-20,East,867.27,2601.81,High
2044,4521,Mouse,4.0,2025-10-09,South,88.77,355.08,High
2045,1310,Phone,1.0,2025-08-22,North,2467.98,2467.98,High
2046,1738,Mouse,3.0,2023-03-28,East,162.9,488.70000000000005,High
2047,4241,Webcam,5.0,2023-12-25,South,363.41,1817.0500000000002,High
2048,1545,Headphones,2.0,2024-11-25,East,343.54,687.08,High
2049,3461,Phone,2.0,2023-07-16,West,2018.57,4037.14,High
2050,1250,Headphones,3.0,2025-01-25,South,465.78,1397.34,High
2051,1758,Headphones,2.0,2025-09-03,West,384.46,768.92,High
2052,2804,Monitor,5.0,2024-05-12,East,1816.95,9084.75,High
2053,4212,SSD,4.0,2025-06-26,East,221.21,884.84,High
2054,2297,Phone,5.0,2025-07-19,West,897.78,4488.9,High
2055,4487,Headphones,2.0,2024-04-06,North,252.03,504.06,High
2057,4810,Keyboard,5.0,2023-08-22,South,65.08,325.4,High
2058,2914,Headphones,1.0,2024-02-21,West,309.54,309.54,High
2059,4110,Keyboard,1.0,2023-06-02,South,100.13,100.13,High
2060,1813,Phone,4.0,2023-09-29,West,2143.25,8573.0,High
2061,1028,Webcam,4.0,2024-01-27,West,265.53,1062.12,High
2062,1957,Mouse,4.0,2024-06-30,East,91.3,365.2,High
2063,3032,Phone,1.0,2024-12-25,East,1287.13,1287.13,High
2064,1476,Mouse,5.0,2023-07-08,East,125.73,628.65,High
2065,1317,Mouse,4.0,2025-03-22,North,103.78,415.12,High
2066,1244,Phone,1.0,2024-01-30,North,894.75,894.75,High
2067,1747,Headphones,4.0,2024-10-23,South,432.6,1730.4,High
2068,1696,Laptop,4.0,2025-05-02,East,3499.27,13997.08,High
2070,4511,Headphones,1.0,2023-07-09,South,245.21,245.21,High
2071,2771,Webcam,5.0,2023-08-22,North,224.89,1124.4499999999998,High
2072,2262,Monitor,1.0,2023-08-20,North,1741.39,1741.39,High
2073,3424,Monitor,1.0,2023-12-24,North,1134.58,1134.58,High
2074,1265,Headphones,4.0,2024-04-22,South,519.79,2079.16,High
2075,3973,Keyboard,3.0,2023-08-25,North,156.22,468.65999999999997,High
2076,1920,Webcam,3.0,2025-11-22,East,345.57,1036.71,High
2077,4430,Mouse,3.0,2023-08-01,North,188.36,565.08,High
2078,1339,SSD,1.0,2024-01-14,West,159.26,159.26,High
2079,1388,Monitor,4.0,2025-10-22,East,593.38,2373.52,High
2080,3624,Headphones,3.0,2025-06-27,North,167.01,501.03,High
2082,3050,Laptop,2.0,2024-07-22,East,3363.43,6726.86,High
2083,4500,Keyboard,2.0,2025-03-23,North,241.01,482.02,High
2084,2165,Phone,5.0,2023-10-06,West,2434.26,12171.300000000001,High
2085,1375,Headphones,4.0,2023-08-02,South,308.89,1235.56,High
2086,4741,Webcam,1.0,2024-12-18,East,300.31,300.31,High
2087,3033,Headphones,1.0,2025-08-27,West,417.75,417.75,High
2088,3371,SSD,4.0,2025-10-31,East,326.93,1307.72,High
2090,2981,Keyboard,4.0,2025-12-06,West,197.99,791.96,High
2091,1292,Monitor,5.0,2024-03-13,West,1639.91,8199.550000000001,High
2092,4736,Monitor,3.0,2024-11-01,West,790.47,2371.41,High
2093,1431,Monitor,3.0,2025-06-22,North,1040.41,3121.2300000000005,High
2094,1704,SSD,5.0,2025-11-11,South,452.05,2260.25,High
2096,2998,Webcam,3.0,2024-01-24,West,326.53,979.5899999999999,High
2097,3632,Keyboard,4.0,2023-05-15,South,83.36,333.44,High
2098,1398,Keyboard,3.0,2024-06-15,North,131.11,393.33000000000004,High
2099,3864,Monitor,4.0,2023-08-08,East,856.29,3425.16,High
2100,4960,Monitor,4.0,2023-11-29,South,591.48,2365.92,High
2101,4415,Mouse,2.0,2025-11-21,East,76.01,152.02,High
2102,1963,SSD,5.0,2023-12-23,West,560.18,2800.8999999999996,High
2103,4211,Laptop,1.0,2024-02-05,East,2080.79,2080.79,High
2104,3234,Laptop,5.0,2025-06-14,East,2050.49,10252.449999999999,High
2105,3041,Headphones,4.0,2025-09-16,East,452.13,1808.52,High
2106,2828,Headphones,4.0,2024-12-09,East,283.43,1133.72,High
2107,3108,Keyboard,5.0,2025-11-23,North,107.44,537.2,High
2108,1938,Keyboard,4.0,2023-09-05,South,177.22,708.88,High
2109,4451,Phone,3.0,2025-08-03,North,1253.35,3760.0499999999997,High
2110,1709,Phone,4.0,2023-02-11,East,1466.43,5865.72,High
2111,1806,Laptop,5.0,2025-03-11,East,4146.01,20730.050000000003,High
2112,2463,SSD,5.0,2023-05-03,South,202.61,1013.0500000000001,High
2113,4390,Headphones,5.0,2023-01-27,East,579.83,2899.15,High
2114,2325,Laptop,2.0,2024-07-24,South,2127.59,4255.18,High
2115,4415,SSD,2.0,2024-05-10,North,512.94,1025.88,High
2116,1010,Laptop,2.0,2024-04-30,North,4173.77,8347.54,High
2117,2085,Headphones,2.0,2025-06-17,East,241.04,482.08,High
2118,2868,Webcam,2.0,2024-12-11,East,117.86,235.72,High
2119,3273,Phone,2.0,2024-01-11,South,2249.04,4498.08,High
2120,4224,Mouse,2.0,2024-10-26,East,145.53,291.06,High
2121,4782,Mouse,5.0,2025-02-21,South,79.45,397.25,High
2122,3611,Mouse,1.0,2025-04-30,West,32.88,32.88,Low
2123,1771,Headphones,2.0,2024-11-04,South,569.25,1138.5,High
2124,2594,Monitor,5.0,2023-12-28,West,1106.38,5531.900000000001,High
2125,2607,Monitor,1.0,2024-11-14,East,764.4,764.4,High
2127,4932,Keyboard,1.0,2024-06-18,East,139.76,139.76,High
2128,4646,Phone,1.0,2023-11-10,South,1587.53,1587.53,High
2129,2333,Phone,3.0,2024-03-19,East,1987.65,5962.950000000001,High
2130,1884,Webcam,4.0,2025-05-18,South,342.21,1368.84,High
2131,4314,Webcam,3.0,2024-08-04,South,112.06,336.18,High
2132,4564,Keyboard,1.0,2025-05-20,East,274.67,274.67,High
2133,2389,Laptop,5.0,2024-07-01,South,4797.62,23988.1,High
2134,4401,SSD,2.0,2025-11-13,North,266.67,533.34,High
2135,4178,Webcam,4.0,2024-04-09,West,239.16,956.64,High
2136,1225,Mouse,2.0,2025-11-11,West,175.84,351.68,High
2137,1824,Monitor,5.0,2024-05-16,East,1231.02,6155.1,High
2138,3265,Mouse,4.0,2025-04-30,West,111.94,447.76,High
2139,1936,Monitor,3.0,2024-12-16,West,1427.78,4283.34,High
2140,3800,Mouse,1.0,2025-06-10,East,160.46,160.46,High
2141,3553,Laptop,5.0,2024-05-15,West,3996.85,19984.25,High
2142,3306,SSD,1.0,2025-01-04,South,431.95,431.95,High
2143,2911,Mouse,1.0,2024-08-15,East,93.18,93.18,Low
2144,4845,Mouse,2.0,2024-02-11,North,137.11,274.22,High
2145,4588,Headphones,5.0,2024-12-03,East,151.64,758.1999999999999,High
2146,2796,SSD,1.0,2023-10-13,West,334.3,334.3,High
2147,1053,Mouse,3.0,2023-05-27,South,62.02,186.06,High
2148,4118,Headphones,4.0,2025-03-04,East,368.78,1475.12,High
2149,1726,Phone,5.0,2024-01-19,West,1245.48,6227.4,High
2150,3736,SSD,2.0,2023-01-11,West,377.67,755.34,High
2151,2544,Keyboard,5.0,2023-10-03,North,244.33,1221.65,High
2152,4170,SSD,2.0,2025-06-04,West,345.3,690.6,High
2153,2043,SSD,4.0,2025-08-21,North,248.43,993.72,High
2154,2913,Mouse,3.0,2023-10-30,East,67.91,203.73,High
2155,2776,Phone,1.0,2023-07-23,South,2340.63,2340.63,High
2156,2596,SSD,5.0,2023-12-11,North,501.41,2507.05,High
2157,2914,Webcam,2.0,2025-04-05,North,91.7,183.4,High
2158,4561,Webcam,4.0,2023-01-22,South,381.67,1526.68,High
2159,3466,Headphones,1.0,2025-04-18,East,156.28,156.28,High
2160,3737,Mouse,4.0,2024-06-19,North,141.0,564.0,High
2161,1849,Mouse,3.0,2025-09-07,West,123.76,371.28000000000003,High
2162,3109,SSD,1.0,2023-09-20,West,171.0,171.0,High
2163,4216,Laptop,1.0,2024-08-06,East,2885.52,2885.52,High
2164,3263,Phone,1.0,2025-10-09,South,2118.95,2118.95,High
2165,1002,Monitor,2.0,2024-01-18,East,960.32,1920.64,High
2166,1159,Monitor,1.0,2025-07-05,North,1220.5,1220.5,High
2167,4810,Laptop,4.0,2024-01-27,North,4093.85,16375.4,High
2168,1780,Headphones,2.0,2025-06-07,West,135.79,271.58,High
2169,4191,Monitor,1.0,2024-06-23,North,1748.91,1748.91,High
2170,1892,SSD,4.0,2024-07-19,West,168.71,674.84,High
2171,3030,Monitor,4.0,2025-06-02,North,893.58,3574.32,High
2172,4160,Webcam,5.0,2023-08-16,North,324.18,1620.9,High
2173,3376,Webcam,4.0,2024-04-17,North,371.8,1487.2,High
2174,1579,Keyboard,3.0,2024-01-07,East,240.09,720.27,High
2175,2933,Phone,1.0,2023-02-06,South,1185.9,1185.9,High
2176,2380,Headphones,1.0,2024-11-21,North,592.86,592.86,High
2177,4681,Mouse,1.0,2025-04-23,East,100.27,100.27,High
2178,2290,Phone,4.0,2025-11-26,West,1439.97,5759.88,High
2179,2640,Headphones,4.0,2023-04-11,East,532.62,2130.48,High
2180,1951,Monitor,1.0,2024-10-19,North,599.31,599.31,High
2181,4394,Keyboard,2.0,2023-03-31,North,189.02,378.04,High
2182,3682,Phone,2.0,2025-10-26,East,2441.56,4883.12,High
2183,1987,Monitor,3.0,2025-06-23,East,650.2,1950.6000000000001,High
2184,4612,Headphones,5.0,2023-04-05,West,370.42,1852.1000000000001,High
2185,4720,Phone,3.0,2024-09-23,East,1025.18,3075.54,High
2186,2218,Mouse,1.0,2023-05-03,North,181.3,181.3,High
2187,1920,Phone,1.0,2024-01-01,South,1799.17,1799.17,High
2188,3785,Monitor,1.0,2024-11-21,East,851.91,851.91,High
2189,2355,SSD,5.0,2023-11-21,South,288.17,1440.8500000000001,High
2190,1169,SSD,4.0,2024-02-11,West,382.48,1529.92,High
2191,1520,Phone,5.0,2025-09-22,South,2033.09,10165.449999999999,High
2192,2486,Mouse,3.0,2024-06-02,East,112.87,338.61,High
2193,1039,Keyboard,4.0,2025-06-14,North,97.32,389.28,High
2194,2560,Keyboard,4.0,2023-03-18,North,227.03,908.12,High
2195,4332,SSD,3.0,2023-08-22,East,203.26,609.78,High
2196,2418,Monitor,4.0,2025-04-09,East,1714.11,6856.44,High
2197,1954,Headphones,2.0,2024-08-08,North,297.8,595.6,High
2198,4297,Monitor,3.0,2024-04-28,North,1479.07,4437.21,High
2199,1983,Keyboard,3.0,2023-09-28,East,136.18,408.54,High
2200,4195,Laptop,2.0,2025-07-27,West,4007.22,8014.44,High
2201,1974,Laptop,5.0,2024-04-13,South,4667.56,23337.800000000003,High
2202,1037,Phone,5.0,2024-09-23,East,1992.39,9961.95,High
2203,3375,Mouse,5.0,2024-06-30,North,144.14,720.6999999999999,High
2204,2274,SSD,4.0,2024-12-19,East,490.83,1963.32,High
2205,4972,Webcam,2.0,2025-10-04,East,240.07,480.14,High
2206,2199,Webcam,3.0,2023-09-27,North,150.49,451.47,High
2207,2625,Webcam,3.0,2024-08-27,East,340.97,1022.9100000000001,High
2208,1913,Phone,3.0,2025-08-22,South,1902.42,5707.26,High
2209,1453,Laptop,4.0,2024-01-13,North,2941.46,11765.84,High
2210,1036,Keyboard,4.0,2023-06-26,East,118.97,475.88,High
2211,4387,Phone,5.0,2023-10-01,South,1649.88,8249.400000000001,High
2212,2711,Webcam,4.0,2024-09-28,East,146.34,585.36,High
2213,4020,Webcam,5.0,2023-01-27,North,361.04,1805.2,High
2214,1795,SSD,5.0,2024-07-29,East,504.86,2524.3,High
2215,1972,Monitor,3.0,2023-03-01,North,962.47,2887.41,High
2216,1592,Webcam,4.0,2024-12-31,North,95.81,383.24,High
2217,2137,Mouse,5.0,2024-10-22,East,38.82,194.1,High
2218,4111,Webcam,2.0,2023-09-27,South,175.08,350.16,High
2219,2324,Monitor,2.0,2023-09-02,West,721.26,1442.52,High
2220,3271,Webcam,4.0,2024-10-21,East,359.47,1437.88,High
2221,1317,Mouse,3.0,2023-03-26,South,101.53,304.59000000000003,High
2222,3396,Keyboard,3.0,2025-06-25,West,137.01,411.03,High
2223,3162,Phone,5.0,2024-06-19,South,1170.43,5852.150000000001,High
2224,3745,Mouse,4.0,2023-03-30,North,173.0,692.0,High
2225,2346,Monitor,2.0,2024-07-02,South,1688.7,3377.4,High
2227,4111,Phone,5.0,2025-06-13,East,1087.91,5439.55,High
2228,2889,Monitor,1.0,2024-05-21,East,1927.98,1927.98,High
2229,3087,SSD,4.0,2024-02-12,East,292.14,1168.56,High
2230,4930,Laptop,5.0,2024-06-07,East,4313.28,21566.399999999998,High
2231,2996,Webcam,2.0,2024-08-29,East,228.18,456.36,High
2232,2772,Mouse,1.0,2025-09-29,North,162.88,162.88,High
2233,2312,Monitor,2.0,2024-03-23,North,1222.41,2444.82,High
2234,2285,Keyboard,3.0,2024-06-26,South,281.39,844.17,High
2235,1215,Headphones,1.0,2025-08-06,West,500.21,500.21,High
2236,4218,Monitor,1.0,2023-12-16,East,890.43,890.43,High
2237,3383,Webcam,5.0,2025-05-01,East,217.72,1088.6,High
2238,4239,Webcam,3.0,2023-11-24,North,112.19,336.57,High
2239,3139,Phone,5.0,2025-11-24,North,2335.9,11679.5,High
2240,3400,Phone,4.0,2024-09-14,West,917.8,3671.2,High
2241,3618,Monitor,2.0,2024-05-02,North,527.36,1054.72,High
2242,4642,Headphones,2.0,2024-05-01,East,348.22,696.44,High
2243,3863,SSD,5.0,2023-05-25,North,421.41,2107.05,High
2245,3828,Headphones,2.0,2023-05-26,East,385.27,770.54,High
2246,1362,SSD,4.0,2025-10-17,East,553.0,2212.0,High
2247,3604,Headphones,3.0,2025-04-07,South,413.06,1239.18,High
2248,4416,Webcam,1.0,2024-09-18,East,225.84,225.84,High
2249,2716,Webcam,5.0,2024-06-17,South,126.22,631.1,High
2250,2193,Webcam,5.0,2024-09-21,West,134.06,670.3,High
2251,1355,Keyboard,4.0,2025-05-30,East,171.09,684.36,High
2252,1190,Webcam,4.0,2024-02-19,North,228.2,912.8,High
2253,4738,Mouse,1.0,2023-09-14,East,118.81,118.81,High
2254,3469,Phone,3.0,2023-03-28,East,1663.41,4990.2300000000005,High
2257,3180,Phone,5.0,2025-01-11,North,1160.76,5803.8,High
2258,4818,Laptop,2.0,2023-04-18,West,4556.99,9113.98,High
2259,1556,SSD,5.0,2025-11-08,West,237.48,1187.3999999999999,High
2260,1825,Headphones,3.0,2023-06-09,South,307.94,923.8199999999999,High
2261,3808,Phone,3.0,2023-04-10,North,1158.26,3474.7799999999997,High
2262,2054,Laptop,5.0,2023-09-22,South,3855.36,19276.8,High
2263,3582,SSD,2.0,2025-01-19,North,364.94,729.88,High
2264,1425,Keyboard,3.0,2025-12-08,South,143.58,430.74,High
2265,4465,Phone,4.0,2024-11-07,South,1607.73,6430.92,High
2266,3719,Laptop,5.0,2025-03-09,West,3263.72,16318.599999999999,High
2267,3410,Monitor,2.0,2025-12-18,North,1782.75,3565.5,High
2268,4508,Mouse,4.0,2023-07-02,East,51.13,204.52,High
2269,4741,Monitor,5.0,2024-10-20,East,1689.77,8448.85,High
2270,2574,Laptop,2.0,2024-08-30,East,3965.99,7931.98,High
2271,4998,Headphones,4.0,2024-10-04,East,274.16,1096.64,High
2272,3129,Webcam,3.0,2023-12-13,East,374.11,1122.33,High
2273,3403,Webcam,5.0,2025-03-22,West,136.62,683.1,High
2274,4329,Webcam,5.0,2025-03-11,East,179.29,896.4499999999999,High
2275,4789,SSD,3.0,2025-11-19,North,318.68,956.04,High
2276,1588,Headphones,1.0,2023-05-26,North,423.9,423.9,High
2277,3012,SSD,4.0,2024-05-17,West,575.89,2303.56,High
2278,2547,Phone,3.0,2025-03-09,East,1808.86,5426.58,High
2279,1294,Webcam,5.0,2025-08-25,West,354.02,1770.1,High
2280,2985,Monitor,4.0,2024-04-15,South,1857.46,7429.84,High
2281,2247,Headphones,4.0,2024-11-20,North,333.23,1332.92,High
2282,2548,Headphones,1.0,2023-01-01,South,336.22,336.22,High
2283,4117,Webcam,5.0,2023-04-20,South,160.0,800.0,High
2284,2690,Monitor,2.0,2025-06-12,East,1402.38,2804.76,High
2285,2136,Keyboard,1.0,2025-12-23,West,80.01,80.01,Low
2286,2256,Headphones,1.0,2025-01-25,East,417.16,417.16,High
2287,3064,Webcam,2.0,2023-02-22,North,365.73,731.46,High
2288,1359,Mouse,2.0,2023-09-19,East,159.33,318.66,High
2289,4294,Laptop,1.0,2025-06-04,East,3947.57,3947.57,High
2290,3913,SSD,4.0,2023-08-22,East,527.28,2109.12,High
2291,1699,Phone,3.0,2023-03-14,East,2040.69,6122.07,High
2292,1447,Headphones,3.0,2025-08-08,East,364.83,1094.49,High
2293,3903,Mouse,1.0,2024-04-28,South,118.58,118.58,High
2294,3412,Mouse,4.0,2025-10-26,East,48.19,192.76,High
2295,1674,Headphones,2.0,2025-05-26,East,317.21,634.42,High
2296,2007,Keyboard,1.0,2025-05-08,North,180.61,180.61,High
2297,2349,Laptop,5.0,2023-05-17,South,3409.75,17048.75,High
2298,3514,Phone,4.0,2025-02-17,South,2119.22,8476.88,High
2299,3461,Headphones,5.0,2024-09-19,North,180.48,902.4,High
2300,4526,SSD,5.0,2024-07-08,West,507.7,2538.5,High
2301,1585,Phone,1.0,2025-01-12,South,2060.83,2060.83,High
2302,2256,Monitor,4.0,2024-07-23,North,1851.23,7404.92,High
2303,2247,Mouse,5.0,2024-02-14,South,93.49,467.45,High
2304,1993,Mouse,4.0,2025-11-25,North,60.01,240.04,High
2305,4902,Headphones,3.0,2023-08-18,East,479.31,1437.93,High
2306,2435,Headphones,5.0,2023-09-19,East,394.22,1971.1000000000001,High
2307,1571,SSD,5.0,2025-06-10,North,470.62,2353.1,High
2308,3382,Monitor,4.0,2024-03-23,West,1995.11,7980.44,High
2309,2245,Keyboard,3.0,2023-07-05,North,98.63,295.89,High
2310,3084,Headphones,5.0,2023-12-18,East,305.53,1527.6499999999999,High
2311,1988,Mouse,1.0,2024-01-19,West,62.76,62.76,Low
2312,1277,Phone,4.0,2025-11-25,East,2263.06,9052.24,High
2313,2219,Laptop,4.0,2023-11-22,West,2050.94,8203.76,High
2314,3963,Webcam,5.0,2024-04-09,West,123.27,616.35,High
2315,2887,Phone,3.0,2024-04-10,West,1221.38,3664.1400000000003,High
2316,1483,Keyboard,5.0,2023-06-11,South,242.83,1214.15,High
2317,2265,Laptop,2.0,2024-07-09,East,3885.36,7770.72,High
2318,4395,Phone,5.0,2023-10-27,West,1460.64,7303.200000000001,High
2319,1730,Phone,2.0,2023-12-22,West,1069.79,2139.58,High
2320,3239,Monitor,1.0,2024-07-17,West,982.41,982.41,High
2321,2040,Webcam,4.0,2025-03-03,West,317.89,1271.56,High
2322,3571,SSD,4.0,2025-10-19,East,321.88,1287.52,High
2323,1917,Keyboard,3.0,2024-08-08,North,165.65,496.95000000000005,High
2324,3448,Mouse,5.0,2025-01-19,South,133.47,667.35,High
2326,1885,Laptop,2.0,2023-08-23,North,2750.32,5500.64,High
2327,3752,Webcam,3.0,2025-10-23,North,223.36,670.08,High
2328,1021,Mouse,1.0,2023-09-13,North,82.75,82.75,Low
2329,1473,Monitor,1.0,2024-01-06,North,1199.28,1199.28,High
2330,4191,Webcam,2.0,2023-10-05,West,302.87,605.74,High
2331,3257,SSD,2.0,2024-05-30,South,366.93,733.86,High
2332,3353,Keyboard,4.0,2025-06-22,North,258.63,1034.52,High
2333,4341,Headphones,5.0,2023-09-27,East,376.63,1883.15,High
2334,1703,SSD,3.0,2024-04-20,West,323.59,970.77,High
2335,1686,Headphones,5.0,2025-07-16,South,491.16,2455.8,High
2336,1284,Laptop,3.0,2023-03-05,North,3293.97,9881.91,High
2337,1715,Headphones,1.0,2024-04-04,North,357.78,357.78,High
2338,4747,Monitor,2.0,2025-11-05,South,1992.01,3984.02,High
2339,1762,Laptop,2.0,2024-07-17,North,4359.3,8718.6,High
2340,2250,Mouse,1.0,2025-11-08,East,175.37,175.37,High
2341,1947,SSD,1.0,2025-06-26,West,416.78,416.78,High
2342,3428,SSD,3.0,2023-04-03,East,306.7,920.0999999999999,High
2343,3507,Keyboard,1.0,2025-02-11,South,297.82,297.82,High
2345,1028,Mouse,5.0,2025-11-06,South,178.38,891.9,High
2346,1906,SSD,2.0,2025-04-19,South,560.09,1120.18,High
2347,4104,Laptop,2.0,2024-05-02,East,4452.66,8905.32,High
2348,4717,Phone,2.0,2025-10-30,West,993.94,1987.88,High
2349,3926,Phone,5.0,2025-01-18,North,2251.99,11259.949999999999,High
2350,3126,Laptop,5.0,2024-06-11,West,3991.33,19956.65,High
2351,4999,SSD,4.0,2024-07-07,West,456.37,1825.48,High
2352,3994,Webcam,3.0,2024-05-29,North,331.69,995.0699999999999,High
2353,3506,Headphones,3.0,2024-01-12,North,345.27,1035.81,High
2354,1569,Phone,4.0,2024-04-28,South,1254.17,5016.68,High
2355,3006,Webcam,2.0,2024-03-27,East,263.98,527.96,High
2356,4609,Webcam,3.0,2025-02-25,North,114.78,344.34000000000003,High
2357,4553,Keyboard,3.0,2025-11-29,North,218.7,656.0999999999999,High
2358,2453,Mouse,2.0,2023-10-29,West,112.1,224.2,High
2359,1737,Monitor,1.0,2025-12-21,North,1253.5,1253.5,High
2360,4356,Phone,1.0,2025-09-25,South,1115.9,1115.9,High
2361,1515,Laptop,4.0,2023-01-18,East,2123.85,8495.4,High
2362,3000,Headphones,5.0,2024-02-02,West,405.63,2028.15,High
2363,4170,Monitor,3.0,2025-10-03,South,1488.25,4464.75,High
2364,3444,Mouse,3.0,2024-08-16,North,114.71,344.13,High
2365,4560,Webcam,4.0,2023-07-08,East,325.03,1300.12,High
2366,1038,Mouse,4.0,2023-04-14,East,125.83,503.32,High
2367,4342,SSD,3.0,2023-02-02,West,531.69,1595.0700000000002,High
2368,1886,Phone,2.0,2025-01-18,North,1289.8,2579.6,High
2369,3844,Mouse,2.0,2024-01-09,East,71.33,142.66,High
2370,3204,Mouse,5.0,2025-11-01,South,74.39,371.95,High
2371,2098,Headphones,3.0,2025-01-10,West,115.26,345.78000000000003,High
2372,3931,SSD,3.0,2025-06-08,South,555.28,1665.84,High
2373,2823,SSD,3.0,2024-03-31,South,599.63,1798.8899999999999,High
2374,4201,Webcam,3.0,2023-09-06,North,341.29,1023.8700000000001,High
2375,2710,Headphones,4.0,2024-03-23,South,306.3,1225.2,High
2376,1973,Headphones,1.0,2025-10-14,South,276.97,276.97,High
2377,4155,Laptop,3.0,2025-09-06,North,4324.05,12972.150000000001,High
2378,4093,Mouse,1.0,2025-10-24,South,116.69,116.69,High
2379,4530,Mouse,2.0,2023-06-22,South,189.71,379.42,High
2380,2562,SSD,5.0,2024-01-06,West,275.81,1379.05,High
2382,3896,Keyboard,3.0,2025-01-18,East,299.71,899.1299999999999,High
2383,4453,Headphones,2.0,2025-02-25,East,589.09,1178.18,High
2384,3795,Monitor,4.0,2025-04-19,North,1827.79,7311.16,High
2385,4511,SSD,1.0,2024-02-04,North,332.08,332.08,High
2386,4675,Phone,3.0,2025-12-17,West,2223.94,6671.82,High
2387,1988,SSD,4.0,2024-07-01,North,277.53,1110.12,High
2388,1020,Webcam,1.0,2024-02-12,North,161.52,161.52,High
2389,3350,Monitor,4.0,2024-10-02,South,1319.66,5278.64,High
2390,1868,Webcam,2.0,2023-03-05,South,355.28,710.56,High
2391,1083,Laptop,3.0,2024-07-27,South,2292.42,6877.26,High
2392,4845,Laptop,2.0,2024-02-24,West,3695.92,7391.84,High
2393,2682,Webcam,5.0,2023-05-26,West,275.12,1375.6,High
2394,2976,Mouse,3.0,2023-01-17,West,128.57,385.71,High
2395,4524,Monitor,2.0,2023-04-08,South,827.75,1655.5,High
2396,2410,Mouse,3.0,2024-03-27,West,40.9,122.69999999999999,High
2397,2530,SSD,1.0,2025-09-01,East,552.75,552.75,High
2398,4328,Keyboard,3.0,2025-06-16,West,193.63,580.89,High
2399,1569,Laptop,3.0,2025-10-12,East,4303.71,12911.130000000001,High
2400,4963,Laptop,1.0,2024-04-23,North,3093.31,3093.31,High
2401,1933,Monitor,2.0,2023-07-20,West,563.75,1127.5,High
2403,4233,Keyboard,4.0,2024-05-22,West,68.34,273.36,High
2404,2980,Keyboard,3.0,2024-03-28,North,69.56,208.68,High
2405,4234,Keyboard,2.0,2023-09-27,West,103.61,207.22,High
2406,2855,Phone,1.0,2024-04-30,North,1877.08,1877.08,High
2407,4056,Keyboard,2.0,2024-07-31,South,254.44,508.88,High
2408,1792,Keyboard,5.0,2023-12-04,East,255.34,1276.7,High
2409,1791,Phone,3.0,2025-05-10,East,2394.19,7182.57,High
2410,4595,Mouse,3.0,2025-01-26,East,141.58,424.74,High
2411,2809,SSD,1.0,2025-01-26,South,158.94,158.94,High
2412,2294,Headphones,3.0,2024-08-06,North,288.7,866.0999999999999,High
2413,3539,Laptop,4.0,2025-12-08,South,2334.38,9337.52,High
2414,3255,Keyboard,4.0,2023-12-12,South,244.37,977.48,High
2415,4610,Laptop,2.0,2024-12-02,East,2359.07,4718.14,High
2416,2607,Monitor,1.0,2023-10-20,North,658.88,658.88,High
2417,2083,Laptop,5.0,2025-03-06,South,2084.63,10423.150000000001,High
2418,3477,Webcam,2.0,2025-10-18,West,385.76,771.52,High
2419,1984,Mouse,1.0,2023-03-18,North,163.57,163.57,High
2420,2680,SSD,1.0,2025-03-27,East,299.99,299.99,High
2421,4676,Phone,2.0,2025-06-14,North,1439.95,2879.9,High
2422,4380,Laptop,2.0,2024-10-12,North,2178.29,4356.58,High
2423,1519,Laptop,3.0,2024-06-30,East,2473.75,7421.25,High
2424,1590,Laptop,5.0,2024-01-29,South,2934.35,14671.75,High
2425,2050,Headphones,4.0,2023-11-21,East,293.93,1175.72,High
2426,2709,Headphones,3.0,2023-05-31,West,409.99,1229.97,High
2427,4633,Monitor,1.0,2025-05-28,West,1025.5,1025.5,High
2428,3035,Phone,5.0,2025-11-21,West,2422.82,12114.1,High
2429,3246,Laptop,5.0,2023-09-29,East,3028.38,15141.900000000001,High
2430,3434,Laptop,2.0,2025-04-15,South,4824.79,9649.58,High
2431,1348,Laptop,5.0,2024-01-03,South,4189.58,20947.9,High
2432,1959,Laptop,5.0,2024-08-12,East,4699.69,23498.449999999997,High
2433,2963,Headphones,1.0,2024-08-10,East,451.58,451.58,High
2434,1692,Mouse,3.0,2024-07-25,North,126.66,379.98,High
2435,2559,Mouse,5.0,2023-03-21,North,116.54,582.7,High
2436,4899,Monitor,2.0,2023-09-15,South,937.01,1874.02,High
2437,1377,Webcam,3.0,2023-10-06,North,175.42,526.26,High
2438,3946,Keyboard,2.0,2024-05-18,North,105.8,211.6,High
2439,3963,Phone,5.0,2024-07-11,East,1455.42,7277.1,High
2440,4629,Mouse,3.0,2024-05-05,North,51.59,154.77,High
2441,1526,Webcam,5.0,2024-07-19,East,204.03,1020.15,High
2443,3781,SSD,3.0,2023-11-22,North,541.63,1624.8899999999999,High
2444,3253,Laptop,2.0,2023-03-25,North,3928.49,7856.98,High
2445,3502,SSD,1.0,2025-04-20,North,265.56,265.56,High
2446,4344,Mouse,4.0,2023-11-16,East,70.86,283.44,High
2449,2875,Mouse,2.0,2024-02-11,South,196.0,392.0,High
2450,2763,Monitor,4.0,2025-11-15,South,663.78,2655.12,High
2451,1520,SSD,2.0,2024-11-14,East,375.23,750.46,High
2452,2701,Headphones,1.0,2023-08-21,North,441.12,441.12,High
2453,2016,Keyboard,2.0,2025-10-18,East,111.42,222.84,High
2454,4003,Monitor,3.0,2024-07-02,East,1953.67,5861.01,High
2455,4902,Webcam,4.0,2025-11-02,North,191.69,766.76,High
2456,3773,Mouse,2.0,2024-05-10,East,188.5,377.0,High
2457,2013,Headphones,4.0,2024-09-09,North,398.68,1594.72,High
2458,3548,Webcam,1.0,2025-04-27,South,81.31,81.31,Low
2459,1116,Monitor,3.0,2025-10-02,North,966.67,2900.0099999999998,High
2460,3433,Monitor,5.0,2024-01-19,North,532.32,2661.6000000000004,High
2461,2367,SSD,2.0,2025-10-13,South,321.66,643.32,High
2462,1583,Webcam,1.0,2024-10-03,East,378.41,378.41,High
2463,1394,Mouse,4.0,2023-11-12,West,162.43,649.72,High
2464,2087,Keyboard,4.0,2023-09-13,East,205.03,820.12,High
2465,4788,Headphones,1.0,2024-03-16,South,369.28,369.28,High
2467,1071,Laptop,5.0,2025-07-03,North,2634.62,13173.099999999999,High
2468,4860,Phone,2.0,2023-09-13,North,906.29,1812.58,High
2469,1273,Keyboard,3.0,2024-10-12,South,97.54,292.62,High
2470,3013,SSD,2.0,2023-02-16,East,308.18,616.36,High
2471,2343,Headphones,3.0,2025-06-21,South,360.0,1080.0,High
2472,1337,Webcam,4.0,2024-04-07,East,145.41,581.64,High
2473,2389,Monitor,3.0,2023-01-31,North,1961.49,5884.47,High
2474,4566,Webcam,5.0,2023-02-24,East,104.59,522.95,High
2475,1606,SSD,1.0,2023-06-02,East,192.66,192.66,High
2476,1165,Headphones,3.0,2024-03-31,West,441.3,1323.9,High
2477,2567,Webcam,2.0,2023-10-13,West,321.62,643.24,High
2478,3058,Webcam,3.0,2023-02-05,East,391.18,1173.54,High
2479,2324,Phone,4.0,2025-03-28,South,1701.76,6807.04,High
2480,1728,Mouse,3.0,2023-09-13,East,58.21,174.63,High
2481,3848,SSD,5.0,2023-06-27,North,572.07,2860.3500000000004,High
2482,3043,Phone,3.0,2024-05-22,West,2466.4,7399.200000000001,High
2483,1101,SSD,5.0,2023-01-21,West,565.58,2827.9,High
2484,4496,Laptop,2.0,2023-03-16,South,4614.97,9229.94,High
2485,2415,Laptop,4.0,2024-12-19,East,2232.72,8930.88,High
2486,1778,Phone,1.0,2024-04-04,South,2253.28,2253.28,High
2487,1213,Keyboard,2.0,2025-11-26,North,288.31,576.62,High
2488,4762,Keyboard,2.0,2024-09-21,East,188.08,376.16,High
2489,2111,Webcam,1.0,2023-01-01,South,327.23,327.23,High
2490,2576,Webcam,3.0,2025-07-24,West,291.49,874.47,High
2491,3448,Monitor,3.0,2023-11-07,South,932.09,2796.27,High
2492,3635,Laptop,3.0,2025-01-31,West,3762.56,11287.68,High
2493,3936,SSD,4.0,2024-11-13,East,550.22,2200.88,High
2494,4117,Monitor,2.0,2023-11-11,West,1244.58,2489.16,High
2495,2695,Laptop,5.0,2023-11-03,North,3770.44,18852.2,High
2496,4534,Phone,1.0,2024-09-10,South,1703.49,1703.49,High
2497,1591,Keyboard,2.0,2023-01-07,West,120.6,241.2,High
2498,2333,Webcam,3.0,2025-11-01,East,285.97,857.9100000000001,High
2499,2109,Keyboard,1.0,2024-05-28,South,177.37,177.37,High
2500,3139,Phone,5.0,2023-12-15,East,1195.33,5976.65,High
2501,4731,Monitor,2.0,2025-07-05,West,1843.07,3686.14,High
2502,3720,Monitor,2.0,2025-10-27,East,1925.07,3850.14,High
2503,1713,Headphones,4.0,2024-05-14,East,127.69,510.76,High
2504,1935,Webcam,2.0,2024-04-19,West,279.15,558.3,High
2505,2951,Webcam,2.0,2024-06-07,South,212.81,425.62,High
2506,1241,SSD,5.0,2025-12-16,West,386.68,1933.4,High
2507,3043,Webcam,5.0,2024-08-12,East,199.63,998.15,High
2508,4936,Laptop,1.0,2023-08-21,South,3423.08,3423.08,High
2509,1001,Monitor,3.0,2025-03-01,North,985.15,2955.45,High
2510,3272,Phone,5.0,2025-11-19,South,999.93,4999.65,High
2511,3848,Monitor,1.0,2024-01-02,East,953.05,953.05,High
2512,2768,Keyboard,2.0,2023-02-25,East,217.58,435.16,High
2513,2949,Laptop,1.0,2023-01-10,West,2151.14,2151.14,High
2514,3636,Webcam,1.0,2023-05-27,West,202.47,202.47,High
2515,3163,SSD,1.0,2023-12-30,North,169.03,169.03,High
2516,4737,SSD,1.0,2023-09-10,East,310.32,310.32,High
2517,1917,SSD,5.0,2025-07-28,East,189.43,947.1500000000001,High
2518,4174,Mouse,3.0,2025-01-05,North,87.74,263.21999999999997,High
2519,3241,Headphones,1.0,2023-12-06,East,519.04,519.04,High
2520,4237,Laptop,4.0,2024-09-15,South,3840.23,15360.92,High
2522,1089,Webcam,2.0,2023-11-19,North,241.22,482.44,High
2523,2709,Keyboard,2.0,2025-05-10,East,280.6,561.2,High
2524,3169,Keyboard,2.0,2023-04-05,East,185.29,370.58,High
2525,1142,Webcam,2.0,2024-07-06,East,113.37,226.74,High
2526,4041,Keyboard,1.0,2025-02-28,East,283.28,283.28,High
2527,1105,SSD,3.0,2024-07-06,North,209.88,629.64,High
2528,1886,Phone,4.0,2023-04-26,North,2498.59,9994.36,High
2529,1427,Headphones,5.0,2024-09-23,North,317.69,1588.45,High
2530,2328,Mouse,4.0,2023-09-27,South,42.49,169.96,High
2531,2895,Keyboard,5.0,2025-05-10,West,266.03,1330.1499999999999,High
2532,2994,Keyboard,5.0,2023-10-18,East,73.22,366.1,High
2533,1316,Monitor,4.0,2023-01-09,North,761.65,3046.6,High
2534,2986,Headphones,1.0,2024-09-21,North,308.67,308.67,High
2535,1634,Laptop,2.0,2025-05-13,East,4028.56,8057.12,High
2536,2925,Headphones,1.0,2024-04-19,East,160.57,160.57,High
2537,3056,Headphones,2.0,2024-06-20,East,411.31,822.62,High
2538,3821,Webcam,3.0,2024-11-15,North,329.72,989.1600000000001,High
2539,4144,Webcam,5.0,2025-10-31,East,119.52,597.6,High
2540,4430,Webcam,4.0,2024-09-04,South,287.22,1148.88,High
2541,3270,Mouse,3.0,2025-02-15,West,193.01,579.03,High
2542,2439,SSD,2.0,2024-08-17,North,585.33,1170.66,High
2543,1552,Headphones,1.0,2023-10-03,North,180.83,180.83,High
2544,4441,Mouse,4.0,2024-01-05,East,159.15,636.6,High
2545,1715,Keyboard,5.0,2023-12-11,North,261.66,1308.3000000000002,High
2546,2287,Webcam,3.0,2024-01-03,East,364.47,1093.41,High
2547,4911,Keyboard,5.0,2024-12-31,North,130.92,654.5999999999999,High
2548,2713,Webcam,2.0,2023-01-15,North,166.44,332.88,High
2549,2883,Phone,5.0,2025-01-27,West,881.36,4406.8,High
2550,4389,Mouse,1.0,2024-11-18,South,97.91,97.91,Low
2551,2107,Mouse,3.0,2023-01-04,North,51.07,153.21,High
2552,2341,SSD,3.0,2024-06-16,North,503.82,1511.46,High
2553,1110,Laptop,1.0,2025-09-12,West,2428.9,2428.9,High
2554,1250,Monitor,5.0,2025-04-13,East,1728.36,8641.8,High
2555,3430,Headphones,1.0,2023-12-29,West,153.81,153.81,High
2556,3054,Laptop,4.0,2023-04-27,West,3441.85,13767.4,High
2557,1458,Mouse,1.0,2023-05-08,East,95.39,95.39,Low
2558,2107,Laptop,5.0,2023-03-19,South,3804.63,19023.15,High
2559,1207,Phone,1.0,2025-01-10,West,1681.91,1681.91,High
2560,1899,Monitor,2.0,2025-02-12,South,1397.94,2795.88,High
2561,4461,SSD,1.0,2023-03-23,West,150.43,150.43,High
2562,4385,Mouse,1.0,2023-12-08,East,51.68,51.68,Low
2563,1021,Mouse,5.0,2025-03-29,East,117.91,589.55,High
2564,1409,Headphones,4.0,2024-07-31,South,214.83,859.32,High
2565,1894,SSD,4.0,2023-04-06,East,184.34,737.36,High
2566,1514,SSD,5.0,2024-07-30,East,247.97,1239.85,High
2567,4198,Webcam,5.0,2024-06-04,South,329.56,1647.8,High
2568,1808,Monitor,5.0,2025-09-22,West,1312.54,6562.7,High
2569,4771,Phone,2.0,2023-12-23,East,1123.13,2246.26,High
2570,1873,Keyboard,3.0,2023-07-05,North,53.99,161.97,High
2571,1013,Laptop,1.0,2024-06-26,East,3072.79,3072.79,High
2572,1970,SSD,5.0,2023-05-31,East,310.86,1554.3000000000002,High
2573,4025,Headphones,5.0,2025-12-18,West,467.56,2337.8,High
2574,4061,Mouse,5.0,2023-01-10,East,186.3,931.5,High
2575,4083,Keyboard,4.0,2025-05-06,North,143.0,572.0,High
2577,4595,Monitor,1.0,2025-03-04,North,1452.36,1452.36,High
2578,3956,SSD,5.0,2023-08-25,North,339.94,1699.7,High
2579,2560,Laptop,1.0,2023-11-29,East,2197.67,2197.67,High
2580,2324,SSD,2.0,2023-01-17,South,363.06,726.12,High
2581,2266,Headphones,3.0,2023-11-20,South,277.07,831.21,High
2582,3169,SSD,4.0,2023-01-23,East,397.59,1590.36,High
2584,4638,SSD,2.0,2024-04-03,North,475.91,951.82,High
2585,1749,Mouse,3.0,2024-06-04,East,163.92,491.76,High
2586,4427,Mouse,3.0,2024-12-19,North,96.04,288.12,High
2587,1684,Keyboard,3.0,2024-07-10,East,93.82,281.46,High
2588,2927,Keyboard,1.0,2024-02-07,East,205.89,205.89,High
2589,4804,Laptop,2.0,2024-04-01,West,4867.44,9734.88,High
2590,4702,Monitor,5.0,2025-11-16,North,1550.75,7753.75,High
2591,3356,Phone,2.0,2024-02-01,South,1009.92,2019.84,High
2592,1694,Webcam,2.0,2023-05-20,East,207.11,414.22,High
2593,3335,Monitor,2.0,2024-06-04,South,1873.05,3746.1,High
2594,1306,Monitor,1.0,2025-01-15,South,1451.63,1451.63,High
2595,4883,Monitor,1.0,2023-04-02,North,720.73,720.73,High
2596,4665,Webcam,1.0,2023-03-18,East,311.87,311.87,High
2597,2989,Laptop,2.0,2025-05-01,West,3060.56,6121.12,High
2598,3961,Webcam,1.0,2025-04-24,West,236.65,236.65,High
2599,4794,Laptop,3.0,2024-10-28,West,3245.14,9735.42,High
2600,1661,Webcam,1.0,2025-08-16,North,312.22,312.22,High
2601,1548,Phone,4.0,2025-09-15,East,1170.44,4681.76,High
2602,4423,SSD,1.0,2025-03-07,South,324.77,324.77,High
2603,1311,Monitor,1.0,2023-03-29,West,1616.82,1616.82,High
2605,2082,Laptop,1.0,2023-04-05,West,2605.23,2605.23,High
2606,4714,Webcam,4.0,2024-07-04,West,192.21,768.84,High
2607,3971,Phone,5.0,2024-02-03,East,824.42,4122.099999999999,High
2608,2737,Webcam,1.0,2025-02-05,East,249.66,249.66,High
2609,1754,SSD,3.0,2025-12-13,West,276.42,829.26,High
2610,1034,Mouse,4.0,2023-08-31,East,32.02,128.08,High
2611,1444,Phone,5.0,2024-09-15,West,1522.0,7610.0,High
2612,3140,Monitor,1.0,2024-12-01,West,1890.3,1890.3,High
2613,2982,Headphones,5.0,2024-07-17,East,561.7,2808.5,High
2614,2230,Monitor,3.0,2023-06-11,North,1058.15,3174.4500000000003,High
2615,1352,Headphones,4.0,2023-02-04,North,324.59,1298.36,High
2616,1902,Phone,4.0,2025-08-23,North,1212.56,4850.24,High
2617,2355,Mouse,5.0,2023-02-06,South,41.61,208.05,High
2618,4888,SSD,1.0,2025-04-25,South,462.27,462.27,High
2619,3909,Mouse,2.0,2025-04-08,East,166.01,332.02,High
2620,2748,Laptop,4.0,2024-09-14,South,4640.31,18561.24,High
2621,1158,Mouse,2.0,2024-06-04,West,189.0,378.0,High
2622,2977,Keyboard,4.0,2023-04-15,North,278.99,1115.96,High
2623,1956,Phone,1.0,2023-06-05,West,846.55,846.55,High
2624,3071,SSD,1.0,2023-12-02,North,590.14,590.14,High
2625,1403,SSD,4.0,2025-11-15,East,320.78,1283.12,High
2626,3852,Laptop,5.0,2023-10-23,East,4658.32,23291.6,High
2627,1515,SSD,1.0,2025-06-04,East,348.34,348.34,High
2628,3779,Mouse,1.0,2023-03-10,East,101.77,101.77,High
2630,4453,Monitor,1.0,2025-05-06,South,578.66,578.66,High
2631,3579,Mouse,3.0,2024-07-30,North,144.12,432.36,High
2632,1955,Webcam,1.0,2024-10-23,South,380.04,380.04,High
2633,3199,Headphones,1.0,2025-01-26,East,212.2,212.2,High
2634,4633,Phone,5.0,2024-03-27,East,959.66,4798.3,High
2635,2712,SSD,5.0,2024-07-23,West,246.24,1231.2,High
2636,3994,Laptop,1.0,2024-09-26,West,2636.96,2636.96,High
2637,1607,Monitor,4.0,2023-12-28,South,939.7,3758.8,High
2638,4688,Keyboard,4.0,2023-07-22,North,73.69,294.76,High
2639,3467,Monitor,1.0,2024-05-01,East,853.29,853.29,High
2640,2273,Mouse,4.0,2023-01-04,South,186.62,746.48,High
2641,4188,Headphones,1.0,2025-11-15,East,545.11,545.11,High
2642,3913,Monitor,5.0,2025-03-11,East,974.46,4872.3,High
2643,2535,Keyboard,2.0,2025-09-03,East,299.22,598.44,High
2644,4811,Webcam,3.0,2023-01-27,West,175.47,526.41,High
2645,3625,Laptop,4.0,2025-12-01,West,4165.49,16661.96,High
2646,3382,Phone,4.0,2025-08-22,West,1894.81,7579.24,High
2647,2441,Headphones,5.0,2023-03-05,West,132.28,661.4,High
2648,3979,Keyboard,4.0,2025-11-14,West,135.57,542.28,High
2649,2797,SSD,1.0,2023-03-13,North,578.17,578.17,High
2650,1294,Mouse,1.0,2025-06-18,West,38.65,38.65,Low
2651,1754,Mouse,2.0,2023-09-25,North,59.73,119.46,High
2652,2394,Mouse,2.0,2023-04-05,East,195.06,390.12,High
2653,1185,SSD,2.0,2024-01-30,North,167.91,335.82,High
2654,2269,SSD,1.0,2025-05-18,South,350.97,350.97,High
2655,1636,Headphones,2.0,2023-12-30,North,559.18,1118.36,High
2656,2291,Monitor,2.0,2023-04-27,South,1915.52,3831.04,High
2657,4714,Headphones,1.0,2023-06-13,South,589.66,589.66,High
2658,4308,Mouse,5.0,2025-05-26,North,111.82,559.0999999999999,High
2659,1529,Webcam,4.0,2025-02-28,West,107.67,430.68,High
2660,4623,Keyboard,3.0,2024-07-30,West,243.18,729.54,High
2661,3068,Phone,1.0,2023-11-02,East,2005.27,2005.27,High
2662,3958,Phone,1.0,2025-02-10,West,1785.34,1785.34,High
2663,4808,Headphones,3.0,2023-07-19,East,544.12,1632.3600000000001,High
2664,3914,Mouse,3.0,2023-06-29,West,184.97,554.91,High
2665,1793,SSD,2.0,2023-12-24,East,457.46,914.92,High
2666,4591,Laptop,3.0,2025-01-09,East,2336.3,7008.900000000001,High
2667,3147,Webcam,4.0,2024-03-05,West,110.57,442.28,High
2668,3799,Headphones,4.0,2025-10-24,South,304.31,1217.24,High
2669,1477,Mouse,4.0,2024-10-14,North,79.76,319.04,High
2670,2622,Monitor,4.0,2024-11-08,East,699.47,2797.88,High
2671,4369,Phone,4.0,2023-09-11,North,1839.02,7356.08,High
2672,1939,Phone,2.0,2025-07-29,South,1962.0,3924.0,High
2673,1525,Webcam,1.0,2023-06-16,North,303.35,303.35,High
2674,3381,Phone,3.0,2025-08-22,West,1097.97,3293.91,High
2675,1001,Laptop,1.0,2025-05-03,West,2917.53,2917.53,High
2676,1374,Mouse,3.0,2025-12-21,North,63.84,191.52,High
2677,3340,Mouse,2.0,2023-06-23,North,132.23,264.46,High
2678,3884,Webcam,2.0,2024-09-15,North,261.47,522.94,High
2679,4052,Mouse,5.0,2024-02-19,East,115.56,577.8,High
2681,3365,Webcam,2.0,2024-11-05,South,155.86,311.72,High
2682,2525,Mouse,2.0,2023-05-06,North,181.37,362.74,High
2683,2851,Laptop,3.0,2025-07-29,South,2146.56,6439.68,High
2684,1380,Keyboard,2.0,2023-09-10,South,214.1,428.2,High
2685,2646,Headphones,1.0,2023-07-16,East,109.79,109.79,High
2686,1013,Headphones,3.0,2024-02-17,North,196.92,590.76,High
2687,1503,Mouse,2.0,2025-02-14,East,79.21,158.42,High
2688,3278,Monitor,3.0,2025-12-13,South,1829.73,5489.1900000000005,High
2689,3008,Phone,3.0,2023-08-22,South,1034.15,3102.4500000000003,High
2690,4155,Laptop,4.0,2025-12-21,South,4813.42,19253.68,High
2691,1129,Monitor,5.0,2023-07-15,East,1723.18,8615.9,High
2692,4814,SSD,3.0,2024-06-25,East,455.57,1366.71,High
2693,1837,Monitor,3.0,2023-10-22,West,1117.62,3352.8599999999997,High
2694,4216,Mouse,4.0,2024-10-06,North,183.89,735.56,High
2695,3938,Laptop,2.0,2023-06-05,North,3583.87,7167.74,High
2696,4928,Headphones,3.0,2024-02-10,North,285.6,856.8000000000001,High
2697,3040,Phone,4.0,2025-06-14,South,1795.56,7182.24,High
2698,1027,Headphones,1.0,2024-12-26,North,216.13,216.13,High
2699,3113,Monitor,4.0,2025-01-07,North,909.32,3637.28,High
2700,4234,SSD,5.0,2025-03-07,South,563.69,2818.4500000000003,High
2701,2252,Phone,5.0,2024-07-07,East,2149.68,10748.4,High
2702,1260,Keyboard,2.0,2024-01-10,East,178.38,356.76,High
2703,3046,Monitor,2.0,2024-03-30,South,1124.85,2249.7,High
2704,2472,Headphones,5.0,2023-07-21,South,503.78,2518.8999999999996,High
2705,2447,Headphones,5.0,2025-05-03,East,385.32,1926.6,High
2706,1459,Mouse,3.0,2024-12-24,South,100.56,301.68,High
2707,4747,Headphones,5.0,2023-12-06,East,357.72,1788.6000000000001,High
2708,1300,Laptop,2.0,2023-09-19,West,2698.13,5396.26,High
2709,3966,Monitor,5.0,2024-06-26,West,802.95,4014.75,High
2710,4374,Webcam,2.0,2024-07-04,South,396.51,793.02,High
2711,3334,Webcam,1.0,2024-09-29,East,390.27,390.27,High
2712,4466,SSD,5.0,2023-06-14,East,339.37,1696.85,High
2713,4081,Phone,2.0,2025-01-27,South,1675.94,3351.88,High
2714,4778,Headphones,4.0,2024-09-12,East,513.6,2054.4,High
2715,1629,Mouse,3.0,2023-02-20,South,153.39,460.16999999999996,High
2716,1269,Mouse,2.0,2024-05-03,West,46.92,93.84,Low
2717,3639,Headphones,5.0,2023-07-17,North,287.31,1436.55,High
2718,2993,Laptop,5.0,2025-11-12,North,2750.45,13752.25,High
2719,2628,Mouse,1.0,2024-10-26,East,198.75,198.75,High
2720,2801,Webcam,4.0,2024-10-24,South,319.58,1278.32,High
2721,3891,Phone,2.0,2023-09-23,North,881.2,1762.4,High
2722,1861,Monitor,4.0,2023-03-14,South,1850.06,7400.24,High
2723,4432,Keyboard,1.0,2023-03-18,North,281.99,281.99,High
2724,2280,Laptop,3.0,2024-06-27,East,2999.81,8999.43,High
2726,4347,SSD,1.0,2024-03-10,North,456.92,456.92,High
2727,2799,Mouse,2.0,2025-12-24,South,154.02,308.04,High
2728,2706,Monitor,3.0,2023-12-23,North,1540.26,4620.78,High
2729,4019,Keyboard,5.0,2025-07-24,East,189.93,949.6500000000001,High
2730,3560,SSD,1.0,2023-01-18,North,579.23,579.23,High
2731,3360,Headphones,5.0,2024-11-06,West,356.19,1780.95,High
2732,1575,Headphones,3.0,2024-07-28,North,155.46,466.38,High
2733,3933,Phone,1.0,2025-01-20,South,936.72,936.72,High
2734,3003,Keyboard,1.0,2025-09-22,East,54.59,54.59,Low
2735,2307,Headphones,3.0,2025-10-29,North,313.96,941.8799999999999,High
2736,4192,SSD,2.0,2024-09-23,North,272.96,545.92,High
2737,4178,Headphones,1.0,2024-01-07,South,547.61,547.61,High
2738,2956,Webcam,3.0,2025-08-27,North,357.49,1072.47,High
2739,3734,Mouse,4.0,2023-12-19,East,172.43,689.72,High
2740,3020,SSD,5.0,2023-08-12,East,540.28,2701.3999999999996,High
2741,4275,SSD,1.0,2025-08-11,North,283.92,283.92,High
2742,3212,SSD,4.0,2024-01-03,East,341.75,1367.0,High
2743,3352,Phone,1.0,2024-10-17,West,1329.95,1329.95,High
2744,4568,Monitor,2.0,2025-12-31,West,629.12,1258.24,High
2745,2655,SSD,3.0,2024-03-08,North,565.82,1697.46,High
2746,2579,Headphones,1.0,2024-05-23,North,407.96,407.96,High
2747,2847,Webcam,3.0,2024-05-22,South,122.42,367.26,High
2748,3203,SSD,1.0,2024-09-08,North,242.73,242.73,High
2749,2390,Laptop,2.0,2024-02-24,North,3352.26,6704.52,High
2750,2742,Laptop,2.0,2025-12-31,North,2155.68,4311.36,High
2751,2925,Monitor,4.0,2023-03-15,North,907.99,3631.96,High
2752,1619,Keyboard,2.0,2024-07-27,East,225.86,451.72,High
2753,2274,Phone,3.0,2023-05-26,South,2364.69,7094.07,High
2754,1956,Webcam,2.0,2023-02-15,North,377.19,754.38,High
2755,2939,Mouse,1.0,2023-05-01,South,118.4,118.4,High
2756,4953,Webcam,2.0,2025-12-02,East,179.89,359.78,High
2757,3381,Laptop,3.0,2023-04-09,East,4762.24,14286.72,High
2758,4713,Laptop,1.0,2024-12-06,West,4359.9,4359.9,High
2759,1968,Monitor,4.0,2023-11-07,West,1380.67,5522.68,High
2760,3558,Keyboard,4.0,2024-02-27,East,258.64,1034.56,High
2761,2316,Keyboard,4.0,2023-09-29,West,164.71,658.84,High
2762,2043,Monitor,1.0,2025-04-04,North,668.29,668.29,High
2763,1281,SSD,4.0,2023-07-29,East,572.21,2288.84,High
2764,3844,Webcam,2.0,2025-01-08,East,250.88,501.76,High
2765,4072,Laptop,1.0,2025-03-03,East,4085.87,4085.87,High
2766,3166,Webcam,1.0,2025-11-11,North,205.53,205.53,High
2767,2058,Webcam,1.0,2025-01-29,North,123.44,123.44,High
2768,1197,Phone,5.0,2023-06-08,South,1262.2,6311.0,High
2769,3532,Laptop,3.0,2025-01-10,East,2131.02,6393.0599999999995,High
2770,4828,Keyboard,5.0,2023-12-09,West,71.89,359.45,High
2771,2082,Mouse,5.0,2024-11-29,North,64.84,324.20000000000005,High
2772,3884,Webcam,5.0,2024-02-01,West,259.52,1297.6,High
2773,2184,Laptop,3.0,2024-06-19,North,4978.65,14935.949999999999,High
2774,2008,Webcam,5.0,2023-05-21,West,349.99,1749.95,High
2775,3738,Phone,4.0,2025-08-18,West,945.97,3783.88,High
2776,2229,SSD,1.0,2023-08-28,North,529.05,529.05,High
2777,2035,Headphones,1.0,2023-10-19,North,368.16,368.16,High
2778,1489,Laptop,2.0,2025-03-27,North,3980.97,7961.94,High
2779,1275,Monitor,4.0,2023-03-23,West,694.65,2778.6,High
2780,3740,Headphones,3.0,2024-07-13,South,297.72,893.1600000000001,High
2781,3289,Webcam,1.0,2025-05-19,East,362.92,362.92,High
2782,2239,Monitor,5.0,2023-06-20,North,1138.05,5690.25,High
2783,2274,Monitor,2.0,2025-09-03,West,690.67,1381.34,High
2784,4882,Monitor,2.0,2024-08-02,North,966.61,1933.22,High
2785,1125,Laptop,1.0,2024-06-09,North,2664.56,2664.56,High
2786,1216,Keyboard,4.0,2024-06-25,South,221.72,886.88,High
2787,4377,Webcam,2.0,2023-04-20,South,371.53,743.06,High
2788,4868,Headphones,1.0,2023-11-18,North,466.74,466.74,High
2789,2208,Phone,4.0,2025-06-18,East,2234.15,8936.6,High
2790,4110,Keyboard,1.0,2024-12-14,North,251.45,251.45,High
2791,2246,Webcam,1.0,2023-03-25,East,84.67,84.67,Low
2792,4255,SSD,4.0,2025-08-13,South,205.97,823.88,High
2793,3542,SSD,4.0,2024-01-11,North,340.52,1362.08,High
2794,3474,Laptop,4.0,2025-12-12,South,2336.27,9345.08,High
2795,4249,Monitor,1.0,2024-08-08,East,1602.4,1602.4,High
2797,4499,Webcam,3.0,2023-05-09,South,213.2,639.5999999999999,High
2798,2317,Headphones,3.0,2025-07-06,East,296.14,888.42,High
2799,4923,Webcam,1.0,2023-08-07,North,253.9,253.9,High
2800,3198,Keyboard,1.0,2024-04-21,East,207.34,207.34,High
2801,3431,SSD,2.0,2023-01-22,North,576.13,1152.26,High
2802,2661,Mouse,4.0,2024-07-13,North,76.1,304.4,High
2803,4884,Keyboard,1.0,2024-09-20,East,216.5,216.5,High
2804,1307,Webcam,5.0,2025-10-15,North,91.23,456.15000000000003,High
2805,2359,Phone,4.0,2023-12-05,South,801.71,3206.84,High
2806,2969,Webcam,1.0,2023-06-28,East,88.11,88.11,Low
2807,3793,Webcam,5.0,2024-02-25,North,223.65,1118.25,High
2808,1891,Laptop,2.0,2025-10-03,East,3665.04,7330.08,High
2809,1374,Headphones,5.0,2023-02-18,West,103.11,515.55,High
2810,4079,Phone,1.0,2025-02-05,East,1473.9,1473.9,High
2811,3033,Webcam,3.0,2023-01-30,North,93.07,279.21,High
2812,2364,Monitor,1.0,2023-03-26,East,1479.93,1479.93,High
2813,1128,Headphones,3.0,2025-02-27,North,415.62,1246.8600000000001,High
2814,2014,Keyboard,2.0,2023-11-25,North,246.05,492.1,High
2815,2799,Phone,2.0,2024-09-01,West,1728.64,3457.28,High
2816,3716,Keyboard,4.0,2024-03-09,North,205.74,822.96,High
2817,4423,SSD,4.0,2024-08-10,North,275.74,1102.96,High
2818,2381,Webcam,3.0,2024-11-20,South,107.35,322.04999999999995,High
2819,1516,Keyboard,3.0,2024-02-29,West,234.33,702.99,High
2820,2518,Keyboard,2.0,2025-02-08,North,202.97,405.94,High
2821,1085,Laptop,5.0,2024-05-26,North,4815.0,24075.0,High
2822,2198,Keyboard,3.0,2025-10-08,East,297.31,891.9300000000001,High
2823,4873,Monitor,3.0,2024-07-17,East,1770.93,5312.79,High
2824,4264,Monitor,5.0,2023-10-30,South,1978.43,9892.15,High
2825,3358,Headphones,4.0,2023-04-09,West,423.72,1694.88,High
2826,2142,Webcam,4.0,2024-07-10,North,109.42,437.68,High
2827,4289,Mouse,3.0,2023-02-11,North,45.27,135.81,High
2828,3474,SSD,4.0,2025-09-17,North,513.2,2052.8,High
2829,2993,Keyboard,4.0,2024-04-12,East,109.22,436.88,High
2830,4485,Keyboard,4.0,2024-03-15,South,65.25,261.0,High
2831,3161,Phone,2.0,2023-11-23,West,1602.87,3205.74,High
2832,4216,Laptop,1.0,2024-07-22,West,2943.94,2943.94,High
2833,4609,Mouse,3.0,2023-02-02,North,129.99,389.97,High
2834,4719,Headphones,3.0,2024-02-16,West,400.08,1200.24,High
2835,1302,SSD,2.0,2025-03-22,North,456.68,913.36,High
2836,3791,Mouse,1.0,2024-05-22,South,128.0,128.0,High
2837,4952,Keyboard,1.0,2023-02-25,East,145.23,145.23,High
2838,1587,Phone,2.0,2024-06-29,East,840.23,1680.46,High
2839,1986,Webcam,5.0,2023-07-15,East,369.63,1848.15,High
2840,2863,Laptop,5.0,2024-02-17,South,2980.77,14903.85,High
2841,1344,Webcam,1.0,2024-09-28,West,242.29,242.29,High
2842,1813,Headphones,5.0,2025-01-11,East,378.47,1892.3500000000001,High
2844,3848,Headphones,5.0,2024-06-22,West,254.24,1271.2,High
2845,4072,Keyboard,1.0,2024-11-19,West,115.22,115.22,High
2846,4218,Headphones,5.0,2024-12-19,South,221.68,1108.4,High
2847,2310,Webcam,3.0,2025-07-21,East,89.73,269.19,High
2848,2999,Phone,1.0,2023-11-02,West,2428.45,2428.45,High
2849,2677,Headphones,2.0,2024-01-23,West,397.65,795.3,High
2850,4124,Monitor,5.0,2024-12-25,North,662.1,3310.5,High
2851,2327,Phone,4.0,2025-07-03,East,1806.33,7225.32,High
2852,2092,Mouse,1.0,2024-07-02,West,69.48,69.48,Low
2853,3408,Laptop,2.0,2024-05-20,North,2932.05,5864.1,High
2854,4673,Laptop,3.0,2024-01-23,East,4403.5,13210.5,High
2855,4291,Keyboard,2.0,2023-10-20,East,271.45,542.9,High
2856,2009,Keyboard,5.0,2023-06-28,North,224.96,1124.8,High
2857,1703,Monitor,4.0,2024-11-02,North,1898.87,7595.48,High
2858,1574,Mouse,5.0,2023-03-21,East,183.85,919.25,High
2859,2608,Webcam,2.0,2025-11-03,South,256.37,512.74,High
2860,4232,Laptop,1.0,2025-12-13,South,4723.54,4723.54,High
2861,4752,Laptop,4.0,2024-03-22,South,3634.99,14539.96,High
2862,2112,Laptop,4.0,2025-02-04,East,2312.82,9251.28,High
2863,1687,Webcam,2.0,2025-12-24,North,345.43,690.86,High
2864,3828,Laptop,5.0,2024-05-17,East,2393.61,11968.050000000001,High
2865,3632,Headphones,2.0,2024-07-23,East,257.98,515.96,High
2866,4828,Mouse,4.0,2023-04-06,North,94.56,378.24,High
2867,3636,Phone,2.0,2024-08-07,East,2172.39,4344.78,High
2868,4230,Phone,4.0,2023-09-05,East,942.01,3768.04,High
2869,1488,Monitor,5.0,2023-05-07,North,1167.41,5837.05,High
2870,4018,Headphones,1.0,2024-05-13,West,318.36,318.36,High
2871,2347,Laptop,1.0,2023-02-15,South,3746.48,3746.48,High
2872,4681,Laptop,2.0,2025-09-08,North,3061.61,6123.22,High
2873,4452,Keyboard,4.0,2023-09-25,South,194.29,777.16,High
2874,4173,Keyboard,1.0,2023-04-04,South,296.47,296.47,High
2875,1493,Monitor,4.0,2025-01-05,North,607.32,2429.28,High
2876,2667,Laptop,5.0,2024-09-03,North,4623.89,23119.45,High
2877,2637,Monitor,2.0,2023-03-12,North,962.94,1925.88,High
2878,1018,Headphones,4.0,2024-08-15,East,332.86,1331.44,High
2879,4525,Phone,2.0,2024-03-24,South,2059.9,4119.8,High
2880,4553,Laptop,4.0,2024-09-11,West,4730.11,18920.44,High
2881,4665,Mouse,4.0,2024-09-05,East,31.54,126.16,High
2882,3444,Webcam,5.0,2023-04-01,East,291.9,1459.5,High
2883,2000,Headphones,2.0,2025-05-26,East,134.78,269.56,High
2884,4350,Laptop,3.0,2024-06-11,East,3577.04,10731.119999999999,High
2885,1850,Webcam,4.0,2025-02-13,East,319.92,1279.68,High
2886,2388,Mouse,4.0,2024-11-02,East,58.82,235.28,High
2887,2354,Keyboard,1.0,2025-02-03,South,240.95,240.95,High
2888,4712,Monitor,2.0,2023-12-27,South,964.31,1928.62,High
2889,2367,Keyboard,3.0,2024-01-13,West,202.64,607.92,High
2890,1821,Phone,5.0,2023-12-11,East,1918.67,9593.35,High
2891,1454,Keyboard,3.0,2025-03-08,South,212.25,636.75,High
2892,2624,Laptop,5.0,2024-03-30,North,2055.63,10278.150000000001,High
2893,3772,Mouse,3.0,2025-06-26,South,55.89,167.67000000000002,High
2894,4726,Keyboard,3.0,2023-03-08,North,264.05,792.1500000000001,High
2895,4136,Laptop,2.0,2025-09-13,West,4819.53,9639.06,High
2896,4147,Phone,1.0,2025-09-05,South,1758.24,1758.24,High
2897,1710,Webcam,3.0,2023-02-12,North,271.03,813.0899999999999,High
2898,3190,Mouse,4.0,2023-08-17,North,158.36,633.44,High
2899,1916,Keyboard,4.0,2023-08-22,North,151.53,606.12,High
2900,4986,Monitor,4.0,2024-05-11,North,992.02,3968.08,High
2901,3875,Monitor,1.0,2025-04-27,West,1652.3,1652.3,High
2902,3652,Mouse,3.0,2025-11-21,West,34.81,104.43,High
2903,2496,Monitor,5.0,2023-04-23,West,1828.02,9140.1,High
2904,2440,Keyboard,5.0,2025-08-30,East,160.23,801.15,High
2905,1304,Keyboard,2.0,2024-04-03,East,176.06,352.12,High
2906,1735,Mouse,1.0,2023-01-06,West,137.83,137.83,High
2907,4568,Keyboard,3.0,2025-09-18,West,118.6,355.79999999999995,High
2908,3338,Webcam,4.0,2024-05-08,West,271.16,1084.64,High
2909,2963,Laptop,1.0,2023-03-12,West,4079.12,4079.12,High
2910,3149,Phone,1.0,2025-07-27,East,1000.48,1000.48,High
2911,3009,Webcam,3.0,2024-11-04,North,246.55,739.6500000000001,High
2912,4338,Webcam,2.0,2025-11-22,South,185.41,370.82,High
2913,3914,Monitor,2.0,2023-05-23,East,1336.04,2672.08,High
2914,4015,Laptop,2.0,2025-01-05,East,2063.88,4127.76,High
2915,4693,Mouse,4.0,2024-12-26,West,156.26,625.04,High
2916,4021,SSD,4.0,2023-08-05,West,225.78,903.12,High
2917,3889,Monitor,3.0,2024-03-09,East,1534.08,4602.24,High
2918,1961,Laptop,2.0,2025-04-13,North,4306.44,8612.88,High
2919,3989,Keyboard,3.0,2025-12-13,South,238.15,714.45,High
2920,4848,Mouse,2.0,2024-12-20,North,168.98,337.96,High
2921,2026,SSD,1.0,2025-07-30,South,288.49,288.49,High
2922,3132,Mouse,5.0,2025-06-25,East,194.41,972.05,High
2923,4865,SSD,5.0,2025-09-21,North,160.72,803.6,High
2924,3375,SSD,2.0,2023-02-24,North,366.54,733.08,High
2925,3863,Monitor,3.0,2025-11-24,South,905.43,2716.29,High
2926,2473,Keyboard,4.0,2025-05-10,East,234.97,939.88,High
2927,3501,Monitor,2.0,2025-10-03,North,1707.83,3415.66,High
2928,2947,SSD,2.0,2024-07-19,West,520.08,1040.16,High
2929,3676,SSD,4.0,2025-02-09,South,283.61,1134.44,High
2930,4292,Headphones,2.0,2025-05-27,North,237.07,474.14,High
2931,2177,Laptop,1.0,2025-04-03,East,4030.81,4030.81,High
2932,1664,Headphones,4.0,2024-05-28,West,564.09,2256.36,High
2933,1011,Laptop,1.0,2025-05-11,East,2762.62,2762.62,High
2934,2156,Phone,5.0,2024-02-26,East,2348.02,11740.1,High
2935,1303,Webcam,4.0,2024-05-31,West,269.27,1077.08,High
2936,4364,Mouse,4.0,2024-12-05,East,155.45,621.8,High
2937,4022,Monitor,3.0,2025-03-19,North,1159.84,3479.5199999999995,High
2938,4371,Phone,3.0,2023-02-13,East,2171.66,6514.98,High
2939,2763,Phone,4.0,2025-05-07,West,2449.84,9799.36,High
2940,3830,Mouse,5.0,2025-03-11,East,59.0,295.0,High
2942,1943,Laptop,3.0,2024-07-21,South,4587.37,13762.11,High
2943,3390,Headphones,5.0,2025-06-26,South,188.34,941.7,High
2944,2349,Keyboard,5.0,2023-09-15,East,153.24,766.2,High
2945,4885,Laptop,3.0,2025-08-18,South,2498.35,7495.049999999999,High
2946,3545,Keyboard,2.0,2025-06-11,West,212.09,424.18,High
2947,3411,Phone,3.0,2023-10-16,West,1205.14,3615.42,High
2948,1890,Keyboard,5.0,2025-08-29,West,145.2,726.0,High
2949,3474,Headphones,1.0,2023-04-13,West,345.57,345.57,High
2950,2004,Laptop,3.0,2025-03-14,South,2891.39,8674.17,High
2951,1020,SSD,5.0,2025-11-15,West,455.96,2279.7999999999997,High
2952,1406,Mouse,3.0,2023-10-29,South,48.91,146.73,High
2953,3666,SSD,5.0,2025-12-14,North,545.91,2729.5499999999997,High
2954,2014,Headphones,2.0,2023-02-25,East,340.67,681.34,High
2955,1335,Webcam,5.0,2025-10-11,South,263.3,1316.5,High
2956,2838,Headphones,4.0,2024-01-09,West,411.06,1644.24,High
2957,4188,Webcam,1.0,2025-04-10,South,99.1,99.1,Low
2958,2147,Laptop,5.0,2025-07-08,West,4270.97,21354.850000000002,High
2959,3446,Mouse,3.0,2024-04-01,North,190.81,572.4300000000001,High
2960,3840,Headphones,3.0,2023-05-12,West,359.95,1079.85,High
2961,2827,SSD,5.0,2024-05-07,East,325.89,1629.4499999999998,High
2962,1714,Webcam,4.0,2023-04-20,East,331.13,1324.52,High
2963,1050,Mouse,5.0,2024-08-04,South,152.46,762.3000000000001,High
2964,4854,Monitor,2.0,2025-03-06,East,1476.46,2952.92,High
2965,1323,Monitor,4.0,2025-03-20,South,1948.03,7792.12,High
2966,1788,Monitor,5.0,2025-06-04,East,1372.66,6863.3,High
2967,1140,Keyboard,1.0,2025-02-11,East,112.09,112.09,High
2968,1469,Headphones,4.0,2025-07-25,North,112.38,449.52,High
2969,1786,Laptop,5.0,2024-07-26,North,3360.39,16801.95,High
2970,2825,SSD,1.0,2025-03-19,South,443.55,443.55,High
2971,2357,Laptop,5.0,2025-05-28,West,2516.42,12582.1,High
2972,2916,Keyboard,2.0,2025-10-29,East,56.44,112.88,High
2973,1963,Laptop,3.0,2024-02-17,West,4727.27,14181.810000000001,High
2974,4055,Webcam,5.0,2025-04-09,East,176.62,883.1,High
2975,1372,Monitor,4.0,2024-07-19,West,1199.07,4796.28,High
2976,4635,SSD,5.0,2023-04-14,South,190.98,954.9,High
2977,3541,Headphones,5.0,2024-11-07,North,290.81,1454.05,High
2978,4610,Laptop,5.0,2025-08-02,East,3271.32,16356.6,High
2979,2692,Laptop,5.0,2023-09-27,East,4708.23,23541.149999999998,High
2980,3798,Phone,4.0,2024-04-10,East,2271.28,9085.12,High
2981,2179,Phone,4.0,2025-03-11,South,1121.3,4485.2,High
2982,3338,Phone,5.0,2025-10-01,North,1745.31,8726.55,High
2983,2671,Headphones,3.0,2023-08-22,South,465.62,1396.8600000000001,High
2984,4215,Monitor,5.0,2025-07-01,East,937.78,4688.9,High
2985,1105,Mouse,4.0,2025-11-21,East,97.05,388.2,High
2986,2443,Monitor,2.0,2023-12-23,South,1977.32,3954.64,High
2987,3717,SSD,5.0,2025-08-21,East,491.88,2459.4,High
2988,2681,Monitor,5.0,2023-04-04,North,1155.77,5778.85,High
2989,1001,Headphones,5.0,2023-09-01,East,367.04,1835.2,High
2990,3636,Webcam,5.0,2023-02-27,East,280.25,1401.25,High
2991,3691,Webcam,1.0,2025-08-22,North,239.63,239.63,High
2992,3137,Headphones,5.0,2023-11-16,North,305.81,1529.05,High
2993,4416,Phone,4.0,2025-11-08,North,1410.89,5643.56,High
2994,1349,Laptop,4.0,2023-12-23,West,2506.94,10027.76,High
2995,4530,Keyboard,1.0,2023-04-27,East,293.41,293.41,High
2996,2286,Keyboard,5.0,2023-10-23,South,72.85,364.25,High
2997,4422,Mouse,3.0,2024-06-08,South,132.17,396.51,High
2998,4179,Laptop,5.0,2024-02-05,West,4878.81,24394.050000000003,High
2999,4657,Mouse,4.0,2025-01-08,East,93.74,374.96,High
3000,2062,Phone,2.0,2024-06-12,North,1229.12,2458.24,High
3001,3956,Mouse,2.0,2024-07-10,South,192.44,384.88,High
3002,3206,Laptop,3.0,2024-07-03,East,4405.22,13215.66,High
3003,4654,SSD,5.0,2023-12-26,South,444.76,2223.8,High
3004,4006,Laptop,1.0,2023-03-05,South,3835.97,3835.97,High
3005,3359,Keyboard,5.0,2025-02-03,West,140.03,700.15,High
3006,4312,Webcam,3.0,2025-02-12,West,285.22,855.6600000000001,High
3007,1444,Phone,3.0,2024-09-15,West,2032.54,6097.62,High
3008,3345,SSD,3.0,2023-04-12,North,164.28,492.84000000000003,High
3009,1951,Headphones,2.0,2024-07-14,North,158.85,317.7,High
3010,1035,SSD,5.0,2025-11-12,South,291.8,1459.0,High
3011,2107,SSD,5.0,2025-04-23,West,295.41,1477.0500000000002,High
3012,2475,Mouse,1.0,2025-12-23,East,183.09,183.09,High
3013,4957,Keyboard,3.0,2025-04-18,West,221.13,663.39,High
3014,2798,Mouse,3.0,2024-11-11,West,93.5,280.5,High
3015,2845,Mouse,4.0,2024-10-06,East,167.56,670.24,High
3016,2408,Headphones,4.0,2024-02-03,North,261.6,1046.4,High
3017,2195,Phone,2.0,2024-02-09,North,2484.29,4968.58,High
3018,2399,Laptop,5.0,2025-04-05,South,4344.86,21724.3,High
3019,2708,Monitor,1.0,2024-10-08,South,1712.59,1712.59,High
3020,2385,Mouse,1.0,2023-02-04,North,74.37,74.37,Low
3021,3606,Monitor,3.0,2024-02-24,East,717.55,2152.6499999999996,High
3022,3938,Phone,1.0,2024-01-12,North,1462.22,1462.22,High
3023,3188,Monitor,3.0,2023-08-08,East,1001.35,3004.05,High
3024,3934,Mouse,5.0,2024-11-27,West,160.87,804.35,High
3025,4989,Headphones,1.0,2023-12-08,North,187.14,187.14,High
3026,4189,Monitor,3.0,2025-01-22,North,1291.2,3873.6000000000004,High
3027,2300,Phone,5.0,2024-02-20,North,1867.93,9339.65,High
3028,3773,Phone,5.0,2025-07-26,North,1454.78,7273.9,High
3029,2243,Webcam,3.0,2025-10-03,East,144.19,432.57,High
3030,4976,Webcam,3.0,2024-11-10,East,366.61,1099.83,High
3031,4097,Headphones,2.0,2025-01-17,East,169.42,338.84,High
3032,1520,Monitor,5.0,2025-03-16,South,955.71,4778.55,High
3033,2806,Monitor,3.0,2023-11-08,South,1634.85,4904.549999999999,High
3034,1009,Webcam,5.0,2023-02-24,East,273.7,1368.5,High
3035,1983,Laptop,1.0,2024-11-24,North,4191.94,4191.94,High
3036,3425,Keyboard,4.0,2024-06-17,North,252.19,1008.76,High
3037,2656,Phone,4.0,2023-04-15,West,2322.17,9288.68,High
3038,2660,Laptop,3.0,2023-10-21,South,2913.7,8741.099999999999,High
3039,3729,Phone,3.0,2025-05-29,West,1606.32,4818.96,High
3040,3631,SSD,5.0,2024-07-04,North,459.74,2298.7,High
3041,3199,SSD,3.0,2025-06-29,North,507.64,1522.92,High
3042,1719,Laptop,5.0,2024-01-10,East,3733.45,18667.25,High
3043,2072,SSD,3.0,2024-03-25,West,381.19,1143.57,High
3044,4225,Webcam,5.0,2025-12-19,West,301.36,1506.8000000000002,High
3045,1858,Webcam,3.0,2025-03-22,North,202.25,606.75,High
3046,2316,Keyboard,2.0,2024-01-25,West,273.43,546.86,High
3047,2603,Laptop,5.0,2024-10-28,South,2636.66,13183.3,High
3048,1049,Phone,2.0,2023-05-21,North,2302.81,4605.62,High
3049,3711,Monitor,2.0,2025-05-23,North,1465.43,2930.86,High
3050,3578,Phone,2.0,2025-04-22,South,1821.12,3642.24,High
3051,4683,Mouse,2.0,2024-08-19,East,109.89,219.78,High
3052,4131,Webcam,1.0,2025-08-09,North,129.52,129.52,High
3053,4238,Headphones,4.0,2024-07-05,West,532.47,2129.88,High
3054,4273,Headphones,1.0,2024-01-08,East,126.27,126.27,High
3055,3904,Webcam,3.0,2024-10-09,West,166.39,499.16999999999996,High
3056,1145,Mouse,3.0,2023-11-29,East,48.65,145.95,High
3057,1914,Headphones,4.0,2024-01-28,East,153.42,613.68,High
3058,4747,SSD,4.0,2024-01-30,South,325.69,1302.76,High
3059,4040,Webcam,4.0,2023-02-04,East,131.34,525.36,High
3060,2462,Headphones,2.0,2023-06-06,West,390.69,781.38,High
3061,3289,Webcam,1.0,2025-06-22,East,280.69,280.69,High
3062,1580,Keyboard,3.0,2025-08-24,South,270.52,811.56,High
3063,3734,Monitor,1.0,2024-01-31,North,949.5,949.5,High
3064,2584,Monitor,1.0,2023-07-26,West,963.77,963.77,High
3065,1482,Phone,1.0,2024-09-12,North,1218.83,1218.83,High
3066,4179,Mouse,4.0,2025-03-15,West,162.91,651.64,High
3067,2249,Webcam,4.0,2024-04-06,South,216.98,867.92,High
3068,1672,Laptop,3.0,2023-09-09,South,3657.27,10971.81,High
3069,1630,Phone,3.0,2025-05-16,East,1436.85,4310.549999999999,High
3070,3708,Phone,3.0,2023-07-28,North,1066.58,3199.74,High
3071,1661,Webcam,1.0,2025-08-12,South,112.81,112.81,High
3072,4503,Webcam,4.0,2024-06-22,North,357.85,1431.4,High
3073,3852,Phone,2.0,2025-04-14,East,1251.32,2502.64,High
3074,4726,Phone,1.0,2024-05-17,North,2400.75,2400.75,High
3075,3466,Monitor,5.0,2025-08-13,North,1920.94,9604.7,High
3076,1987,Laptop,1.0,2024-05-28,West,3436.76,3436.76,High
3077,4526,SSD,4.0,2024-08-02,South,581.36,2325.44,High
3078,4231,Phone,5.0,2025-04-19,North,848.43,4242.15,High
3079,2546,SSD,1.0,2025-09-12,East,191.24,191.24,High
3080,1649,Monitor,4.0,2023-03-24,East,864.96,3459.84,High
3081,1968,Phone,4.0,2025-12-01,South,1155.63,4622.52,High
3083,2100,Phone,1.0,2024-03-28,East,1568.9,1568.9,High
3084,3556,Webcam,4.0,2024-09-08,North,100.13,400.52,High
3085,1440,Mouse,3.0,2024-09-15,East,124.42,373.26,High
3086,4325,Mouse,4.0,2024-05-21,North,82.61,330.44,High
3087,1920,Phone,2.0,2024-09-13,North,921.63,1843.26,High
3088,1769,Keyboard,4.0,2023-10-20,West,238.3,953.2,High
3089,2343,Headphones,1.0,2024-10-16,South,426.71,426.71,High
3090,2826,Laptop,1.0,2025-07-25,West,4380.29,4380.29,High
3091,1262,Phone,5.0,2025-01-26,North,2396.7,11983.5,High
3092,4668,SSD,1.0,2025-09-22,North,413.59,413.59,High
3093,4729,Laptop,5.0,2024-10-28,South,4360.15,21800.75,High
3094,4906,Headphones,3.0,2023-03-01,South,199.59,598.77,High
3095,2577,Phone,2.0,2023-11-23,East,1497.62,2995.24,High
3096,4445,Keyboard,3.0,2025-03-09,East,182.52,547.5600000000001,High
3097,3684,Monitor,5.0,2025-02-23,East,1311.82,6559.099999999999,High
3098,4238,Keyboard,4.0,2025-02-05,East,229.58,918.32,High
3099,4824,Webcam,4.0,2024-06-02,East,334.7,1338.8,High
3100,3506,Keyboard,3.0,2024-09-29,West,216.71,650.13,High
3101,1998,SSD,4.0,2023-03-24,South,171.26,685.04,High
3102,4351,Monitor,5.0,2023-01-28,West,1026.83,5134.15,High
3103,1699,Webcam,2.0,2023-09-23,South,263.18,526.36,High
3104,3349,Monitor,1.0,2024-02-01,East,1261.8,1261.8,High
3105,4602,Mouse,5.0,2025-08-19,West,37.62,188.1,High
3106,2603,Monitor,5.0,2025-02-01,North,1970.95,9854.75,High
3107,2241,Phone,1.0,2025-09-06,East,2425.38,2425.38,High
3108,2125,Laptop,1.0,2025-03-21,West,4321.29,4321.29,High
3109,3601,Mouse,2.0,2024-08-03,South,39.41,78.82,Low
3110,3335,Mouse,2.0,2024-09-02,West,103.14,206.28,High
3111,2190,Laptop,2.0,2023-07-12,North,3229.31,6458.62,High
3112,3668,SSD,4.0,2023-08-15,East,401.11,1604.44,High
3113,2005,Mouse,5.0,2024-03-26,West,39.51,197.54999999999998,High
3114,1035,Monitor,1.0,2025-07-20,South,1135.48,1135.48,High
3115,1743,Keyboard,5.0,2024-10-16,South,239.46,1197.3,High
3116,2764,Headphones,5.0,2023-07-22,North,599.0,2995.0,High
3117,1352,SSD,2.0,2024-02-06,North,417.95,835.9,High
3118,4747,Monitor,2.0,2024-04-16,South,1910.92,3821.84,High
3119,2922,Webcam,5.0,2025-06-08,West,399.53,1997.6499999999999,High
3120,1072,Webcam,2.0,2023-06-28,West,219.13,438.26,High
3121,3695,Keyboard,4.0,2025-11-07,East,217.17,868.68,High
3123,2914,SSD,5.0,2025-04-14,East,364.04,1820.2,High
3124,2093,Keyboard,1.0,2024-08-31,East,69.6,69.6,Low
3125,3472,SSD,4.0,2025-07-14,East,163.12,652.48,High
3126,4046,Mouse,2.0,2025-07-24,East,181.8,363.6,High
3127,1707,Phone,3.0,2023-10-27,South,2259.28,6777.84,High
3128,2804,Phone,4.0,2023-12-17,North,1330.51,5322.04,High
3129,3608,SSD,3.0,2023-07-06,West,355.63,1066.8899999999999,High
3130,3875,Mouse,1.0,2024-09-14,North,113.91,113.91,High
3131,4713,Mouse,5.0,2023-03-12,North,118.52,592.6,High
3132,1955,Laptop,2.0,2023-11-05,East,2403.71,4807.42,High
3133,3564,Laptop,4.0,2023-06-26,West,4325.18,17300.72,High
3134,3475,Headphones,2.0,2024-03-02,East,273.91,547.82,High
3135,4610,Headphones,3.0,2025-01-09,South,115.85,347.54999999999995,High
3136,1159,Headphones,3.0,2024-06-14,East,438.28,1314.84,High
3137,3196,Headphones,5.0,2024-02-22,West,514.94,2574.7000000000003,High
3138,3823,Keyboard,3.0,2023-09-05,East,279.53,838.5899999999999,High
3139,4301,Keyboard,5.0,2023-07-28,South,218.6,1093.0,High
3140,2735,Laptop,4.0,2023-08-04,East,2573.84,10295.36,High
3141,2585,Phone,5.0,2024-12-13,South,1802.63,9013.150000000001,High
3142,1066,Mouse,3.0,2024-03-13,West,185.0,555.0,High
3143,4061,Webcam,1.0,2023-11-07,East,192.18,192.18,High
3144,4883,Phone,5.0,2024-01-18,East,2420.7,12103.5,High
3145,3428,Monitor,2.0,2025-09-07,East,646.52,1293.04,High
3146,1057,Keyboard,1.0,2023-05-01,West,232.01,232.01,High
3147,4330,Headphones,5.0,2024-02-11,North,159.96,799.8000000000001,High
3148,1341,Headphones,2.0,2023-09-02,North,499.44,998.88,High
3149,4909,Monitor,1.0,2023-03-07,North,646.48,646.48,High
3150,2153,Phone,5.0,2025-07-30,East,1353.73,6768.65,High
3151,3774,Headphones,4.0,2023-08-16,East,488.43,1953.72,High
3152,2195,Phone,2.0,2025-05-31,East,1582.33,3164.66,High
3153,3817,Mouse,4.0,2023-05-17,East,180.06,720.24,High
3154,3661,Monitor,3.0,2023-07-13,South,1102.61,3307.83,High
3155,2232,Webcam,5.0,2024-12-06,North,398.39,1991.9499999999998,High
3156,4874,Phone,5.0,2024-10-19,North,831.75,4158.75,High
3157,3401,Mouse,2.0,2024-10-18,East,148.33,296.66,High
3158,2494,SSD,5.0,2025-07-18,West,562.15,2810.75,High
3159,2821,SSD,3.0,2024-07-09,East,391.19,1173.57,High
3160,1115,Phone,5.0,2025-08-15,North,2480.47,12402.349999999999,High
3161,4335,SSD,1.0,2025-11-05,North,468.61,468.61,High
3162,1661,Phone,4.0,2023-02-21,West,1530.19,6120.76,High
3163,4883,Headphones,3.0,2024-05-28,North,357.69,1073.07,High
3164,2465,Laptop,3.0,2025-01-13,South,4632.41,13897.23,High
3166,3500,Keyboard,4.0,2024-11-22,East,188.97,755.88,High
3167,2868,Phone,3.0,2024-06-26,South,1322.16,3966.4800000000005,High
3168,4548,Phone,4.0,2024-02-14,North,1206.85,4827.4,High
3169,3334,Phone,2.0,2023-06-04,East,1610.98,3221.96,High
3170,4374,Laptop,4.0,2024-09-24,South,2889.02,11556.08,High
3171,2016,Mouse,1.0,2023-02-20,North,101.54,101.54,High
3172,1310,SSD,1.0,2025-10-20,East,525.51,525.51,High
3173,1207,Webcam,2.0,2025-09-20,West,231.04,462.08,High
3174,3665,Webcam,4.0,2024-06-07,North,285.08,1140.32,High
3175,3493,Monitor,1.0,2023-12-21,North,635.16,635.16,High
3176,3717,Headphones,5.0,2025-12-04,North,481.06,2405.3,High
3177,1632,Laptop,4.0,2025-03-12,East,3448.71,13794.84,High
3178,3102,Mouse,2.0,2025-04-19,West,91.36,182.72,High
3179,3959,Phone,4.0,2023-09-13,North,1838.68,7354.72,High
3180,4083,Mouse,3.0,2023-09-05,South,47.34,142.02,High
3181,1656,Laptop,3.0,2024-06-16,North,3242.0,9726.0,High
3182,2423,Laptop,1.0,2023-02-10,South,4432.92,4432.92,High
3183,2931,Laptop,3.0,2025-02-28,North,2786.19,8358.57,High
3184,4719,Monitor,2.0,2023-07-14,West,1871.14,3742.28,High
3185,4027,Keyboard,1.0,2025-12-30,East,200.91,200.91,High
3186,3562,Headphones,2.0,2023-11-04,South,370.39,740.78,High
3187,2679,Monitor,2.0,2023-03-17,West,1099.36,2198.72,High
3188,4613,Monitor,3.0,2025-02-25,North,1613.0,4839.0,High
3189,1236,SSD,3.0,2025-03-05,North,404.01,1212.03,High
3190,4350,Keyboard,2.0,2023-08-18,West,249.14,498.28,High
3191,1347,Monitor,3.0,2023-03-26,South,997.52,2992.56,High
3192,3674,Laptop,3.0,2024-02-01,West,4106.04,12318.119999999999,High
3193,4175,Laptop,3.0,2023-08-03,East,4830.33,14490.99,High
3194,1629,SSD,4.0,2025-10-21,West,275.96,1103.84,High
3195,2540,Mouse,2.0,2024-01-12,East,196.77,393.54,High
3196,3003,Phone,5.0,2024-02-16,North,1497.9,7489.5,High
3197,4943,Monitor,2.0,2025-03-10,West,557.8,1115.6,High
3198,2271,Phone,1.0,2024-02-14,North,1408.09,1408.09,High
3199,1363,Headphones,3.0,2023-08-04,East,174.82,524.46,High
3200,3368,Webcam,3.0,2025-01-21,East,177.37,532.11,High
3201,4704,Laptop,5.0,2023-12-15,East,2287.91,11439.55,High
3202,1285,Mouse,1.0,2025-04-10,East,60.29,60.29,Low
3203,1148,Headphones,4.0,2024-10-15,West,163.35,653.4,High
3204,2107,SSD,2.0,2025-10-18,West,169.56,339.12,High
3205,3453,Mouse,4.0,2025-11-30,West,80.35,321.4,High
3206,4025,Webcam,1.0,2023-01-03,South,381.11,381.11,High
3207,1455,Webcam,5.0,2025-12-18,West,383.81,1919.05,High
3208,2766,SSD,1.0,2025-01-09,East,530.99,530.99,High
3209,1799,Keyboard,5.0,2024-02-11,West,53.04,265.2,High
3210,2184,SSD,4.0,2023-01-18,West,162.66,650.64,High
3211,2012,Laptop,4.0,2025-01-20,North,2031.07,8124.28,High
3212,3831,Headphones,1.0,2024-08-08,South,283.32,283.32,High
3213,3507,Keyboard,1.0,2025-06-06,West,295.06,295.06,High
3214,4621,Webcam,3.0,2023-11-28,North,366.99,1100.97,High
3215,2523,Headphones,5.0,2025-10-09,East,225.27,1126.3500000000001,High
3216,3785,Mouse,3.0,2023-06-18,West,99.73,299.19,High
3217,3556,Keyboard,2.0,2025-02-14,North,256.11,512.22,High
3218,4725,Keyboard,2.0,2025-04-28,West,239.65,479.3,High
3219,4875,Laptop,1.0,2025-07-29,West,2397.85,2397.85,High
3220,1480,SSD,4.0,2023-07-25,South,198.5,794.0,High
3221,2686,Phone,2.0,2024-06-04,East,1724.32,3448.64,High
3222,3161,Mouse,2.0,2025-10-14,North,47.36,94.72,Low
3223,3796,Mouse,3.0,2023-10-31,East,170.25,510.75,High
3224,2601,SSD,3.0,2023-04-25,South,264.0,792.0,High
3225,3408,Keyboard,2.0,2024-10-25,West,97.08,194.16,High
3226,1340,Keyboard,1.0,2023-03-28,North,96.42,96.42,Low
3227,3817,Laptop,3.0,2025-01-12,East,2135.69,6407.07,High
3228,3010,Phone,2.0,2024-03-03,East,1891.12,3782.24,High
3229,3808,Mouse,4.0,2024-03-25,North,57.96,231.84,High
3230,4016,Webcam,3.0,2025-02-24,West,154.67,464.01,High
3231,3496,Monitor,2.0,2024-12-15,West,1626.96,3253.92,High
3232,2866,Monitor,5.0,2023-01-02,East,586.22,2931.1000000000004,High
3233,1834,Phone,3.0,2025-01-12,East,1144.67,3434.01,High
3234,2203,Headphones,5.0,2023-04-20,East,174.67,873.3499999999999,High
3235,2725,Laptop,3.0,2024-11-09,East,2014.55,6043.65,High
3236,4478,Phone,3.0,2024-01-06,North,1716.88,5150.64,High
3237,2689,SSD,5.0,2025-06-08,East,235.52,1177.6000000000001,High
3238,4267,SSD,1.0,2024-08-21,East,434.81,434.81,High
3239,4537,Monitor,2.0,2025-11-11,East,1252.67,2505.34,High
3240,1310,Keyboard,1.0,2024-12-22,North,216.97,216.97,High
3241,1261,Monitor,1.0,2023-11-01,North,1972.35,1972.35,High
3243,1405,Laptop,4.0,2025-04-15,North,3997.63,15990.52,High
3244,3190,Keyboard,1.0,2024-03-21,South,258.4,258.4,High
3245,1341,Phone,1.0,2025-07-20,North,2427.56,2427.56,High
3246,2339,Keyboard,1.0,2023-10-05,East,205.58,205.58,High
3247,4172,Headphones,4.0,2024-01-12,West,165.42,661.68,High
3248,1243,SSD,3.0,2023-08-20,West,174.23,522.6899999999999,High
3249,1489,Phone,5.0,2024-08-14,North,1273.47,6367.35,High
3250,1011,SSD,5.0,2024-03-01,South,567.67,2838.35,High
3251,4310,Laptop,4.0,2025-12-14,West,3610.8,14443.2,High
3252,1560,Phone,1.0,2024-03-16,West,1784.82,1784.82,High
3253,1041,Headphones,5.0,2023-02-03,North,405.3,2026.5,High
3254,3725,Laptop,4.0,2023-11-25,West,2996.65,11986.6,High
3255,1593,Monitor,2.0,2025-04-24,North,772.39,1544.78,High
3256,2452,Headphones,5.0,2024-03-29,East,577.12,2885.6,High
3257,2826,Laptop,2.0,2025-02-02,North,4266.16,8532.32,High
3258,4229,Webcam,1.0,2024-06-06,West,243.54,243.54,High
3259,4287,Keyboard,5.0,2024-04-26,East,144.18,720.9000000000001,High
3260,2693,Phone,4.0,2023-11-13,North,1620.71,6482.84,High
3261,4533,Laptop,3.0,2023-05-02,East,2101.0,6303.0,High
3262,1133,Phone,5.0,2024-08-03,North,1220.74,6103.7,High
3263,4138,Keyboard,5.0,2024-05-01,North,112.68,563.4000000000001,High
3264,4919,Laptop,5.0,2025-11-01,South,3336.04,16680.2,High
3265,4078,Monitor,5.0,2023-05-05,East,854.4,4272.0,High
3266,1947,Webcam,4.0,2024-10-20,North,139.35,557.4,High
3267,4597,Webcam,4.0,2024-08-02,East,324.97,1299.88,High
3268,1072,Headphones,3.0,2024-12-18,East,546.75,1640.25,High
3269,1398,Laptop,4.0,2025-02-08,East,2201.42,8805.68,High
3270,2428,Keyboard,4.0,2025-06-22,North,102.41,409.64,High
3272,3625,Phone,1.0,2023-10-04,South,2186.92,2186.92,High
3273,3906,Mouse,2.0,2025-07-13,South,115.03,230.06,High
3274,1129,SSD,3.0,2025-05-03,East,462.7,1388.1,High
3275,3978,Laptop,1.0,2024-05-21,West,2232.8,2232.8,High
3276,4537,Webcam,3.0,2023-08-25,North,351.85,1055.5500000000002,High
3277,4277,Webcam,3.0,2025-09-20,East,346.47,1039.41,High
3279,3001,Webcam,3.0,2024-05-20,North,373.22,1119.66,High
3280,4839,Monitor,5.0,2023-06-14,East,571.45,2857.25,High
3281,1265,Laptop,2.0,2025-04-25,East,2692.89,5385.78,High
3282,2560,Headphones,2.0,2024-12-28,West,281.27,562.54,High
3283,2985,Laptop,2.0,2024-01-11,East,2475.77,4951.54,High
3284,1792,Mouse,5.0,2025-11-01,North,168.52,842.6,High
3285,3300,Webcam,5.0,2023-03-24,East,322.3,1611.5,High
3286,3869,Phone,2.0,2024-03-06,West,2114.53,4229.06,High
3287,2312,Webcam,5.0,2024-04-22,East,173.21,866.0500000000001,High
3288,1163,Laptop,4.0,2025-02-21,West,4288.06,17152.24,High
3289,1094,Monitor,4.0,2024-01-04,North,684.59,2738.36,High
3290,2805,Keyboard,5.0,2025-08-12,West,76.7,383.5,High
3291,3880,Laptop,5.0,2023-05-21,South,3752.17,18760.85,High
3292,2133,Laptop,1.0,2024-12-20,East,2146.01,2146.01,High
3293,3383,Headphones,1.0,2025-10-12,East,569.33,569.33,High
3294,1821,Monitor,3.0,2023-10-15,South,993.27,2979.81,High
3295,1237,Mouse,3.0,2023-12-21,West,111.1,333.29999999999995,High
3296,3428,Keyboard,3.0,2023-12-09,North,253.31,759.9300000000001,High
3297,4507,Webcam,2.0,2023-05-29,North,208.02,416.04,High
3298,3946,Phone,4.0,2023-07-29,West,1532.1,6128.4,High
3299,3530,Laptop,2.0,2024-10-15,North,3043.83,6087.66,High
3300,2960,Mouse,5.0,2025-09-02,South,89.79,448.95000000000005,High
3301,3949,Keyboard,1.0,2024-06-19,East,166.99,166.99,High
3302,2048,Phone,5.0,2025-12-08,East,2408.08,12040.4,High
3303,2676,Mouse,5.0,2023-11-27,West,189.12,945.6,High
3304,4188,Monitor,1.0,2023-12-31,East,1317.74,1317.74,High
3305,3529,Monitor,5.0,2023-01-11,West,1183.94,5919.700000000001,High
3306,4463,Keyboard,3.0,2024-05-23,West,252.04,756.12,High
3307,3964,Webcam,1.0,2024-08-02,East,297.9,297.9,High
3308,4041,SSD,5.0,2024-09-13,South,546.7,2733.5,High
3310,1536,Monitor,3.0,2024-12-18,North,1928.52,5785.5599999999995,High
3311,4150,SSD,4.0,2025-11-21,North,548.81,2195.24,High
3312,2603,Keyboard,3.0,2023-11-23,East,263.81,791.4300000000001,High
3314,2979,Monitor,1.0,2023-09-08,South,1079.32,1079.32,High
3315,4083,Mouse,1.0,2024-03-25,North,156.0,156.0,High
3316,4871,SSD,1.0,2025-06-24,South,187.69,187.69,High
3317,1127,Mouse,5.0,2023-12-21,South,84.78,423.9,High
3318,4679,Monitor,5.0,2024-06-16,South,1898.34,9491.699999999999,High
3319,1091,SSD,2.0,2023-10-23,East,352.55,705.1,High
3321,1542,SSD,5.0,2023-10-29,South,364.4,1822.0,High
3322,1845,Mouse,3.0,2024-05-26,West,79.06,237.18,High
3323,4603,Phone,3.0,2024-08-07,East,2106.04,6318.12,High
3324,2681,Keyboard,5.0,2024-01-09,North,262.65,1313.25,High
3325,4036,Keyboard,5.0,2023-05-12,East,245.66,1228.3,High
3327,3494,Phone,4.0,2023-02-22,West,1371.3,5485.2,High
3328,1389,Phone,1.0,2023-08-17,North,1163.75,1163.75,High
3329,3719,Phone,5.0,2024-10-01,West,872.76,4363.8,High
3330,2884,Webcam,5.0,2025-03-07,West,316.54,1582.7,High
3331,1042,Phone,3.0,2025-03-01,East,1528.21,4584.63,High
3332,1253,Laptop,4.0,2024-05-09,South,2829.87,11319.48,High
3333,4201,Webcam,5.0,2025-05-02,West,178.41,892.05,High
3334,2083,Keyboard,4.0,2024-11-01,North,83.75,335.0,High
3335,3710,Laptop,1.0,2025-12-30,North,4480.28,4480.28,High
3336,3514,Webcam,3.0,2023-07-08,North,126.06,378.18,High
3337,3334,Monitor,2.0,2024-10-24,East,1007.47,2014.94,High
3338,4058,Monitor,1.0,2023-01-08,South,511.08,511.08,High
3339,2540,Keyboard,4.0,2023-11-28,West,159.1,636.4,High
3340,4538,Monitor,4.0,2025-11-05,North,1032.2,4128.8,High
3341,2953,Phone,1.0,2024-10-27,West,2022.47,2022.47,High
3342,3825,Webcam,4.0,2024-10-30,North,308.9,1235.6,High
3343,3392,Laptop,2.0,2023-06-10,South,2115.89,4231.78,High
3344,1641,Phone,2.0,2023-12-17,North,996.97,1993.94,High
3345,3429,Monitor,4.0,2023-11-13,West,1856.94,7427.76,High
3346,4850,Mouse,4.0,2025-07-25,North,164.61,658.44,High
3347,1689,SSD,2.0,2023-01-18,East,325.27,650.54,High
3348,2276,Laptop,4.0,2024-04-30,North,2499.12,9996.48,High
3349,2950,Phone,5.0,2024-01-02,West,1243.33,6216.65,High
3350,2079,Webcam,3.0,2023-12-17,South,290.57,871.71,High
3351,2486,Keyboard,5.0,2024-06-11,North,286.37,1431.85,High
3352,1456,Phone,4.0,2025-05-21,East,1846.75,7387.0,High
3353,1982,Mouse,4.0,2025-07-21,North,34.5,138.0,High
3354,3130,Monitor,3.0,2023-09-27,South,1476.08,4428.24,High
3355,4976,Laptop,4.0,2025-05-20,North,4834.25,19337.0,High
3356,2122,Keyboard,3.0,2025-12-27,East,139.66,418.98,High
3357,1148,Laptop,2.0,2025-11-19,South,4800.67,9601.34,High
3358,2352,Keyboard,3.0,2023-11-12,North,217.65,652.95,High
3359,2179,SSD,3.0,2025-01-06,East,235.43,706.29,High
3360,1189,Webcam,5.0,2023-06-13,North,126.5,632.5,High
3361,4565,Laptop,4.0,2025-07-14,East,2528.9,10115.6,High
3362,1882,Monitor,2.0,2023-11-16,East,1548.84,3097.68,High
3363,3310,Webcam,1.0,2025-11-03,West,268.65,268.65,High
3364,4151,Webcam,3.0,2023-10-06,North,225.77,677.3100000000001,High
3365,1399,SSD,1.0,2024-03-07,East,268.51,268.51,High
3366,3811,Keyboard,4.0,2024-10-29,South,276.81,1107.24,High
3367,1608,Headphones,3.0,2024-09-25,South,206.87,620.61,High
3368,4331,Laptop,1.0,2024-06-05,East,2850.82,2850.82,High
3369,2795,Laptop,5.0,2025-08-21,North,2164.75,10823.75,High
3370,2638,Phone,1.0,2023-12-24,South,1268.05,1268.05,High
3371,2575,Keyboard,5.0,2025-11-02,East,280.72,1403.6000000000001,High
3372,3832,Mouse,2.0,2024-12-25,South,61.89,123.78,High
3373,3148,Headphones,4.0,2024-11-03,North,201.98,807.92,High
3374,2382,Monitor,1.0,2023-08-20,North,1399.97,1399.97,High
3375,2403,Phone,3.0,2024-04-15,South,1763.82,5291.46,High
3376,1819,SSD,4.0,2024-09-30,South,229.18,916.72,High
3377,4292,Headphones,1.0,2024-07-13,North,177.13,177.13,High
3378,1819,Keyboard,3.0,2024-07-26,South,79.24,237.71999999999997,High
3379,1419,Headphones,3.0,2024-08-24,East,530.54,1591.62,High
3380,1123,SSD,3.0,2023-09-12,North,444.5,1333.5,High
3381,1421,Webcam,3.0,2024-08-24,East,385.1,1155.3000000000002,High
3382,4302,Laptop,1.0,2023-10-07,West,2497.5,2497.5,High
3383,4761,Webcam,2.0,2023-04-27,North,227.39,454.78,High
3384,4134,Laptop,5.0,2024-09-01,North,4229.14,21145.7,High
3385,2508,Phone,5.0,2025-05-01,East,1163.03,5815.15,High
3386,4699,SSD,5.0,2023-10-25,North,458.1,2290.5,High
3387,4774,Keyboard,2.0,2025-07-04,East,168.45,336.9,High
3388,2597,Keyboard,3.0,2024-06-01,South,157.71,473.13,High
3389,1767,Headphones,3.0,2024-01-13,North,422.5,1267.5,High
3390,3044,Phone,4.0,2024-03-01,North,1595.08,6380.32,High
3391,3530,Keyboard,5.0,2024-06-20,North,255.0,1275.0,High
3392,3566,Mouse,5.0,2024-07-06,North,188.19,940.95,High
3393,3202,Mouse,3.0,2023-06-18,South,130.11,390.33000000000004,High
3394,3139,Webcam,5.0,2024-05-29,North,176.19,880.95,High
3395,4029,Laptop,3.0,2024-03-05,East,4331.67,12995.01,High
3396,2549,Headphones,3.0,2024-07-22,North,185.24,555.72,High
3397,3502,Monitor,3.0,2023-03-24,West,642.49,1927.47,High
3398,2764,SSD,1.0,2023-11-26,North,383.43,383.43,High
3399,3044,Laptop,1.0,2024-11-21,North,3940.21,3940.21,High
3400,3645,Phone,1.0,2024-04-01,North,2219.5,2219.5,High
3402,1509,Laptop,2.0,2023-12-10,East,4620.01,9240.02,High
3403,2206,Monitor,4.0,2025-01-31,North,1983.05,7932.2,High
3404,1385,Monitor,4.0,2023-07-17,North,1213.55,4854.2,High
3405,2597,Mouse,3.0,2023-03-20,West,83.81,251.43,High
3406,4802,Phone,5.0,2024-11-08,West,1581.5,7907.5,High
3407,3452,Laptop,1.0,2024-07-04,South,3932.39,3932.39,High
3408,3293,Headphones,4.0,2025-03-30,East,353.63,1414.52,High
3409,1741,Laptop,4.0,2023-08-02,South,3902.36,15609.44,High
3410,4662,Mouse,1.0,2024-10-30,North,180.74,180.74,High
3411,3708,Webcam,2.0,2025-09-15,East,133.06,266.12,High
3412,3697,Monitor,2.0,2025-06-12,East,680.4,1360.8,High
3413,4542,Phone,4.0,2023-06-08,South,1647.48,6589.92,High
3414,4897,Phone,2.0,2025-01-08,West,2469.01,4938.02,High
3415,2911,Headphones,1.0,2024-07-10,East,129.52,129.52,High
3416,2446,Phone,4.0,2023-07-20,North,2477.15,9908.6,High
3417,1900,Mouse,1.0,2023-01-22,North,194.51,194.51,High
3418,3112,Mouse,2.0,2025-02-23,South,79.74,159.48,High
3419,4084,Mouse,1.0,2023-01-07,North,181.47,181.47,High
3420,3260,Phone,2.0,2025-03-14,East,813.19,1626.38,High
3422,1241,Mouse,1.0,2024-08-01,North,98.36,98.36,Low
3423,3540,Phone,2.0,2024-05-03,West,2334.52,4669.04,High
3424,4284,SSD,3.0,2025-07-14,West,362.53,1087.59,High
3425,4764,Phone,1.0,2023-03-28,East,1510.5,1510.5,High
3426,3385,SSD,3.0,2023-08-10,East,437.82,1313.46,High
3427,3020,Monitor,1.0,2024-02-17,East,1063.7,1063.7,High
3428,1172,Laptop,2.0,2024-08-06,East,3609.68,7219.36,High
3429,1671,Keyboard,2.0,2023-07-21,North,288.89,577.78,High
3430,1163,SSD,4.0,2024-07-24,South,241.18,964.72,High
3431,1464,SSD,4.0,2023-08-09,East,356.51,1426.04,High
3432,4042,Phone,3.0,2023-06-06,South,826.14,2478.42,High
3433,1496,Keyboard,2.0,2023-05-09,North,260.56,521.12,High
3434,1699,Webcam,4.0,2025-05-26,East,109.45,437.8,High
3435,3442,Keyboard,2.0,2023-09-27,North,73.69,147.38,High
3436,1702,Monitor,1.0,2023-06-12,North,1824.26,1824.26,High
3437,2940,SSD,4.0,2025-08-12,North,334.18,1336.72,High
3438,3355,Phone,3.0,2023-01-24,North,1968.4,5905.200000000001,High
3439,2791,Mouse,4.0,2024-05-11,West,175.83,703.32,High
3440,1182,Keyboard,2.0,2023-07-12,East,143.62,287.24,High
3441,1628,Phone,5.0,2025-05-27,West,1244.63,6223.150000000001,High
3442,4865,Headphones,5.0,2024-01-25,South,184.76,923.8,High
3443,3557,Webcam,2.0,2024-05-11,East,274.28,548.56,High
3444,2731,Mouse,1.0,2025-08-21,East,72.89,72.89,Low
3445,1545,Headphones,4.0,2025-03-16,South,417.14,1668.56,High
3446,2587,Headphones,5.0,2023-05-09,South,258.57,1292.85,High
3447,1623,Keyboard,1.0,2025-10-17,East,136.94,136.94,High
3448,4835,Headphones,2.0,2024-07-06,West,224.56,449.12,High
3449,1593,Monitor,1.0,2025-11-25,West,1127.7,1127.7,High
3450,1743,Monitor,2.0,2023-12-27,North,743.19,1486.38,High
3451,4298,Keyboard,4.0,2025-02-03,North,129.93,519.72,High
3453,4804,Laptop,4.0,2025-02-06,North,2646.86,10587.44,High
3454,2459,Phone,1.0,2025-07-13,North,2410.09,2410.09,High
3456,4493,Phone,2.0,2025-06-17,South,981.76,1963.52,High
3457,3601,Phone,1.0,2025-12-20,South,2403.2,2403.2,High
3458,3068,Mouse,2.0,2023-09-19,East,107.64,215.28,High
3459,3601,Laptop,3.0,2025-02-26,West,3670.9,11012.7,High
3460,3444,Mouse,3.0,2023-04-21,South,61.48,184.44,High
3461,3672,Headphones,4.0,2025-07-30,North,266.65,1066.6,High
3462,1104,Webcam,3.0,2023-05-21,East,305.16,915.48,High
3463,3239,Phone,3.0,2025-01-14,North,1010.75,3032.25,High
3464,1016,Webcam,5.0,2024-06-18,West,262.55,1312.75,High
3465,4191,Monitor,5.0,2023-03-20,North,1540.28,7701.4,High
3466,1392,Keyboard,5.0,2025-11-20,West,50.46,252.3,High
3467,1424,Keyboard,5.0,2024-05-23,South,259.39,1296.9499999999998,High
3468,3176,Mouse,2.0,2025-08-28,West,39.58,79.16,Low
3469,4201,Mouse,4.0,2023-03-07,East,71.98,287.92,High
3470,1571,Monitor,4.0,2023-10-14,West,1945.32,7781.28,High
3471,4631,Phone,3.0,2023-05-03,East,937.77,2813.31,High
3472,3076,Webcam,4.0,2024-07-08,East,344.3,1377.2,High
3473,2120,SSD,3.0,2025-09-30,East,443.4,1330.1999999999998,High
3474,4081,Webcam,4.0,2023-01-04,East,271.48,1085.92,High
3475,1241,Laptop,1.0,2024-02-16,West,3745.05,3745.05,High
3476,4897,Headphones,1.0,2023-09-07,North,183.23,183.23,High
3477,3279,Keyboard,4.0,2024-03-28,North,217.21,868.84,High
3478,1788,Headphones,2.0,2023-06-07,North,575.82,1151.64,High
3479,4355,Laptop,3.0,2025-04-16,South,2231.1,6693.299999999999,High
3480,1714,Mouse,4.0,2025-10-10,West,86.51,346.04,High
3481,1758,Webcam,3.0,2025-11-18,North,231.12,693.36,High
3482,3849,Keyboard,5.0,2025-09-04,East,108.07,540.3499999999999,High
3483,1775,Headphones,4.0,2023-12-01,East,470.45,1881.8,High
3484,3773,SSD,2.0,2023-06-02,West,459.88,919.76,High
3485,3247,Mouse,5.0,2025-01-18,East,50.02,250.10000000000002,High
3486,3992,Laptop,4.0,2025-04-13,North,3708.39,14833.56,High
3487,1078,SSD,1.0,2025-03-18,West,315.99,315.99,High
3488,4984,Headphones,4.0,2025-01-27,North,214.19,856.76,High
3489,4003,SSD,1.0,2025-11-21,East,531.73,531.73,High
3490,4926,Webcam,1.0,2024-06-15,North,97.5,97.5,Low
3491,1855,Phone,4.0,2023-02-22,North,1594.56,6378.24,High
3492,4244,SSD,4.0,2024-12-18,West,363.89,1455.56,High
3493,3514,Mouse,1.0,2023-12-11,East,126.92,126.92,High
3494,3628,Laptop,3.0,2023-01-01,South,2592.78,7778.34,High
3495,2439,Headphones,5.0,2023-06-16,East,535.6,2678.0,High
3496,3987,Webcam,2.0,2023-11-13,South,388.9,777.8,High
3497,3496,Phone,4.0,2025-08-22,North,1733.22,6932.88,High
3498,3134,Phone,5.0,2025-06-16,East,1235.41,6177.05,High
3499,3148,Laptop,5.0,2023-09-30,East,4630.48,23152.399999999998,High
3500,2031,Monitor,3.0,2024-01-08,West,1982.26,5946.78,High
3501,1844,Webcam,5.0,2025-06-18,East,317.4,1587.0,High
3502,4271,Webcam,4.0,2023-07-20,East,186.79,747.16,High
3503,4576,Keyboard,5.0,2023-05-20,South,109.01,545.0500000000001,High
3504,1086,Laptop,4.0,2023-11-02,South,2469.86,9879.44,High
3505,3090,Phone,4.0,2025-12-20,South,1199.4,4797.6,High
3506,4456,Phone,1.0,2023-12-26,West,1186.49,1186.49,High
3507,4692,SSD,3.0,2023-11-03,North,585.34,1756.02,High
3508,4506,Laptop,2.0,2023-11-29,North,3929.72,7859.44,High
3509,1407,Monitor,1.0,2023-11-30,East,750.46,750.46,High
3510,4554,Keyboard,2.0,2024-05-31,North,172.01,344.02,High
3511,3711,Headphones,4.0,2024-12-31,West,192.32,769.28,High
3512,4088,Laptop,1.0,2025-07-12,North,3818.05,3818.05,High
3513,2668,Keyboard,5.0,2025-02-04,East,135.35,676.75,High
3514,1147,Webcam,5.0,2025-02-23,South,142.59,712.95,High
3515,3324,Keyboard,2.0,2023-01-21,North,110.7,221.4,High
3516,1231,SSD,4.0,2025-05-28,West,453.79,1815.16,High
3517,4897,Mouse,2.0,2023-06-26,East,99.37,198.74,High
3518,2950,Phone,3.0,2023-01-22,North,1672.37,5017.11,High
3519,1365,SSD,5.0,2025-04-16,North,519.6,2598.0,High
3520,4299,Headphones,1.0,2025-08-17,South,427.71,427.71,High
3521,2674,Laptop,1.0,2024-07-01,South,3387.24,3387.24,High
3522,1435,SSD,1.0,2023-09-07,South,579.33,579.33,High
3523,1398,Phone,5.0,2024-10-22,East,1164.66,5823.3,High
3524,2234,Mouse,4.0,2025-08-09,South,79.13,316.52,High
3525,2414,SSD,5.0,2023-05-06,South,560.14,2800.7,High
3526,3546,Mouse,5.0,2024-09-02,East,175.05,875.25,High
3527,3587,SSD,1.0,2025-10-06,North,208.53,208.53,High
3528,1562,Phone,5.0,2023-02-13,East,2380.91,11904.55,High
3529,4562,Monitor,1.0,2024-07-01,East,515.25,515.25,High
3530,3489,Keyboard,4.0,2024-03-10,North,255.61,1022.44,High
3531,2284,Laptop,3.0,2025-11-19,North,2836.41,8509.23,High
3532,1772,Laptop,1.0,2025-03-04,North,2565.97,2565.97,High
3533,3397,Laptop,2.0,2023-12-23,East,3346.13,6692.26,High
3534,3037,Phone,3.0,2023-09-10,East,2325.04,6975.12,High
3535,4423,Webcam,4.0,2025-02-23,East,331.49,1325.96,High
3536,3567,Monitor,3.0,2024-12-21,West,1950.6,5851.799999999999,High
3537,2343,Headphones,1.0,2025-01-06,East,370.5,370.5,High
3538,3185,Mouse,4.0,2025-06-18,East,116.8,467.2,High
3539,2573,Phone,2.0,2023-05-03,North,822.15,1644.3,High
3540,4694,Webcam,1.0,2024-11-15,North,137.79,137.79,High
3541,1991,Headphones,1.0,2023-05-23,North,348.81,348.81,High
3542,3415,Mouse,4.0,2025-09-29,East,157.94,631.76,High
3543,4291,Mouse,4.0,2025-07-26,South,169.84,679.36,High
3544,4408,Monitor,3.0,2024-05-25,East,924.9,2774.7,High
3545,2246,Keyboard,2.0,2023-02-26,East,228.11,456.22,High
3546,4719,Laptop,3.0,2023-02-11,North,4485.59,13456.77,High
3547,4839,SSD,3.0,2025-03-31,East,318.66,955.98,High
3548,1359,Headphones,1.0,2023-12-09,North,447.78,447.78,High
3549,1920,Phone,4.0,2023-11-28,South,1543.38,6173.52,High
3550,3376,Headphones,1.0,2023-12-07,East,592.83,592.83,High
3552,3510,Laptop,3.0,2025-04-28,North,3243.04,9729.119999999999,High
3553,3993,Headphones,2.0,2023-07-01,North,231.86,463.72,High
3554,1962,Keyboard,4.0,2025-09-10,South,262.43,1049.72,High
3555,4632,Phone,4.0,2024-06-06,North,1288.11,5152.44,High
3556,2827,Monitor,5.0,2023-07-01,West,1315.77,6578.85,High
3557,4453,Webcam,2.0,2023-09-08,South,316.89,633.78,High
3558,3883,Mouse,1.0,2023-05-18,West,114.53,114.53,High
3559,2613,Phone,2.0,2025-01-20,West,1497.68,2995.36,High
3560,2640,Laptop,3.0,2024-03-29,South,2127.55,6382.650000000001,High
3561,3216,Mouse,4.0,2025-06-01,North,33.9,135.6,High
3562,1216,Webcam,4.0,2023-03-28,East,386.34,1545.36,High
3563,1377,Phone,2.0,2023-10-20,North,1893.51,3787.02,High
3564,1118,SSD,2.0,2023-04-02,East,521.36,1042.72,High
3565,1189,Phone,2.0,2023-07-27,North,1616.75,3233.5,High
3566,3814,Phone,3.0,2023-07-05,South,1244.69,3734.07,High
3567,1369,SSD,3.0,2023-06-05,North,282.54,847.6200000000001,High
3568,2801,Phone,1.0,2023-10-20,North,873.94,873.94,High
3569,3196,Mouse,2.0,2024-06-16,East,164.45,328.9,High
3570,4747,Laptop,1.0,2023-06-10,West,3744.71,3744.71,High
3571,1651,Webcam,5.0,2025-04-30,North,233.86,1169.3000000000002,High
3572,2882,Keyboard,3.0,2023-06-05,South,263.07,789.21,High
3573,2511,Headphones,4.0,2023-05-23,South,322.42,1289.68,High
3574,1769,SSD,5.0,2024-07-15,North,576.57,2882.8500000000004,High
3575,3421,Monitor,4.0,2023-02-04,East,519.85,2079.4,High
3576,1780,SSD,5.0,2023-08-12,East,593.08,2965.4,High
3577,2716,Webcam,1.0,2024-10-29,North,341.08,341.08,High
3578,3207,Headphones,1.0,2024-01-28,East,277.47,277.47,High
3579,3398,Headphones,3.0,2024-02-12,East,397.68,1193.04,High
3580,4983,Monitor,4.0,2023-10-24,North,1796.91,7187.64,High
3581,2311,Webcam,5.0,2023-11-19,East,234.11,1170.5500000000002,High
3582,4359,Mouse,2.0,2023-02-08,South,38.68,77.36,Low
3583,3939,Laptop,2.0,2024-05-19,East,4711.09,9422.18,High
3584,2249,Monitor,3.0,2025-01-22,South,1275.52,3826.56,High
3585,1522,Laptop,4.0,2023-08-28,North,3635.47,14541.88,High
3586,1521,Mouse,2.0,2024-11-17,East,32.33,64.66,Low
3587,1782,Headphones,3.0,2025-01-09,East,150.03,450.09000000000003,High
3588,3320,Laptop,3.0,2025-09-23,East,4332.19,12996.57,High
3589,1935,Mouse,4.0,2024-05-01,North,103.94,415.76,High
3590,4473,Mouse,2.0,2025-02-03,East,199.67,399.34,High
3591,3230,Keyboard,2.0,2024-09-14,South,223.92,447.84,High
3592,2688,Monitor,2.0,2025-01-05,East,1924.4,3848.8,High
3593,1487,Keyboard,1.0,2023-10-25,East,119.84,119.84,High
3594,2850,SSD,2.0,2025-12-11,South,229.27,458.54,High
3595,1845,Headphones,5.0,2025-01-02,North,288.29,1441.45,High
3596,3171,Monitor,1.0,2025-09-27,West,897.15,897.15,High
3597,4032,Headphones,1.0,2023-10-31,East,406.68,406.68,High
3598,4697,Keyboard,1.0,2024-10-25,West,236.11,236.11,High
3599,3837,Webcam,1.0,2025-06-17,South,208.67,208.67,High
3600,3461,Mouse,3.0,2025-03-01,East,45.27,135.81,High
3601,3003,Headphones,5.0,2024-10-08,East,113.17,565.85,High
3602,2748,Monitor,4.0,2023-07-28,East,827.04,3308.16,High
3603,4243,SSD,2.0,2024-06-02,East,479.62,959.24,High
3604,4359,Monitor,1.0,2023-03-18,North,832.33,832.33,High
3605,4506,Headphones,4.0,2023-12-04,East,555.49,2221.96,High
3606,1685,Monitor,3.0,2025-05-12,East,1477.47,4432.41,High
3607,3160,SSD,4.0,2025-07-01,South,537.94,2151.76,High
3608,3935,Mouse,1.0,2025-03-17,South,95.59,95.59,Low
3609,4988,Webcam,5.0,2024-07-25,East,394.74,1973.7,High
3610,3169,Mouse,4.0,2024-02-28,South,145.51,582.04,High
3611,2567,Monitor,1.0,2024-11-03,North,1035.44,1035.44,High
3612,2245,SSD,1.0,2025-11-05,East,245.64,245.64,High
3613,4702,SSD,2.0,2025-07-14,North,539.94,1079.88,High
3614,1038,Headphones,2.0,2023-04-08,South,259.05,518.1,High
3615,3544,Keyboard,5.0,2023-10-27,East,61.09,305.45000000000005,High
3616,1779,Monitor,2.0,2025-01-16,North,917.99,1835.98,High
3617,2256,Monitor,5.0,2023-10-01,East,769.18,3845.8999999999996,High
3618,3990,Monitor,3.0,2023-09-18,South,979.6,2938.8,High
3619,4601,Monitor,3.0,2025-07-24,West,1419.9,4259.700000000001,High
3621,4468,Keyboard,3.0,2023-04-25,North,227.71,683.13,High
3622,4069,Keyboard,4.0,2023-09-25,East,133.46,533.84,High
3623,3708,Laptop,4.0,2023-01-12,North,2359.43,9437.72,High
3624,4709,Monitor,4.0,2023-03-14,East,740.4,2961.6,High
3625,2927,Monitor,3.0,2025-10-12,East,1695.92,5087.76,High
3626,1301,Laptop,4.0,2025-05-23,East,2293.97,9175.88,High
3627,4431,Keyboard,5.0,2024-02-10,South,249.53,1247.65,High
3628,3285,SSD,1.0,2023-06-27,West,245.68,245.68,High
3629,1646,SSD,2.0,2025-02-10,South,455.28,910.56,High
3630,1662,Phone,5.0,2025-08-03,North,1859.26,9296.3,High
3631,3283,Mouse,4.0,2024-02-04,North,46.7,186.8,High
3632,2759,Phone,1.0,2023-09-27,East,1931.97,1931.97,High
3633,3250,Keyboard,2.0,2024-04-30,West,161.88,323.76,High
3634,1255,Webcam,5.0,2023-02-28,North,306.29,1531.45,High
3635,1597,Monitor,2.0,2024-10-03,West,1753.21,3506.42,High
3636,1661,Phone,3.0,2025-06-05,East,867.15,2601.45,High
3637,1234,Headphones,4.0,2023-09-23,South,423.98,1695.92,High
3638,2368,SSD,5.0,2023-03-16,East,197.23,986.15,High
3639,3581,Headphones,5.0,2024-05-19,North,289.44,1447.2,High
3640,3907,Laptop,1.0,2023-12-23,West,2038.04,2038.04,High
3641,4868,Keyboard,1.0,2023-06-03,East,132.16,132.16,High
3643,4537,Phone,2.0,2023-03-07,West,1745.65,3491.3,High
3644,1769,Monitor,4.0,2024-01-15,North,1268.41,5073.64,High
3645,3588,Keyboard,2.0,2024-02-11,West,248.32,496.64,High
3646,1212,Phone,4.0,2023-10-04,North,1887.93,7551.72,High
3647,1462,Phone,5.0,2024-09-06,East,2014.86,10074.3,High
3648,3483,Mouse,2.0,2023-11-10,East,45.72,91.44,Low
3649,1282,Mouse,2.0,2024-07-02,East,34.72,69.44,Low
3650,4633,Keyboard,2.0,2024-04-05,South,292.39,584.78,High
3651,4678,Phone,3.0,2024-02-03,West,1525.96,4577.88,High
3652,2486,Laptop,4.0,2024-03-26,South,3184.92,12739.68,High
3654,1087,Mouse,2.0,2025-08-13,South,50.21,100.42,High
3655,2067,Keyboard,3.0,2024-12-07,East,285.12,855.36,High
3656,1460,SSD,2.0,2023-04-13,South,462.68,925.36,High
3657,3325,Monitor,4.0,2023-11-24,East,1113.82,4455.28,High
3658,4754,Webcam,5.0,2024-08-23,West,369.43,1847.15,High
3659,3468,SSD,3.0,2023-09-03,West,415.45,1246.35,High
3660,2724,Laptop,3.0,2025-12-17,North,4239.4,12718.199999999999,High
3661,2376,Laptop,2.0,2023-04-15,East,3294.8,6589.6,High
3662,3743,SSD,5.0,2024-11-22,North,344.19,1720.95,High
3663,1514,Mouse,4.0,2025-08-29,West,41.62,166.48,High
3664,1702,Mouse,1.0,2025-12-28,West,154.78,154.78,High
3665,2653,Keyboard,4.0,2025-09-19,West,74.78,299.12,High
3666,3066,Mouse,4.0,2023-06-02,East,159.93,639.72,High
3667,1022,Headphones,5.0,2025-11-24,South,195.43,977.1500000000001,High
3668,3460,Webcam,3.0,2025-08-14,South,159.16,477.48,High
3669,2053,SSD,4.0,2025-11-04,South,563.05,2252.2,High
3670,2830,SSD,3.0,2024-12-30,North,362.21,1086.6299999999999,High
3671,3155,Phone,5.0,2023-03-15,West,1012.91,5064.55,High
3672,4438,Laptop,5.0,2025-05-05,South,4715.24,23576.199999999997,High
3673,2304,SSD,2.0,2023-10-12,West,353.58,707.16,High
3674,4199,Headphones,1.0,2023-10-07,West,165.28,165.28,High
3675,4300,SSD,5.0,2025-02-25,West,325.87,1629.35,High
3676,2134,Monitor,5.0,2024-11-16,East,1383.99,6919.95,High
3677,3183,Headphones,3.0,2025-08-26,North,281.17,843.51,High
3678,1361,Keyboard,5.0,2023-10-18,South,281.08,1405.3999999999999,High
3679,4257,Monitor,4.0,2025-07-20,East,904.53,3618.12,High
3680,4727,Monitor,2.0,2025-02-06,North,763.74,1527.48,High
3681,4655,SSD,2.0,2023-11-08,North,249.43,498.86,High
3682,3176,Mouse,4.0,2024-10-07,East,44.24,176.96,High
3683,2899,SSD,5.0,2025-11-21,West,353.53,1767.6499999999999,High
3684,2284,Headphones,1.0,2023-01-26,West,539.17,539.17,High
3685,1514,Keyboard,5.0,2023-09-12,North,126.33,631.65,High
3686,1448,Laptop,2.0,2025-12-15,West,2775.01,5550.02,High
3687,2923,Webcam,1.0,2023-10-20,East,347.96,347.96,High
3688,4175,Mouse,3.0,2024-09-28,East,82.02,246.06,High
3689,2506,Headphones,3.0,2023-08-18,South,338.45,1015.3499999999999,High
3690,2247,Laptop,5.0,2023-02-22,East,2093.71,10468.55,High
3691,2855,Headphones,5.0,2025-08-11,East,243.54,1217.7,High
3692,1873,Mouse,1.0,2023-04-11,East,52.2,52.2,Low
3693,4937,Laptop,1.0,2025-03-14,South,2317.54,2317.54,High
3694,4562,Mouse,5.0,2025-05-18,West,103.34,516.7,High
3695,3520,Headphones,2.0,2023-09-24,West,238.67,477.34,High
3696,4081,Monitor,3.0,2023-01-02,West,749.67,2249.0099999999998,High
3697,2428,Webcam,1.0,2023-01-22,North,243.68,243.68,High
3698,4967,Phone,2.0,2024-07-31,South,2132.87,4265.74,High
3699,3349,Webcam,5.0,2023-07-31,South,315.15,1575.75,High
3700,3278,Monitor,4.0,2024-06-12,East,876.14,3504.56,High
3701,2754,Mouse,1.0,2024-01-23,West,74.73,74.73,Low
3702,1922,Webcam,4.0,2023-01-14,North,314.21,1256.84,High
3703,4137,Mouse,2.0,2024-06-02,West,124.72,249.44,High
3704,3984,Mouse,3.0,2024-09-07,East,156.21,468.63,High
3705,3159,Laptop,2.0,2025-08-19,North,2004.1,4008.2,High
3706,2036,Keyboard,3.0,2024-02-07,South,71.78,215.34,High
3707,2416,Mouse,2.0,2023-10-14,North,166.33,332.66,High
3708,3547,Webcam,1.0,2024-01-19,East,352.36,352.36,High
3710,3645,Webcam,4.0,2023-11-08,East,386.67,1546.68,High
3711,3281,Monitor,2.0,2024-12-26,East,952.35,1904.7,High
3712,3649,Phone,2.0,2023-02-12,South,2313.48,4626.96,High
3713,1313,Mouse,4.0,2025-01-23,North,101.69,406.76,High
3714,3613,SSD,5.0,2025-09-19,East,402.81,2014.05,High
3715,4083,Mouse,2.0,2025-05-25,South,139.36,278.72,High
3716,3256,Mouse,2.0,2025-01-03,West,52.63,105.26,High
3717,2997,SSD,2.0,2023-05-24,East,166.7,333.4,High
3718,2037,Laptop,5.0,2023-07-28,North,3280.4,16402.0,High
3719,2656,Mouse,1.0,2024-11-30,East,57.26,57.26,Low
3720,4489,Monitor,4.0,2023-04-24,East,1323.4,5293.6,High
3721,4508,Headphones,5.0,2023-06-24,North,326.82,1634.1,High
3722,4448,Keyboard,3.0,2023-09-28,South,80.52,241.56,High
3723,4091,Webcam,3.0,2023-03-04,East,293.05,879.1500000000001,High
3724,3634,Mouse,5.0,2025-10-04,North,33.48,167.39999999999998,High
3725,4983,Laptop,5.0,2025-03-06,North,2379.15,11895.75,High
3726,2778,Monitor,1.0,2023-08-13,East,1550.25,1550.25,High
3727,4806,Mouse,3.0,2023-06-10,East,119.74,359.21999999999997,High
3728,2014,SSD,4.0,2025-11-25,West,276.87,1107.48,High
3729,2093,Laptop,2.0,2024-01-16,South,2540.74,5081.48,High
3730,4895,Headphones,2.0,2023-11-14,South,421.14,842.28,High
3731,4282,Phone,1.0,2024-12-08,East,1149.51,1149.51,High
3732,2124,Mouse,1.0,2024-03-31,East,197.38,197.38,High
3733,1697,Monitor,3.0,2023-12-10,East,1803.97,5411.91,High
3734,3179,Laptop,4.0,2025-11-29,South,2396.47,9585.88,High
3735,4694,SSD,4.0,2024-02-18,South,536.62,2146.48,High
3736,2404,Laptop,5.0,2023-08-13,East,3035.13,15175.650000000001,High
3737,2155,Mouse,1.0,2023-10-07,East,113.3,113.3,High
3738,2043,Laptop,2.0,2025-11-28,North,2428.47,4856.94,High
3739,2929,Phone,2.0,2024-12-29,North,1001.57,2003.14,High
3740,3583,Laptop,3.0,2024-09-12,West,4596.48,13789.439999999999,High
3741,2013,Webcam,2.0,2025-09-01,West,281.57,563.14,High
3742,1226,Keyboard,4.0,2024-07-26,South,165.12,660.48,High
3743,4225,Webcam,4.0,2024-05-03,South,91.57,366.28,High
3744,2828,Keyboard,1.0,2025-10-04,North,280.49,280.49,High
3745,4813,Laptop,3.0,2025-07-25,North,3128.26,9384.78,High
3746,2492,SSD,2.0,2025-02-22,South,337.49,674.98,High
3747,1821,SSD,1.0,2024-05-22,North,280.41,280.41,High
3748,3023,Mouse,5.0,2024-02-09,East,181.52,907.6,High
3749,1870,SSD,5.0,2025-02-10,East,305.06,1525.3,High
3750,3452,Keyboard,2.0,2024-10-25,West,93.56,187.12,High
3751,3249,Monitor,2.0,2023-05-11,East,1250.84,2501.68,High
3752,3085,Keyboard,2.0,2023-10-08,North,245.37,490.74,High
3753,3989,Webcam,4.0,2024-02-24,North,198.83,795.32,High
3754,2795,Laptop,2.0,2024-09-28,West,3956.14,7912.28,High
3755,1187,Mouse,5.0,2025-03-18,West,81.72,408.6,High
3756,2080,Headphones,2.0,2023-12-14,South,459.88,919.76,High
3757,1940,Mouse,3.0,2024-03-04,North,143.68,431.04,High
3758,4091,Mouse,5.0,2024-06-30,West,145.73,728.65,High
3759,3320,Mouse,3.0,2025-07-28,North,139.8,419.40000000000003,High
3760,4190,Monitor,5.0,2024-02-06,North,734.47,3672.3500000000004,High
3761,3630,Phone,1.0,2025-12-06,West,2309.58,2309.58,High
3762,3563,Webcam,5.0,2024-10-26,West,267.44,1337.2,High
3763,4292,Laptop,5.0,2025-01-19,East,3147.16,15735.8,High
3764,1525,Phone,3.0,2025-08-17,North,1092.97,3278.91,High
3765,4586,Headphones,3.0,2024-09-28,East,491.79,1475.3700000000001,High
3766,4799,Phone,5.0,2025-05-28,East,1665.38,8326.900000000001,High
3767,4812,Laptop,5.0,2023-03-28,East,2441.88,12209.400000000001,High
3768,1335,Webcam,4.0,2024-05-29,South,374.85,1499.4,High
3769,3745,Webcam,1.0,2025-09-30,West,113.95,113.95,High
3770,2078,Laptop,1.0,2025-05-10,North,3572.66,3572.66,High
3771,3547,Headphones,2.0,2025-07-04,North,405.29,810.58,High
3772,3947,Laptop,5.0,2024-03-26,South,4996.95,24984.75,High
3773,4959,Headphones,5.0,2023-12-07,East,170.46,852.3000000000001,High
3774,3813,Headphones,5.0,2024-02-25,East,406.78,2033.8999999999999,High
3775,3583,Laptop,5.0,2024-01-16,East,3430.15,17150.75,High
3776,1161,Keyboard,1.0,2023-01-05,North,114.28,114.28,High
3777,4741,Webcam,3.0,2024-10-09,West,381.51,1144.53,High
3778,1593,Headphones,4.0,2025-10-24,North,495.42,1981.68,High
3779,2938,Laptop,3.0,2023-11-12,North,4331.17,12993.51,High
3780,3206,SSD,3.0,2024-06-14,East,554.63,1663.8899999999999,High
3781,4259,Keyboard,1.0,2023-12-21,North,231.26,231.26,High
3782,1059,Webcam,4.0,2025-11-22,East,242.16,968.64,High
3783,3962,Headphones,5.0,2024-10-23,South,295.77,1478.85,High
3784,4888,Webcam,1.0,2023-05-07,North,305.32,305.32,High
3785,4390,Keyboard,1.0,2023-12-15,North,200.7,200.7,High
3786,2901,Webcam,4.0,2025-12-03,South,253.72,1014.88,High
3787,3258,Monitor,2.0,2025-01-11,South,1383.59,2767.18,High
3788,1405,Mouse,1.0,2024-12-28,South,141.41,141.41,High
3789,1663,Monitor,3.0,2023-09-01,East,1953.06,5859.18,High
3790,2132,Keyboard,3.0,2023-01-09,North,238.29,714.87,High
3791,2099,Headphones,5.0,2024-12-12,East,188.22,941.1,High
3792,1541,Laptop,1.0,2025-04-25,East,3400.31,3400.31,High
3793,2337,Phone,5.0,2023-03-27,West,1953.01,9765.05,High
3794,1997,Laptop,1.0,2023-09-28,West,2526.96,2526.96,High
3795,2140,Webcam,4.0,2024-05-27,North,378.47,1513.88,High
3796,3974,Phone,1.0,2025-11-09,North,930.94,930.94,High
3797,1867,Phone,2.0,2023-05-10,East,1838.67,3677.34,High
3798,4775,Webcam,3.0,2025-04-17,East,392.3,1176.9,High
3799,3066,Webcam,4.0,2025-02-08,North,312.92,1251.68,High
3800,1431,Headphones,3.0,2025-10-27,East,438.63,1315.8899999999999,High
3801,4756,Keyboard,5.0,2025-05-01,East,299.36,1496.8000000000002,High
3802,1739,SSD,4.0,2025-07-25,East,506.31,2025.24,High
3803,2373,Laptop,2.0,2025-06-19,East,4910.88,9821.76,High
3804,1182,Keyboard,3.0,2024-04-17,North,224.72,674.16,High
3805,3160,Monitor,1.0,2023-12-04,North,1498.19,1498.19,High
3806,2206,Headphones,1.0,2023-11-15,South,481.28,481.28,High
3807,3528,Headphones,1.0,2025-11-14,North,194.38,194.38,High
3808,2169,SSD,4.0,2024-12-21,West,512.6,2050.4,High
3809,1830,Monitor,2.0,2023-05-23,North,1955.21,3910.42,High
3810,2651,Laptop,2.0,2024-10-18,North,3834.93,7669.86,High
3811,2136,Mouse,2.0,2025-12-14,North,32.1,64.2,Low
3812,3810,Monitor,3.0,2024-04-15,East,608.14,1824.42,High
3813,1475,Laptop,4.0,2023-12-29,East,2704.12,10816.48,High
3814,3810,Phone,1.0,2024-10-11,East,1634.87,1634.87,High
3815,2326,Webcam,3.0,2023-07-28,West,212.4,637.2,High
3816,1970,Headphones,2.0,2025-12-24,South,589.61,1179.22,High
3817,4896,Laptop,1.0,2024-07-02,North,4836.76,4836.76,High
3818,2019,Keyboard,4.0,2023-09-20,East,148.18,592.72,High
3819,2141,SSD,5.0,2025-02-04,West,507.44,2537.2,High
3820,2836,Webcam,2.0,2023-01-01,North,283.64,567.28,High
3821,1160,Keyboard,2.0,2023-05-28,North,110.78,221.56,High
3822,3448,Webcam,2.0,2025-05-25,East,377.98,755.96,High
3823,1197,Headphones,2.0,2025-09-12,South,229.76,459.52,High
3824,2283,Monitor,1.0,2024-05-27,South,1805.52,1805.52,High
3825,1659,Mouse,4.0,2024-09-20,West,138.4,553.6,High
3826,2775,Monitor,3.0,2025-08-29,North,1431.69,4295.07,High
3827,2070,Laptop,1.0,2024-10-14,East,4515.23,4515.23,High
3828,3010,SSD,4.0,2024-04-10,North,372.44,1489.76,High
3829,1398,Monitor,3.0,2025-02-02,North,1780.06,5340.18,High
3830,2733,Headphones,2.0,2025-10-16,East,375.11,750.22,High
3831,2582,SSD,4.0,2025-07-17,North,593.09,2372.36,High
3832,3125,Laptop,2.0,2025-03-04,East,3979.79,7959.58,High
3833,3171,Phone,4.0,2025-06-18,North,1435.9,5743.6,High
3834,1074,Monitor,5.0,2024-11-05,North,1645.05,8225.25,High
3835,4942,Monitor,2.0,2025-10-05,North,1264.85,2529.7,High
3836,3184,Mouse,2.0,2023-10-08,West,167.02,334.04,High
3837,1601,Laptop,2.0,2025-07-04,South,4500.39,9000.78,High
3838,4471,Keyboard,1.0,2023-11-20,South,204.23,204.23,High
3839,1836,Monitor,3.0,2025-03-01,South,1808.28,5424.84,High
3841,1499,Monitor,2.0,2023-07-06,North,586.07,1172.14,High
3842,2596,Mouse,1.0,2025-07-03,West,142.65,142.65,High
3843,1137,Phone,1.0,2024-06-25,West,2099.57,2099.57,High
3844,3097,Mouse,5.0,2025-06-15,South,42.38,211.9,High
3845,2794,Monitor,4.0,2024-09-30,South,1656.36,6625.44,High
3846,1972,SSD,2.0,2024-03-11,West,437.62,875.24,High
3847,2642,Keyboard,4.0,2023-08-01,South,79.1,316.4,High
3848,4696,Webcam,1.0,2025-03-28,West,252.78,252.78,High
3849,2885,Monitor,1.0,2025-08-19,North,663.11,663.11,High
3850,3301,Laptop,5.0,2025-08-17,South,2964.86,14824.300000000001,High
3851,4701,Monitor,3.0,2025-07-05,West,1705.98,5117.9400000000005,High
3852,3028,Keyboard,1.0,2025-09-19,North,75.2,75.2,Low
3853,3757,Laptop,2.0,2025-07-03,North,3378.16,6756.32,High
3855,2900,SSD,3.0,2023-11-15,West,573.23,1719.69,High
3856,3610,Laptop,5.0,2023-07-07,North,4211.8,21059.0,High
3857,3804,Mouse,1.0,2023-06-11,West,53.67,53.67,Low
3858,4986,Phone,3.0,2023-05-09,East,2447.08,7341.24,High
3859,2449,Mouse,4.0,2023-10-31,West,111.25,445.0,High
3860,1546,Webcam,3.0,2025-07-05,East,198.31,594.9300000000001,High
3861,4373,Laptop,2.0,2025-07-10,East,2386.13,4772.26,High
3862,1921,Headphones,4.0,2025-11-25,West,566.74,2266.96,High
3863,1580,Monitor,4.0,2023-05-31,North,1379.31,5517.24,High
3864,2372,SSD,2.0,2024-08-15,West,594.59,1189.18,High
3865,4903,Laptop,4.0,2023-02-16,North,2521.6,10086.4,High
3866,2956,Mouse,1.0,2025-07-28,North,122.79,122.79,High
3867,3003,Laptop,3.0,2024-10-21,East,2329.66,6988.98,High
3868,3096,Laptop,3.0,2023-08-19,North,3572.83,10718.49,High
3869,3964,Laptop,2.0,2025-09-28,East,4669.38,9338.76,High
3870,4145,Headphones,1.0,2023-06-14,East,154.66,154.66,High
3871,1703,SSD,4.0,2024-12-24,North,271.34,1085.36,High
3872,3308,Keyboard,3.0,2025-03-30,North,220.6,661.8,High
3873,3403,Keyboard,3.0,2025-12-25,East,69.07,207.20999999999998,High
3874,4653,Laptop,3.0,2023-05-20,West,3361.95,10085.849999999999,High
3875,2625,Headphones,3.0,2024-02-04,West,266.53,799.5899999999999,High
3876,4331,Headphones,5.0,2023-05-10,North,519.07,2595.3500000000004,High
3877,1637,Webcam,2.0,2025-09-11,West,95.7,191.4,High
3878,3790,Laptop,4.0,2025-02-04,North,4590.19,18360.76,High
3879,4366,Mouse,4.0,2024-03-21,South,149.62,598.48,High
3880,2009,Mouse,2.0,2023-01-29,North,80.52,161.04,High
3881,3978,Phone,1.0,2025-03-09,South,1136.21,1136.21,High
3882,1640,SSD,2.0,2023-10-16,East,577.58,1155.16,High
3883,3839,Laptop,3.0,2025-09-03,East,3661.72,10985.16,High
3884,4384,Phone,3.0,2023-04-10,West,1386.12,4158.36,High
3885,3659,Mouse,2.0,2024-02-26,East,37.56,75.12,Low
3886,2861,Mouse,2.0,2024-10-04,North,58.18,116.36,High
3887,3856,Laptop,4.0,2024-11-24,East,3794.5,15178.0,High
3888,2205,Phone,4.0,2024-12-06,North,1672.29,6689.16,High
3889,1685,Phone,5.0,2023-01-18,East,2087.94,10439.7,High
3890,2851,Laptop,5.0,2024-04-15,South,4504.51,22522.550000000003,High
3891,4435,SSD,3.0,2024-12-23,North,328.73,986.19,High
3892,1187,Webcam,5.0,2025-10-27,South,112.3,561.5,High
3893,4640,Phone,5.0,2024-02-23,West,2145.6,10728.0,High
3894,4614,Webcam,1.0,2024-01-15,East,257.2,257.2,High
3895,2619,Monitor,2.0,2024-05-22,West,1969.69,3939.38,High
3896,2687,SSD,4.0,2023-04-24,South,508.36,2033.44,High
3897,1984,Mouse,5.0,2025-05-01,West,85.94,429.7,High
3898,1547,Keyboard,4.0,2024-05-25,South,157.12,628.48,High
3899,3772,SSD,5.0,2025-04-30,East,256.01,1280.05,High
3900,3973,Webcam,5.0,2025-09-02,South,243.84,1219.2,High
3901,2431,Webcam,3.0,2024-09-05,North,307.43,922.29,High
3902,1875,Webcam,1.0,2024-04-13,West,276.0,276.0,High
3903,1617,Headphones,2.0,2023-04-03,East,271.04,542.08,High
3904,3461,SSD,2.0,2024-05-07,West,520.48,1040.96,High
3905,2365,Phone,3.0,2025-02-01,North,978.6,2935.8,High
3906,2243,Phone,3.0,2025-09-15,East,1042.34,3127.0199999999995,High
3907,1902,Headphones,2.0,2024-04-23,North,302.08,604.16,High
3908,1162,Phone,2.0,2025-05-26,North,1993.81,3987.62,High
3909,2974,Headphones,1.0,2023-06-16,West,447.09,447.09,High
3910,4291,Webcam,5.0,2023-05-20,East,197.29,986.4499999999999,High
3912,1631,SSD,2.0,2024-07-29,South,177.26,354.52,High
3913,1905,Monitor,5.0,2025-10-24,West,935.03,4675.15,High
3914,4919,Webcam,2.0,2024-08-28,East,302.01,604.02,High
3915,4471,Monitor,1.0,2024-08-06,East,776.06,776.06,High
3916,4253,Mouse,1.0,2025-03-26,South,66.16,66.16,Low
3917,3014,Webcam,1.0,2024-08-15,West,107.8,107.8,High
3918,2641,Keyboard,5.0,2024-11-16,West,141.12,705.6,High
3919,4800,Phone,4.0,2025-08-20,South,2202.38,8809.52,High
3920,1204,Keyboard,4.0,2025-09-13,East,259.09,1036.36,High
3921,1581,Laptop,2.0,2025-12-11,South,4587.09,9174.18,High
3922,2579,Monitor,5.0,2024-03-21,East,555.06,2775.2999999999997,High
3923,1840,SSD,3.0,2023-08-25,West,597.07,1791.21,High
3924,2836,Webcam,4.0,2025-12-03,North,240.85,963.4,High
3925,2251,SSD,5.0,2025-05-31,East,542.73,2713.65,High
3926,2719,Laptop,5.0,2025-02-04,South,4715.34,23576.7,High
3927,2642,Laptop,4.0,2025-07-25,East,3543.49,14173.96,High
3928,3643,Phone,5.0,2023-12-25,West,886.85,4434.25,High
3929,4921,Laptop,5.0,2024-10-07,South,3792.41,18962.05,High
3930,3297,Webcam,4.0,2024-11-20,North,186.91,747.64,High
3931,1874,Webcam,1.0,2024-04-06,East,146.17,146.17,High
3932,2464,SSD,2.0,2023-04-11,East,232.13,464.26,High
3933,4604,SSD,3.0,2024-11-22,South,401.67,1205.01,High
3934,3243,Monitor,2.0,2025-09-10,North,656.71,1313.42,High
3935,1689,Webcam,1.0,2025-02-07,North,342.93,342.93,High
3936,3010,Keyboard,1.0,2023-09-25,North,106.82,106.82,High
3937,4590,Monitor,5.0,2025-06-01,East,1323.94,6619.700000000001,High
3938,4141,Phone,2.0,2024-02-12,South,1013.28,2026.56,High
3939,3686,Monitor,1.0,2025-11-26,East,1789.44,1789.44,High
3940,2422,Headphones,2.0,2024-04-12,North,446.04,892.08,High
3942,1671,Keyboard,3.0,2024-05-23,North,228.94,686.8199999999999,High
3943,4831,SSD,1.0,2023-11-05,East,187.31,187.31,High
3944,4274,Headphones,2.0,2024-09-16,North,486.11,972.22,High
3945,2171,Headphones,5.0,2023-04-20,West,345.17,1725.8500000000001,High
3946,2495,Mouse,2.0,2024-11-09,South,50.43,100.86,High
3947,4726,Webcam,4.0,2025-01-11,South,256.15,1024.6,High
3948,1943,Phone,2.0,2025-06-25,South,1141.47,2282.94,High
3949,3246,Laptop,3.0,2023-09-25,South,4018.32,12054.960000000001,High
3950,4988,Headphones,3.0,2025-11-21,West,454.31,1362.93,High
3951,2449,Monitor,3.0,2025-07-28,West,1641.26,4923.78,High
3952,4737,Laptop,1.0,2025-03-21,North,4684.61,4684.61,High
3953,3539,Monitor,3.0,2023-04-14,East,1482.41,4447.2300000000005,High
3954,4959,SSD,2.0,2023-07-20,East,371.3,742.6,High
3955,1895,Monitor,5.0,2025-06-17,West,1781.34,8906.699999999999,High
3956,3189,Laptop,3.0,2025-01-12,South,4699.53,14098.59,High
3957,2336,Laptop,2.0,2025-07-13,North,4345.26,8690.52,High
3958,1164,Webcam,1.0,2024-08-19,East,381.58,381.58,High
3959,3361,Monitor,1.0,2025-11-24,South,1969.15,1969.15,High
3960,3068,Phone,5.0,2024-11-18,East,1227.23,6136.15,High
3961,2105,Webcam,5.0,2025-07-08,West,138.78,693.9,High
3962,4652,Keyboard,2.0,2025-02-26,North,162.15,324.3,High
3963,4202,Mouse,5.0,2024-02-03,West,199.48,997.4,High
3964,4670,Keyboard,5.0,2024-08-19,West,72.12,360.6,High
3965,2753,Phone,1.0,2023-04-27,West,2010.39,2010.39,High
3966,4031,Webcam,2.0,2023-12-28,East,352.27,704.54,High
3967,3352,Mouse,5.0,2023-07-23,East,199.4,997.0,High
3968,2938,Webcam,2.0,2024-03-19,North,278.31,556.62,High
3969,1370,Laptop,3.0,2024-12-27,West,3140.28,9420.84,High
3970,2880,Mouse,1.0,2025-05-10,South,58.3,58.3,Low
3972,1383,Monitor,1.0,2025-02-05,South,1886.3,1886.3,High
3973,2931,Keyboard,4.0,2023-12-28,East,251.13,1004.52,High
3974,3492,Mouse,2.0,2024-01-30,South,190.44,380.88,High
3975,1424,Monitor,3.0,2023-09-05,East,591.28,1773.84,High
3976,3208,Webcam,5.0,2025-07-02,East,282.08,1410.3999999999999,High
3977,4249,Phone,3.0,2025-01-30,North,1267.15,3801.4500000000003,High
3978,1628,Mouse,2.0,2024-10-17,North,160.15,320.3,High
3980,1894,Webcam,4.0,2023-08-29,North,162.79,651.16,High
3981,3537,Webcam,2.0,2023-08-17,South,352.08,704.16,High
3982,4064,Webcam,2.0,2024-09-12,North,319.82,639.64,High
3983,3374,Phone,5.0,2025-07-19,West,2486.44,12432.2,High
3984,1597,Laptop,3.0,2025-05-04,East,3931.95,11795.849999999999,High
3985,4062,Phone,3.0,2024-06-12,East,1315.23,3945.69,High
3986,3336,Phone,5.0,2023-09-24,North,1731.4,8657.0,High
3987,1592,SSD,4.0,2023-08-08,North,574.78,2299.12,High
3988,2687,Keyboard,1.0,2024-07-14,East,212.94,212.94,High
3989,4644,Webcam,1.0,2025-11-09,East,362.08,362.08,High
3990,1572,Monitor,4.0,2025-11-26,North,534.33,2137.32,High
3991,4425,Mouse,5.0,2024-01-17,North,92.82,464.09999999999997,High
3992,3075,Keyboard,2.0,2023-02-08,West,283.83,567.66,High
3993,4001,Webcam,3.0,2024-03-04,South,92.57,277.71,High
3994,3090,Headphones,2.0,2025-12-23,North,359.55,719.1,High
3995,2704,Phone,3.0,2025-03-01,North,1389.1,4167.299999999999,High
3996,3470,Headphones,2.0,2023-02-01,East,423.1,846.2,High
3997,4669,Webcam,5.0,2025-08-02,East,131.91,659.55,High
3998,1176,Keyboard,5.0,2024-06-14,South,213.33,1066.65,High
3999,1528,Monitor,4.0,2023-04-16,North,1987.76,7951.04,High
4000,2633,Keyboard,2.0,2024-04-26,South,117.79,235.58,High
4002,2517,Monitor,4.0,2025-04-14,South,544.55,2178.2,High
4003,1197,Monitor,4.0,2023-03-30,North,1151.07,4604.28,High
4004,3657,Webcam,5.0,2025-10-31,North,209.92,1049.6,High
4005,4648,Laptop,5.0,2025-12-08,East,3694.12,18470.6,High
4006,3889,Webcam,2.0,2025-06-14,East,162.17,324.34,High
4007,1852,Phone,5.0,2023-05-23,West,1358.71,6793.55,High
4008,4588,Keyboard,5.0,2023-07-26,East,202.47,1012.35,High
4009,2537,Monitor,2.0,2024-05-23,West,1862.71,3725.42,High
4010,3069,Webcam,4.0,2023-01-05,West,155.26,621.04,High
4011,4183,Webcam,2.0,2023-07-30,North,296.79,593.58,High
4012,2080,Keyboard,1.0,2023-01-29,South,180.97,180.97,High
4013,4137,Keyboard,2.0,2023-07-07,East,76.15,152.3,High
4014,3889,SSD,1.0,2024-06-08,East,404.44,404.44,High
4015,1097,Monitor,2.0,2025-08-03,West,1563.21,3126.42,High
4016,4215,Mouse,1.0,2023-06-06,East,131.7,131.7,High
4017,2903,SSD,1.0,2023-03-21,South,196.99,196.99,High
4018,1434,Headphones,2.0,2024-10-21,South,527.27,1054.54,High
4019,1636,Phone,5.0,2024-09-17,South,869.71,4348.55,High
4020,4750,Phone,3.0,2023-08-20,West,1201.21,3603.63,High
4021,4157,Mouse,5.0,2023-06-09,West,134.67,673.3499999999999,High
4022,1587,Laptop,1.0,2023-12-10,North,2654.04,2654.04,High
4023,1343,SSD,2.0,2023-07-24,East,195.81,391.62,High
4024,2317,Mouse,2.0,2025-09-21,East,117.03,234.06,High
4025,2979,Laptop,2.0,2025-04-17,South,4167.38,8334.76,High
4026,1570,Laptop,2.0,2023-11-01,West,3232.27,6464.54,High
4027,4721,Mouse,3.0,2024-10-31,East,148.74,446.22,High
4028,1610,Phone,4.0,2024-02-04,South,2263.11,9052.44,High
4029,2727,Headphones,1.0,2023-04-16,South,579.4,579.4,High
4030,3290,Phone,3.0,2023-12-08,South,1196.55,3589.6499999999996,High
4031,2854,Webcam,5.0,2025-09-12,South,273.72,1368.6000000000001,High
4032,3608,Phone,4.0,2025-08-09,North,1253.69,5014.76,High
4033,1959,Phone,4.0,2023-02-18,North,2280.56,9122.24,High
4034,3079,SSD,2.0,2023-07-25,East,550.63,1101.26,High
4035,3438,Mouse,3.0,2025-03-01,East,84.77,254.31,High
4036,3324,Mouse,5.0,2023-08-19,East,139.71,698.5500000000001,High
4037,1531,Webcam,2.0,2025-06-01,East,364.06,728.12,High
4038,2177,Webcam,2.0,2024-12-26,West,242.68,485.36,High
4039,3430,SSD,1.0,2023-10-11,West,474.21,474.21,High
4040,2091,Mouse,4.0,2023-10-03,South,166.15,664.6,High
4041,2901,Phone,5.0,2024-03-08,North,2282.22,11411.099999999999,High
4042,1883,Headphones,4.0,2024-09-24,South,357.6,1430.4,High
4043,3261,Laptop,3.0,2023-08-04,East,4825.47,14476.41,High
4044,2678,Keyboard,1.0,2023-04-07,West,207.24,207.24,High
4045,3423,Laptop,2.0,2025-08-12,East,2455.18,4910.36,High
4046,3791,Webcam,1.0,2023-12-31,East,275.99,275.99,High
4047,3260,Webcam,2.0,2025-10-04,East,175.51,351.02,High
4048,3126,Laptop,1.0,2024-09-09,East,3116.26,3116.26,High
4049,2749,Keyboard,2.0,2024-02-01,West,252.21,504.42,High
4050,3675,Phone,4.0,2024-04-02,West,2454.69,9818.76,High
4051,3651,Headphones,4.0,2023-11-14,East,534.93,2139.72,High
4052,1781,Headphones,4.0,2024-01-17,East,262.9,1051.6,High
4053,4994,Laptop,4.0,2023-05-22,South,3360.98,13443.92,High
4054,4452,Keyboard,1.0,2024-04-01,North,295.87,295.87,High
4055,4048,SSD,2.0,2024-05-15,North,565.59,1131.18,High
4056,3727,Webcam,4.0,2023-11-19,North,392.62,1570.48,High
4057,3105,Monitor,1.0,2025-09-26,West,1149.38,1149.38,High
4058,4867,Phone,2.0,2023-09-25,North,2160.96,4321.92,High
4059,4097,SSD,1.0,2024-05-01,North,542.05,542.05,High
4060,1880,Laptop,4.0,2025-05-27,South,2132.79,8531.16,High
4061,1446,Headphones,3.0,2024-11-09,South,233.04,699.12,High
4062,3113,Webcam,1.0,2023-01-14,West,362.71,362.71,High
4063,4992,SSD,4.0,2025-09-30,North,324.93,1299.72,High
4064,2783,SSD,5.0,2024-12-05,West,275.38,1376.9,High
4065,2277,Mouse,2.0,2023-06-04,North,76.36,152.72,High
4066,4970,Mouse,4.0,2023-04-11,West,93.82,375.28,High
4067,2991,Keyboard,5.0,2024-07-25,East,110.99,554.9499999999999,High
4068,2067,Keyboard,1.0,2025-12-02,East,50.84,50.84,Low
4070,2577,SSD,5.0,2025-10-11,East,547.16,2735.7999999999997,High
4071,2011,Monitor,5.0,2024-04-09,East,613.47,3067.3500000000004,High
4072,3274,Headphones,2.0,2023-12-17,North,306.5,613.0,High
4073,1773,Laptop,1.0,2023-08-22,North,3369.46,3369.46,High
4074,3726,Monitor,5.0,2024-02-07,West,1667.23,8336.15,High
4075,4507,Webcam,3.0,2023-12-17,South,160.83,482.49,High
4076,2814,Keyboard,3.0,2023-01-28,West,127.41,382.23,High
4077,3648,Mouse,5.0,2023-09-16,East,32.43,162.15,High
4078,3426,Phone,2.0,2024-09-11,South,2334.81,4669.62,High
4079,2201,SSD,1.0,2025-05-25,North,458.5,458.5,High
4080,2450,Webcam,3.0,2024-06-26,West,164.11,492.33000000000004,High
4081,4986,Mouse,5.0,2024-03-28,East,180.88,904.4,High
4082,3756,Headphones,5.0,2024-11-27,North,143.29,716.4499999999999,High
4083,1306,Headphones,4.0,2024-02-08,East,284.2,1136.8,High
4084,1778,Mouse,5.0,2025-10-15,North,125.81,629.05,High
4085,3551,Webcam,2.0,2025-12-25,West,241.76,483.52,High
4087,4657,Monitor,4.0,2024-07-28,North,946.39,3785.56,High
4088,1007,Laptop,3.0,2024-02-27,North,4273.52,12820.560000000001,High
4089,4991,Keyboard,3.0,2024-07-02,North,151.36,454.08000000000004,High
4090,3555,Monitor,2.0,2024-04-12,East,687.95,1375.9,High
4091,1475,Phone,5.0,2023-04-21,East,2058.68,10293.4,High
4092,2320,Mouse,2.0,2023-06-02,East,185.03,370.06,High
4093,3211,Phone,5.0,2025-07-05,East,1419.52,7097.6,High
4094,1484,Phone,4.0,2025-01-31,South,1802.41,7209.64,High
4095,4668,Monitor,2.0,2024-12-20,East,1531.74,3063.48,High
4096,4143,Keyboard,2.0,2025-05-29,West,257.88,515.76,High
4097,3614,Webcam,1.0,2024-11-12,South,143.36,143.36,High
4098,1904,Headphones,2.0,2025-02-07,North,384.99,769.98,High
4099,1558,Laptop,1.0,2023-10-06,East,4221.09,4221.09,High
4100,4982,SSD,5.0,2023-12-29,North,239.61,1198.0500000000002,High
4101,2967,Headphones,5.0,2024-08-23,North,336.24,1681.2,High
4102,3285,Keyboard,5.0,2023-10-21,East,166.09,830.45,High
4103,2127,SSD,1.0,2025-05-20,West,527.71,527.71,High
4104,2233,Headphones,5.0,2023-03-14,East,488.65,2443.25,High
4105,3601,Mouse,3.0,2023-09-16,East,69.43,208.29000000000002,High
4106,3875,Mouse,2.0,2023-12-22,North,69.6,139.2,High
4107,1467,Monitor,1.0,2024-07-24,East,1585.03,1585.03,High
4108,4525,Phone,5.0,2024-07-26,East,2057.34,10286.7,High
4109,4339,SSD,3.0,2025-03-27,South,230.5,691.5,High
4110,3433,Keyboard,2.0,2025-12-29,North,152.8,305.6,High
4111,3822,Keyboard,2.0,2024-03-22,East,256.44,512.88,High
4112,1847,Headphones,5.0,2025-02-21,West,139.71,698.5500000000001,High
4113,3434,Monitor,3.0,2025-06-27,East,1060.84,3182.5199999999995,High
4114,3924,Headphones,1.0,2025-08-01,North,422.27,422.27,High
4115,1258,Headphones,5.0,2025-06-14,North,485.54,2427.7000000000003,High
4116,1282,Keyboard,2.0,2025-07-18,South,213.16,426.32,High
4117,2649,Headphones,2.0,2024-09-28,North,298.76,597.52,High
4118,2898,Phone,2.0,2025-07-14,West,2486.32,4972.64,High
4119,1039,Headphones,5.0,2024-06-14,East,120.77,603.85,High
4120,3533,SSD,4.0,2023-04-29,East,372.64,1490.56,High
4121,3976,Phone,4.0,2023-03-07,West,1667.09,6668.36,High
4122,3267,Keyboard,4.0,2023-09-02,North,109.95,439.8,High
4123,4200,Monitor,3.0,2023-02-26,East,1338.06,4014.18,High
4124,2014,Mouse,5.0,2025-12-03,North,67.41,337.04999999999995,High
4125,4071,SSD,2.0,2024-06-07,North,349.54,699.08,High
4126,4591,Phone,3.0,2024-02-28,North,1533.78,4601.34,High
4128,3975,Monitor,1.0,2024-03-25,South,1913.89,1913.89,High
4129,2915,Phone,3.0,2025-08-11,North,1144.83,3434.49,High
4130,1687,Keyboard,3.0,2025-02-01,East,297.88,893.64,High
4131,4690,Laptop,5.0,2024-03-18,North,4820.95,24104.75,High
4132,1612,Monitor,3.0,2025-08-24,North,668.98,2006.94,High
4133,3307,Monitor,5.0,2025-06-10,East,1868.55,9342.75,High
4134,4037,Keyboard,1.0,2024-06-17,North,191.14,191.14,High
4135,4013,Keyboard,2.0,2023-06-06,West,269.74,539.48,High
4136,3413,Headphones,2.0,2023-03-30,East,572.82,1145.64,High
4137,2781,Keyboard,4.0,2023-07-21,North,264.73,1058.92,High
4138,2810,Monitor,4.0,2025-09-06,North,1104.32,4417.28,High
4139,3591,Phone,1.0,2024-04-06,East,1882.49,1882.49,High
4140,3696,Laptop,2.0,2024-12-09,South,3394.31,6788.62,High
4141,2547,Webcam,4.0,2024-03-29,East,197.26,789.04,High
4142,2930,Headphones,3.0,2024-01-15,East,225.35,676.05,High
4143,3861,Webcam,5.0,2024-02-05,East,221.28,1106.4,High
4144,4958,Phone,4.0,2024-07-04,East,2170.15,8680.6,High
4145,4087,Laptop,1.0,2025-07-24,West,4532.07,4532.07,High
4146,2152,Laptop,2.0,2025-10-09,North,4874.02,9748.04,High
4147,1574,Laptop,1.0,2025-09-04,North,2871.85,2871.85,High
4148,4180,Mouse,5.0,2024-10-22,East,140.57,702.8499999999999,High
4149,2910,Phone,5.0,2025-06-21,South,1979.42,9897.1,High
4150,2012,SSD,1.0,2024-03-20,East,236.1,236.1,High
4151,4604,Headphones,4.0,2023-02-21,East,283.44,1133.76,High
4152,1669,Headphones,4.0,2023-11-25,South,271.13,1084.52,High
4153,1268,Laptop,2.0,2025-02-08,North,4957.73,9915.46,High
4154,4233,Phone,2.0,2024-05-12,East,2429.24,4858.48,High
4155,2283,Mouse,3.0,2023-05-05,West,169.7,509.09999999999997,High
4156,1923,Laptop,3.0,2023-07-23,North,3418.51,10255.53,High
4157,2125,Keyboard,2.0,2025-02-06,East,116.02,232.04,High
4158,2529,SSD,3.0,2024-10-04,South,562.18,1686.54,High
4159,2758,Webcam,1.0,2025-11-10,North,165.77,165.77,High
4161,1246,Webcam,3.0,2023-12-28,North,158.42,475.26,High
4162,4711,Monitor,3.0,2023-12-27,East,1956.89,5870.67,High
4163,4866,Laptop,1.0,2023-02-24,East,2125.28,2125.28,High
4164,4908,Keyboard,5.0,2023-10-19,West,93.59,467.95000000000005,High
4165,2560,Headphones,2.0,2025-12-10,North,482.52,965.04,High
4166,3178,Webcam,1.0,2025-04-21,West,128.46,128.46,High
4167,3400,SSD,5.0,2025-02-23,East,590.71,2953.55,High
4168,3243,Mouse,1.0,2023-09-11,North,84.63,84.63,Low
4169,4864,Phone,4.0,2024-05-06,North,2361.7,9446.8,High
4170,2939,Headphones,1.0,2025-09-11,East,431.14,431.14,High
4171,1929,SSD,1.0,2024-07-26,West,435.35,435.35,High
4172,4737,Webcam,4.0,2025-05-08,East,372.92,1491.68,High
4173,4453,Phone,2.0,2025-09-19,East,1672.57,3345.14,High
4174,4069,Webcam,5.0,2025-08-18,North,208.25,1041.25,High
4175,3692,Phone,3.0,2023-08-13,North,1169.96,3509.88,High
4177,3748,Mouse,1.0,2025-08-27,North,164.6,164.6,High
4178,4547,Laptop,3.0,2025-12-07,East,2383.81,7151.43,High
4179,4548,Laptop,4.0,2025-01-06,West,3182.05,12728.2,High
4180,1264,Headphones,2.0,2023-08-21,North,304.61,609.22,High
4181,2395,Mouse,5.0,2023-08-16,East,142.96,714.8000000000001,High
4182,4557,Keyboard,2.0,2025-10-03,North,119.63,239.26,High
4183,2457,Webcam,2.0,2024-06-05,North,348.23,696.46,High
4184,1645,Webcam,3.0,2023-01-13,North,146.39,439.16999999999996,High
4185,3258,Webcam,4.0,2024-03-20,North,332.53,1330.12,High
4186,4643,Headphones,4.0,2023-12-06,North,524.88,2099.52,High
4187,4448,Webcam,2.0,2024-08-20,South,141.82,283.64,High
4188,2418,Monitor,4.0,2023-06-06,South,1714.12,6856.48,High
4189,2473,Phone,3.0,2024-10-17,South,2013.36,6040.08,High
4190,3990,Webcam,3.0,2025-09-29,East,359.8,1079.4,High
4191,2387,SSD,5.0,2025-03-08,South,379.49,1897.45,High
4192,2899,Phone,4.0,2024-05-05,West,1197.56,4790.24,High
4193,3504,Laptop,5.0,2025-04-14,West,4736.12,23680.6,High
4194,3772,Webcam,1.0,2025-08-09,West,332.81,332.81,High
4195,4799,SSD,3.0,2023-12-23,East,159.44,478.32,High
4196,2249,Keyboard,2.0,2024-12-17,East,284.85,569.7,High
4197,1981,SSD,3.0,2023-12-28,North,576.84,1730.52,High
4198,2154,Mouse,1.0,2023-01-08,East,90.4,90.4,Low
4199,1587,Mouse,2.0,2024-04-16,North,31.7,63.4,Low
4200,1475,Laptop,4.0,2023-06-21,North,3657.61,14630.44,High
4201,2821,Monitor,4.0,2023-04-06,North,1870.51,7482.04,High
4202,1985,Headphones,3.0,2024-11-04,South,162.22,486.65999999999997,High
4203,4348,Headphones,2.0,2024-08-30,North,395.25,790.5,High
4204,3203,Keyboard,2.0,2024-04-18,West,232.94,465.88,High
4205,4831,Laptop,5.0,2024-09-05,North,2404.07,12020.35,High
4206,2241,Laptop,1.0,2024-11-19,West,3539.82,3539.82,High
4207,1189,Monitor,4.0,2025-06-16,South,633.21,2532.84,High
4208,2440,Webcam,3.0,2023-04-20,East,258.6,775.8000000000001,High
4209,1980,Headphones,2.0,2024-12-10,East,321.06,642.12,High
4210,2698,Webcam,4.0,2025-08-22,East,164.7,658.8,High
4211,2715,Laptop,3.0,2025-05-20,South,4559.24,13677.72,High
4212,3593,Webcam,4.0,2024-10-10,East,202.17,808.68,High
4214,3354,Keyboard,4.0,2024-04-07,East,247.67,990.68,High
4215,1942,Headphones,5.0,2025-06-03,East,189.31,946.55,High
4216,1337,Monitor,1.0,2023-09-03,North,678.67,678.67,High
4217,2337,Keyboard,4.0,2025-03-08,South,51.96,207.84,High
4218,2098,Phone,1.0,2025-05-19,North,1319.87,1319.87,High
4219,4000,Mouse,4.0,2025-12-26,West,168.71,674.84,High
4220,3326,Monitor,2.0,2025-12-09,East,1659.15,3318.3,High
4221,4247,SSD,5.0,2025-03-26,North,542.31,2711.5499999999997,High
4222,1895,Keyboard,5.0,2024-05-29,South,240.15,1200.75,High
4223,4733,Laptop,1.0,2023-08-14,South,2071.97,2071.97,High
4224,3320,Phone,2.0,2024-07-31,South,1455.38,2910.76,High
4225,3884,Monitor,3.0,2024-05-20,East,508.89,1526.67,High
4226,3667,Laptop,5.0,2023-06-04,East,2108.15,10540.75,High
4227,2674,Mouse,2.0,2023-04-21,East,111.35,222.7,High
4228,3909,SSD,2.0,2024-04-27,West,312.0,624.0,High
4229,4854,Phone,1.0,2025-03-18,East,1749.49,1749.49,High
4230,4930,Headphones,2.0,2023-10-01,East,133.08,266.16,High
4231,1930,SSD,2.0,2023-06-04,East,414.74,829.48,High
4232,1288,Laptop,3.0,2025-11-08,East,2195.01,6585.030000000001,High
4233,1723,Keyboard,1.0,2023-12-11,West,155.92,155.92,High
4234,3940,Webcam,1.0,2025-01-04,East,192.75,192.75,High
4235,3319,Monitor,2.0,2024-07-22,North,835.92,1671.84,High
4237,2089,Laptop,4.0,2024-10-06,East,2001.57,8006.28,High
4238,1482,Headphones,5.0,2023-12-04,North,262.05,1310.25,High
4239,1935,Webcam,1.0,2024-03-27,East,105.09,105.09,High
4240,3295,Monitor,3.0,2023-12-10,South,1881.95,5645.85,High
4241,1155,Monitor,3.0,2024-12-17,West,611.5,1834.5,High
4242,2070,Laptop,2.0,2024-09-22,West,4859.32,9718.64,High
4243,2958,Headphones,5.0,2025-02-03,North,345.71,1728.55,High
4244,3501,Mouse,1.0,2023-03-26,West,117.24,117.24,High
4245,3248,Webcam,4.0,2025-01-06,East,332.2,1328.8,High
4246,2683,Mouse,2.0,2024-10-21,East,148.21,296.42,High
4247,1123,Phone,1.0,2023-08-15,South,1203.0,1203.0,High
4248,3048,Laptop,1.0,2023-04-19,North,2076.4,2076.4,High
4249,1967,Webcam,3.0,2023-05-15,South,329.1,987.3000000000001,High
4250,4830,Phone,5.0,2025-07-26,North,1020.56,5102.799999999999,High
4251,1854,SSD,4.0,2023-10-18,East,419.27,1677.08,High
4252,1639,Mouse,5.0,2025-04-01,West,190.25,951.25,High
4253,3238,SSD,3.0,2025-11-18,West,397.25,1191.75,High
4254,2602,SSD,4.0,2024-01-29,North,278.51,1114.04,High
4255,3563,Webcam,4.0,2023-01-27,North,137.22,548.88,High
4256,1441,Monitor,2.0,2023-01-13,West,540.42,1080.84,High
4257,2944,Phone,4.0,2024-07-07,South,1859.52,7438.08,High
4258,2838,SSD,1.0,2025-07-21,West,401.1,401.1,High
4259,2829,Headphones,5.0,2024-03-20,East,330.86,1654.3000000000002,High
4260,3190,Keyboard,5.0,2023-08-12,East,98.44,492.2,High
4261,4262,Mouse,2.0,2023-01-21,North,70.23,140.46,High
4262,1532,Mouse,4.0,2024-04-11,North,192.95,771.8,High
4263,3274,Headphones,3.0,2024-10-14,South,110.2,330.6,High
4264,2336,Webcam,1.0,2024-09-09,North,196.3,196.3,High
4265,4700,Webcam,2.0,2025-02-18,East,92.42,184.84,High
4266,1948,Webcam,4.0,2024-04-02,South,141.3,565.2,High
4267,4373,Phone,3.0,2024-10-01,East,2386.33,7158.99,High
4268,4725,Laptop,4.0,2024-10-24,West,2448.69,9794.76,High
4269,3019,SSD,2.0,2025-08-18,South,420.35,840.7,High
4270,1459,Monitor,3.0,2023-06-29,East,1020.42,3061.2599999999998,High
4271,4472,Keyboard,3.0,2024-06-21,West,208.26,624.78,High
4272,1550,Laptop,3.0,2024-06-10,South,4556.43,13669.29,High
4273,1392,Laptop,3.0,2023-01-22,North,2859.63,8578.89,High
4274,4938,Headphones,4.0,2024-07-30,East,139.31,557.24,High
4275,2787,Phone,3.0,2025-02-01,East,1147.11,3441.33,High
4276,1844,Mouse,4.0,2025-07-10,East,104.65,418.6,High
4277,4278,Mouse,3.0,2025-11-10,North,117.56,352.68,High
4278,3257,Headphones,3.0,2025-01-14,North,570.95,1712.8500000000001,High
4279,2138,Phone,2.0,2024-11-02,South,827.37,1654.74,High
4280,4808,Headphones,4.0,2024-09-28,North,478.81,1915.24,High
4281,1645,Mouse,4.0,2025-10-20,East,42.33,169.32,High
4282,4322,Laptop,5.0,2023-06-01,East,2233.77,11168.85,High
4283,3266,Monitor,2.0,2023-01-13,East,1481.2,2962.4,High
4284,3454,SSD,4.0,2024-12-15,North,559.02,2236.08,High
4285,2466,Webcam,2.0,2025-06-24,North,172.06,344.12,High
4286,4674,Phone,2.0,2023-09-06,East,1257.82,2515.64,High
4287,2377,SSD,2.0,2024-01-22,East,427.97,855.94,High
4288,3935,Keyboard,1.0,2024-03-14,West,244.07,244.07,High
4289,3605,Keyboard,4.0,2023-10-27,South,267.24,1068.96,High
4290,3597,Laptop,2.0,2024-12-21,East,2749.12,5498.24,High
4291,1141,Headphones,1.0,2024-04-17,East,470.1,470.1,High
4292,3659,Headphones,1.0,2025-10-03,West,253.61,253.61,High
4293,1500,Mouse,3.0,2024-09-24,West,122.62,367.86,High
4294,1839,Laptop,3.0,2024-02-25,West,2572.56,7717.68,High
4295,3749,Mouse,4.0,2025-08-13,West,54.82,219.28,High
4296,4618,Mouse,3.0,2025-08-30,East,189.0,567.0,High
4297,2682,Keyboard,4.0,2023-01-24,North,186.8,747.2,High
4298,2565,Mouse,1.0,2024-06-21,East,30.78,30.78,Low
4299,3046,SSD,1.0,2025-02-15,North,507.05,507.05,High
4301,2530,Mouse,3.0,2024-06-23,East,85.4,256.20000000000005,High
4302,1595,Keyboard,3.0,2025-06-21,East,165.99,497.97,High
4303,2904,Webcam,4.0,2024-02-25,East,223.96,895.84,High
4304,1280,Headphones,5.0,2024-04-28,South,237.38,1186.9,High
4305,1423,Phone,3.0,2025-10-25,East,2466.95,7400.849999999999,High
4306,3903,Monitor,2.0,2023-06-06,West,1315.83,2631.66,High
4307,1269,Mouse,3.0,2023-02-21,East,182.54,547.62,High
4308,1153,SSD,5.0,2023-08-31,East,413.41,2067.05,High
4309,3661,Webcam,1.0,2025-02-12,East,300.86,300.86,High
4310,2750,Phone,1.0,2024-02-24,West,850.22,850.22,High
4311,1661,Keyboard,1.0,2024-02-29,South,177.95,177.95,High
4312,2967,Phone,3.0,2023-03-21,North,2026.17,6078.51,High
4313,1082,Monitor,1.0,2024-11-25,South,682.79,682.79,High
4314,4693,SSD,5.0,2023-12-20,South,455.25,2276.25,High
4315,3994,Phone,5.0,2023-10-20,North,943.26,4716.3,High
4316,3946,SSD,3.0,2024-12-17,East,513.16,1539.48,High
4317,2449,Webcam,2.0,2024-06-12,South,392.89,785.78,High
4318,2298,Phone,3.0,2024-04-24,North,1865.45,5596.35,High
4319,4784,SSD,1.0,2024-04-21,North,184.69,184.69,High
4320,3331,Phone,3.0,2023-01-25,West,1797.48,5392.4400000000005,High
4321,1979,Phone,5.0,2024-03-06,East,2059.47,10297.349999999999,High
4322,3220,Laptop,3.0,2023-11-13,South,4799.29,14397.869999999999,High
4323,4398,Mouse,3.0,2024-09-29,South,37.73,113.19,High
4324,4789,Keyboard,2.0,2023-12-24,South,243.76,487.52,High
4325,4134,Monitor,5.0,2024-11-20,East,698.87,3494.35,High
4326,4144,Keyboard,4.0,2023-12-10,East,247.65,990.6,High
4327,3810,Laptop,4.0,2024-07-12,West,4666.13,18664.52,High
4328,2659,Laptop,5.0,2024-12-12,East,4583.73,22918.649999999998,High
4329,2398,Webcam,4.0,2024-07-16,West,288.92,1155.68,High
4330,1632,Laptop,1.0,2024-03-14,North,3502.3,3502.3,High
4331,2531,Mouse,4.0,2025-11-10,West,178.68,714.72,High
4332,1786,Laptop,1.0,2023-05-23,East,3557.21,3557.21,High
4333,3990,Phone,5.0,2025-05-17,North,1123.19,5615.950000000001,High
4334,4059,Keyboard,4.0,2023-12-19,North,285.71,1142.84,High
4335,1397,Headphones,4.0,2025-10-13,East,286.65,1146.6,High
4336,2143,Monitor,1.0,2024-04-12,North,1436.52,1436.52,High
4338,2460,Keyboard,3.0,2025-07-07,East,77.63,232.89,High
4339,2852,Webcam,2.0,2025-12-17,South,256.33,512.66,High
4340,3723,Laptop,4.0,2025-04-20,North,3663.78,14655.12,High
4341,3983,Mouse,2.0,2025-05-27,West,92.86,185.72,High
4342,3512,Laptop,2.0,2023-02-21,North,2935.22,5870.44,High
4343,1285,Laptop,4.0,2025-10-08,North,3122.52,12490.08,High
4344,1264,SSD,1.0,2025-03-24,South,507.82,507.82,High
4345,3367,SSD,3.0,2023-09-26,West,310.98,932.94,High
4346,3720,Laptop,5.0,2023-04-06,East,4764.12,23820.6,High
4347,4447,Webcam,4.0,2023-09-30,South,116.15,464.6,High
4348,3867,SSD,4.0,2023-05-13,South,569.21,2276.84,High
4349,3136,Laptop,5.0,2025-07-16,South,4068.64,20343.2,High
4350,2677,Monitor,2.0,2023-03-30,North,1016.53,2033.06,High
4351,2226,Keyboard,3.0,2024-11-15,East,51.71,155.13,High
4352,1820,SSD,2.0,2025-04-03,North,511.09,1022.18,High
4353,2762,SSD,5.0,2023-01-05,East,586.2,2931.0,High
4354,4048,Mouse,5.0,2023-12-23,East,197.01,985.05,High
4356,3269,Laptop,5.0,2024-04-15,West,2211.51,11057.550000000001,High
4357,1040,Laptop,5.0,2024-04-08,South,2941.26,14706.300000000001,High
4358,2731,Laptop,3.0,2024-05-11,North,2929.22,8787.66,High
4359,1067,SSD,4.0,2024-12-02,West,196.07,784.28,High
4361,2799,Phone,4.0,2023-03-04,North,1827.78,7311.12,High
4362,3561,Headphones,4.0,2023-08-27,South,464.41,1857.64,High
4363,4944,Laptop,2.0,2024-06-23,North,2153.04,4306.08,High
4364,4708,Headphones,4.0,2023-07-17,West,237.7,950.8,High
4365,4693,Monitor,3.0,2025-02-19,North,1032.81,3098.43,High
4366,2621,Headphones,2.0,2023-01-30,North,546.12,1092.24,High
4367,2655,Keyboard,1.0,2024-10-27,West,275.35,275.35,High
4368,4198,Phone,4.0,2025-12-22,North,1241.95,4967.8,High
4369,2278,Phone,5.0,2025-12-16,West,1628.46,8142.3,High
4370,1694,Laptop,2.0,2024-08-22,South,3274.27,6548.54,High
4371,4087,SSD,1.0,2025-10-14,North,387.02,387.02,High
4372,3524,Laptop,5.0,2024-09-11,North,2858.34,14291.7,High
4373,2085,Monitor,1.0,2025-12-05,North,1194.38,1194.38,High
4374,3928,Mouse,4.0,2023-03-18,South,54.71,218.84,High
4375,3479,Monitor,5.0,2024-12-29,North,1564.33,7821.65,High
4376,2693,Keyboard,4.0,2025-03-24,East,142.44,569.76,High
4377,3315,Laptop,5.0,2024-12-08,South,3627.25,18136.25,High
4378,2058,Laptop,2.0,2023-09-25,South,3813.8,7627.6,High
4379,1778,Monitor,3.0,2025-02-03,North,1754.79,5264.37,High
4380,4647,Monitor,3.0,2024-08-07,East,622.64,1867.92,High
4381,1493,Monitor,1.0,2024-02-23,North,1224.11,1224.11,High
4382,2585,Phone,5.0,2025-05-19,North,2319.92,11599.6,High
4383,2492,Headphones,4.0,2025-12-17,West,264.9,1059.6,High
4384,2790,Headphones,2.0,2024-01-19,South,322.26,644.52,High
4385,1660,Laptop,2.0,2025-03-13,North,2255.22,4510.44,High
4386,2348,Phone,2.0,2024-05-24,North,2076.14,4152.28,High
4388,2299,Laptop,4.0,2024-07-31,East,3892.93,15571.72,High
4389,4940,Phone,2.0,2025-07-28,North,1436.22,2872.44,High
4390,2986,Keyboard,2.0,2025-11-15,South,134.54,269.08,High
4391,4755,Mouse,1.0,2024-08-11,South,129.54,129.54,High
4392,4060,Phone,5.0,2025-03-08,West,1765.04,8825.2,High
4393,3044,Webcam,5.0,2024-01-07,North,209.74,1048.7,High
4394,4272,Laptop,5.0,2025-07-16,East,2835.03,14175.150000000001,High
4395,4516,SSD,1.0,2025-11-25,North,378.68,378.68,High
4396,2928,Headphones,3.0,2025-11-08,East,233.55,700.6500000000001,High
4397,2347,Webcam,1.0,2023-05-20,East,112.85,112.85,High
4398,2058,Monitor,2.0,2023-03-08,North,1698.73,3397.46,High
4399,1976,Mouse,4.0,2025-10-11,South,149.39,597.56,High
4400,1481,SSD,2.0,2023-09-18,South,187.96,375.92,High
4401,1727,Keyboard,2.0,2025-08-31,South,90.65,181.3,High
4402,3527,SSD,4.0,2024-09-18,North,195.08,780.32,High
4403,4136,Mouse,5.0,2024-08-01,North,164.42,822.0999999999999,High
4404,2031,SSD,1.0,2025-10-18,North,497.79,497.79,High
4405,4372,Mouse,3.0,2024-09-30,North,99.37,298.11,High
4406,1342,Phone,2.0,2024-02-14,East,2196.38,4392.76,High
4407,4502,Laptop,2.0,2025-04-12,North,4921.88,9843.76,High
4408,2447,SSD,3.0,2023-04-23,North,586.71,1760.13,High
4409,3379,SSD,1.0,2024-09-14,East,591.39,591.39,High
4410,3485,Laptop,2.0,2025-03-31,East,4539.15,9078.3,High
4411,4659,Mouse,3.0,2025-04-19,West,66.89,200.67000000000002,High
4412,3221,Monitor,2.0,2023-07-08,West,586.13,1172.26,High
4413,3606,Laptop,5.0,2023-10-04,East,4434.98,22174.899999999998,High
4414,1526,Mouse,5.0,2023-04-13,North,82.45,412.25,High
4415,2896,Laptop,2.0,2023-04-17,East,3013.26,6026.52,High
4416,1658,Monitor,2.0,2025-01-26,East,609.49,1218.98,High
4417,3073,Keyboard,5.0,2023-06-22,East,228.68,1143.4,High
4418,1819,Webcam,2.0,2025-09-25,North,217.84,435.68,High
4419,3652,Mouse,1.0,2024-12-22,East,64.73,64.73,Low
4420,1405,Headphones,1.0,2025-04-10,East,426.23,426.23,High
4421,3279,Headphones,4.0,2023-08-13,South,589.94,2359.76,High
4422,3580,Mouse,1.0,2023-05-14,East,114.73,114.73,High
4423,4890,Phone,2.0,2025-11-26,North,1830.83,3661.66,High
4424,2573,Keyboard,2.0,2023-04-03,East,90.71,181.42,High
4425,2811,Phone,3.0,2023-03-16,East,1073.63,3220.8900000000003,High
4426,1504,Webcam,1.0,2025-01-25,North,226.64,226.64,High
4427,4740,Headphones,5.0,2023-07-02,West,522.38,2611.9,High
4428,1178,Monitor,5.0,2024-12-17,West,1863.73,9318.65,High
4429,1131,Mouse,4.0,2024-04-03,North,139.1,556.4,High
4430,2846,Webcam,3.0,2024-09-18,North,195.37,586.11,High
4431,2478,SSD,5.0,2024-02-13,East,487.52,2437.6,High
4432,3395,SSD,4.0,2023-07-26,South,281.37,1125.48,High
4433,3587,Laptop,1.0,2024-11-03,South,2658.66,2658.66,High
4434,1771,Headphones,3.0,2025-10-09,East,497.71,1493.1299999999999,High
4435,2429,Keyboard,3.0,2025-01-17,West,237.83,713.49,High
4436,3123,Headphones,2.0,2023-09-30,South,541.05,1082.1,High
4437,1578,Keyboard,1.0,2024-01-14,North,194.12,194.12,High
4438,3901,Keyboard,3.0,2024-09-17,East,274.18,822.54,High
4439,2515,Mouse,4.0,2024-10-25,East,34.5,138.0,High
4440,1193,Keyboard,5.0,2025-11-15,West,113.43,567.1500000000001,High
4441,3007,Phone,1.0,2024-11-10,North,2167.57,2167.57,High
4442,2185,SSD,1.0,2024-06-27,East,340.65,340.65,High
4443,3394,Webcam,3.0,2025-01-02,South,156.6,469.79999999999995,High
4444,3998,Monitor,3.0,2023-04-01,East,1694.21,5082.63,High
4445,2384,Headphones,3.0,2024-04-20,North,511.13,1533.3899999999999,High
4446,2792,Monitor,4.0,2024-12-26,West,1184.38,4737.52,High
4447,4655,Webcam,2.0,2024-06-17,East,229.31,458.62,High
4448,2110,Laptop,3.0,2024-11-28,West,4342.81,13028.43,High
4449,4333,Webcam,2.0,2025-05-29,South,326.83,653.66,High
4450,3261,Headphones,2.0,2023-03-26,East,533.28,1066.56,High
4451,4736,SSD,1.0,2024-08-14,West,440.49,440.49,High
4452,4793,Monitor,5.0,2025-04-20,West,778.84,3894.2000000000003,High
4453,2936,Monitor,5.0,2023-03-18,West,1324.57,6622.849999999999,High
4454,3620,Mouse,4.0,2023-11-26,North,95.01,380.04,High
4455,1779,Mouse,4.0,2024-01-18,South,34.6,138.4,High
4456,1261,Webcam,5.0,2024-01-12,North,142.88,714.4,High
4457,1729,Webcam,5.0,2023-12-07,South,145.79,728.9499999999999,High
4458,1282,Laptop,1.0,2024-02-28,North,2247.01,2247.01,High
4459,4719,Keyboard,1.0,2023-06-23,East,163.33,163.33,High
4460,2490,Headphones,5.0,2024-02-10,East,354.02,1770.1,High
4461,4451,Mouse,3.0,2023-03-23,East,87.8,263.4,High
4462,1361,Headphones,3.0,2023-01-21,East,306.18,918.54,High
4463,4520,Laptop,1.0,2024-11-21,North,3648.48,3648.48,High
4464,1440,Mouse,2.0,2025-10-06,West,50.48,100.96,High
4465,3140,Mouse,5.0,2024-02-02,North,125.59,627.95,High
4466,2644,Keyboard,4.0,2023-11-26,South,227.48,909.92,High
4467,3800,Headphones,3.0,2023-08-13,South,537.38,1612.1399999999999,High
4468,1866,SSD,2.0,2025-02-19,West,285.71,571.42,High
4469,2447,Headphones,3.0,2025-06-12,West,473.7,1421.1,High
4470,1141,Headphones,2.0,2024-03-13,North,403.01,806.02,High
4471,2314,Keyboard,5.0,2023-08-11,North,175.7,878.5,High
4472,2455,Mouse,5.0,2024-05-23,East,186.32,931.5999999999999,High
4473,3796,Laptop,5.0,2024-09-08,East,3860.02,19300.1,High
4474,2875,Headphones,1.0,2025-12-01,East,283.03,283.03,High
4475,2847,Monitor,2.0,2025-08-16,North,1569.4,3138.8,High
4476,2712,SSD,4.0,2024-08-26,East,581.94,2327.76,High
4477,3700,SSD,4.0,2025-10-31,North,563.18,2252.72,High
4478,1700,Keyboard,5.0,2023-06-01,South,295.07,1475.35,High
4479,1997,Phone,4.0,2023-07-08,North,961.64,3846.56,High
4480,3096,Laptop,3.0,2025-08-17,West,3330.33,9990.99,High
4481,2325,Monitor,2.0,2024-11-06,North,1149.03,2298.06,High
4482,1880,Headphones,2.0,2024-09-29,East,291.91,583.82,High
4483,2213,Phone,2.0,2023-07-30,North,1103.43,2206.86,High
4484,2159,Laptop,3.0,2023-12-05,South,4496.6,13489.800000000001,High
4485,1554,Keyboard,1.0,2023-02-16,West,218.27,218.27,High
4486,1403,Phone,3.0,2025-03-30,North,1830.18,5490.54,High
4487,1891,Mouse,2.0,2025-09-01,West,105.97,211.94,High
4488,3912,Webcam,2.0,2025-12-16,West,204.33,408.66,High
4489,1601,Phone,2.0,2025-04-16,East,2136.99,4273.98,High
4490,2830,Webcam,4.0,2025-08-09,North,248.59,994.36,High
4491,1340,SSD,1.0,2024-08-20,West,423.44,423.44,High
4492,4828,Monitor,3.0,2023-06-19,West,650.0,1950.0,High
4493,2968,Laptop,2.0,2025-04-18,West,3414.45,6828.9,High
4494,1703,Monitor,5.0,2025-11-22,West,695.47,3477.3500000000004,High
4495,1317,Monitor,1.0,2025-03-06,South,580.75,580.75,High
4496,3665,Headphones,5.0,2025-08-16,East,444.65,2223.25,High
4497,2386,Keyboard,1.0,2025-03-25,South,118.7,118.7,High
4498,4893,Phone,2.0,2023-12-08,South,2440.59,4881.18,High
4499,3429,Laptop,1.0,2023-02-17,East,3816.5,3816.5,High
4500,3280,SSD,1.0,2023-12-30,East,440.32,440.32,High
4501,2800,Mouse,2.0,2024-12-25,East,63.46,126.92,High
4502,2367,Keyboard,5.0,2023-05-18,West,82.22,411.1,High
4503,2572,Keyboard,5.0,2023-12-21,North,181.35,906.75,High
4504,1816,Laptop,4.0,2025-12-29,South,4776.68,19106.72,High
4505,1552,Keyboard,5.0,2025-03-21,South,63.94,319.7,High
4506,4600,Headphones,5.0,2024-12-12,North,354.09,1770.4499999999998,High
4507,1855,Keyboard,1.0,2023-02-28,South,99.68,99.68,Low
4508,2812,SSD,4.0,2025-02-09,West,501.89,2007.56,High
4511,1182,Phone,3.0,2025-05-18,South,1847.77,5543.3099999999995,High
4512,4112,Phone,4.0,2023-12-05,East,2472.12,9888.48,High
4513,2574,Monitor,1.0,2025-01-26,South,1292.21,1292.21,High
4514,1396,SSD,3.0,2024-08-18,East,278.45,835.3499999999999,High
4515,2727,Headphones,3.0,2024-03-11,North,176.07,528.21,High
4516,3826,Mouse,2.0,2024-01-12,South,198.24,396.48,High
4517,2517,Phone,5.0,2024-01-26,East,1758.49,8792.45,High
4518,4730,Keyboard,1.0,2024-04-25,East,143.67,143.67,High
4519,1906,Laptop,4.0,2025-03-31,North,2642.95,10571.8,High
4520,2356,Laptop,3.0,2023-04-24,West,4850.6,14551.800000000001,High
4521,3174,Webcam,1.0,2025-02-12,North,280.65,280.65,High
4522,4629,SSD,2.0,2023-06-21,North,175.95,351.9,High
4523,4628,Headphones,3.0,2023-01-18,East,129.72,389.15999999999997,High
4524,1000,Mouse,3.0,2023-08-23,East,189.7,569.0999999999999,High
4525,4239,Monitor,2.0,2024-12-23,North,1565.15,3130.3,High
4526,4691,Keyboard,2.0,2023-10-08,East,75.86,151.72,High
4527,1018,Headphones,2.0,2025-04-10,North,411.88,823.76,High
4528,4403,Webcam,1.0,2024-02-22,West,214.22,214.22,High
4529,1583,Laptop,1.0,2023-10-11,East,4366.11,4366.11,High
4530,1455,Headphones,1.0,2024-08-07,North,236.86,236.86,High
4531,4004,Keyboard,5.0,2024-09-13,North,145.71,728.5500000000001,High
4532,3036,Mouse,3.0,2023-08-09,East,58.46,175.38,High
4533,2132,SSD,1.0,2023-01-09,East,263.62,263.62,High
4534,4339,Mouse,5.0,2025-04-11,West,62.16,310.79999999999995,High
4535,3492,Phone,3.0,2024-01-10,West,841.31,2523.93,High
4536,4311,Keyboard,1.0,2024-06-17,South,61.54,61.54,Low
4537,2952,Webcam,2.0,2024-12-02,West,347.4,694.8,High
4538,4372,Phone,4.0,2025-04-11,East,2166.47,8665.88,High
4539,3649,Phone,1.0,2025-02-15,South,1039.23,1039.23,High
4540,3150,Phone,4.0,2025-07-28,East,1935.42,7741.68,High
4541,1987,Headphones,1.0,2024-03-22,North,472.82,472.82,High
4542,4321,Webcam,2.0,2024-11-10,North,96.41,192.82,High
4543,4524,Laptop,4.0,2023-12-10,West,2265.63,9062.52,High
4544,1519,Mouse,5.0,2024-02-29,East,125.71,628.55,High
4545,4224,SSD,2.0,2024-09-16,West,318.37,636.74,High
4546,1858,Headphones,4.0,2023-11-02,North,449.7,1798.8,High
4547,1173,Laptop,4.0,2023-05-28,South,3673.06,14692.24,High
4548,2366,Mouse,2.0,2025-04-28,South,35.27,70.54,Low
4549,4741,SSD,2.0,2025-01-01,South,457.66,915.32,High
4550,4052,Webcam,2.0,2024-03-29,West,145.25,290.5,High
4551,3478,SSD,3.0,2025-07-26,South,290.67,872.01,High
4552,1726,Webcam,5.0,2023-02-02,East,315.64,1578.1999999999998,High
4553,4760,Keyboard,1.0,2025-09-10,East,242.81,242.81,High
4554,2710,SSD,4.0,2024-01-26,East,305.62,1222.48,High
4555,2875,Mouse,1.0,2023-12-23,East,45.17,45.17,Low
4556,3897,Mouse,2.0,2024-07-26,East,160.84,321.68,High
4557,2681,Webcam,5.0,2024-04-08,East,358.47,1792.3500000000001,High
4558,2347,Mouse,5.0,2025-07-18,North,193.93,969.6500000000001,High
4559,1989,Monitor,3.0,2023-04-09,West,976.74,2930.2200000000003,High
4560,4744,Keyboard,2.0,2023-05-28,West,80.96,161.92,High
4561,3686,Headphones,4.0,2024-07-23,South,568.83,2275.32,High
4562,1419,SSD,3.0,2024-12-27,East,329.89,989.67,High
4563,1593,Headphones,2.0,2025-09-28,East,146.77,293.54,High
4564,3532,Laptop,3.0,2023-10-30,West,3496.34,10489.02,High
4565,4730,Headphones,1.0,2023-01-04,North,195.26,195.26,High
4566,2774,Phone,2.0,2025-02-16,East,1403.97,2807.94,High
4567,3459,Mouse,4.0,2023-04-17,North,84.46,337.84,High
4568,1935,Headphones,4.0,2023-03-16,North,593.64,2374.56,High
4570,2136,Laptop,3.0,2024-09-30,West,3475.41,10426.23,High
4571,4808,Phone,5.0,2024-11-25,East,1673.38,8366.900000000001,High
4572,1331,Laptop,2.0,2023-03-14,East,3812.27,7624.54,High
4573,4449,Webcam,4.0,2024-07-05,East,359.28,1437.12,High
4574,4826,Monitor,1.0,2025-09-03,West,718.97,718.97,High
4575,3702,Webcam,4.0,2023-04-06,South,271.88,1087.52,High
4576,3088,Mouse,5.0,2025-06-02,North,84.77,423.84999999999997,High
4577,2793,Mouse,4.0,2023-10-04,West,127.14,508.56,High
4578,1958,Mouse,5.0,2023-09-16,South,118.01,590.0500000000001,High
4579,4868,Keyboard,2.0,2023-02-15,North,57.48,114.96,High
4580,1104,Headphones,4.0,2023-12-12,East,391.23,1564.92,High
4581,1201,Monitor,3.0,2025-04-26,East,1563.82,4691.46,High
4582,3497,Headphones,3.0,2025-06-13,South,223.0,669.0,High
4583,2842,Monitor,4.0,2025-12-12,West,660.3,2641.2,High
4584,2866,Headphones,4.0,2023-08-21,North,205.82,823.28,High
4585,2996,Phone,1.0,2023-02-20,North,1881.9,1881.9,High
4586,2289,SSD,4.0,2024-10-26,South,360.96,1443.84,High
4587,1909,Webcam,1.0,2024-03-26,North,356.9,356.9,High
4588,1209,Laptop,1.0,2023-12-17,East,2854.97,2854.97,High
4589,1562,Laptop,1.0,2024-10-10,South,3095.29,3095.29,High
4590,4189,Webcam,1.0,2025-05-27,West,248.98,248.98,High
4591,3760,Phone,2.0,2024-08-05,East,1582.03,3164.06,High
4592,4448,Monitor,3.0,2023-09-02,South,1321.64,3964.92,High
4593,4622,Webcam,1.0,2024-07-03,North,179.87,179.87,High
4594,2563,Keyboard,3.0,2024-12-28,South,91.67,275.01,High
4595,1770,Monitor,1.0,2024-09-30,East,1704.97,1704.97,High
4596,4155,Laptop,3.0,2024-08-06,North,2117.89,6353.67,High
4597,3501,Keyboard,4.0,2023-08-14,East,142.43,569.72,High
4599,1628,Keyboard,3.0,2024-03-16,West,234.08,702.24,High
4600,4585,Monitor,1.0,2024-02-16,East,1048.27,1048.27,High
4601,2628,Phone,2.0,2025-03-24,West,851.08,1702.16,High
4602,2701,Headphones,3.0,2023-09-03,East,137.94,413.82,High
4603,1386,Monitor,5.0,2024-08-05,East,797.9,3989.5,High
4604,2935,Headphones,2.0,2024-05-14,East,493.46,986.92,High
4605,4421,Keyboard,5.0,2025-09-08,West,249.8,1249.0,High
4606,3343,Laptop,3.0,2024-07-03,East,4989.84,14969.52,High
4607,3305,Monitor,1.0,2023-04-27,East,861.38,861.38,High
4608,2104,SSD,5.0,2023-07-23,North,177.2,886.0,High
4609,1267,Phone,3.0,2023-12-17,North,1281.32,3843.96,High
4610,3466,SSD,2.0,2023-11-15,North,230.47,460.94,High
4611,3282,SSD,1.0,2025-07-28,East,469.67,469.67,High
4612,2856,Webcam,5.0,2024-05-03,North,390.16,1950.8000000000002,High
4613,4382,Keyboard,3.0,2023-04-17,East,118.26,354.78000000000003,High
4614,4884,Monitor,1.0,2024-10-15,South,992.95,992.95,High
4615,2998,Phone,1.0,2023-06-21,North,1396.9,1396.9,High
4616,4033,Monitor,4.0,2024-06-02,South,1785.43,7141.72,High
4617,2380,Keyboard,1.0,2025-08-15,South,194.5,194.5,High
4618,2236,Monitor,3.0,2025-03-23,East,1960.96,5882.88,High
4619,1573,Headphones,2.0,2024-06-11,South,413.58,827.16,High
4620,1048,Keyboard,4.0,2023-11-16,North,226.47,905.88,High
4621,2150,Monitor,3.0,2025-11-26,West,633.75,1901.25,High
4622,1222,Webcam,3.0,2024-05-13,South,384.54,1153.6200000000001,High
4623,3968,Laptop,3.0,2023-09-22,South,3884.17,11652.51,High
4624,4350,Monitor,5.0,2025-06-26,West,1280.27,6401.35,High
4625,2431,Headphones,5.0,2024-02-06,North,293.7,1468.5,High
4626,2528,Phone,2.0,2025-09-13,South,930.99,1861.98,High
4627,4365,Webcam,3.0,2024-08-24,South,122.67,368.01,High
4628,2819,Phone,5.0,2025-08-09,South,819.88,4099.4,High
4629,3324,SSD,5.0,2023-08-06,North,599.41,2997.0499999999997,High
4630,2461,Webcam,5.0,2023-11-26,North,331.61,1658.0500000000002,High
4631,2130,Phone,2.0,2023-07-05,South,2155.67,4311.34,High
4632,2681,Laptop,2.0,2023-07-28,North,4190.27,8380.54,High
4633,3467,Headphones,3.0,2023-10-15,North,342.05,1026.15,High
4634,3658,SSD,4.0,2023-03-29,North,189.69,758.76,High
4635,4500,Keyboard,3.0,2025-09-29,South,68.07,204.20999999999998,High
4636,1374,Phone,5.0,2023-05-16,North,2357.84,11789.2,High
4637,3120,Webcam,5.0,2023-06-07,East,80.1,400.5,High
4638,3021,Headphones,1.0,2025-03-04,West,449.55,449.55,High
4639,4705,Monitor,3.0,2025-07-08,East,1442.87,4328.61,High
4640,2053,Laptop,5.0,2023-06-04,West,3503.68,17518.399999999998,High
4641,4259,Headphones,5.0,2023-08-08,East,587.48,2937.4,High
4642,4435,Headphones,4.0,2023-11-18,East,199.06,796.24,High
4643,2889,Keyboard,1.0,2024-11-21,North,246.32,246.32,High
4644,2823,Headphones,3.0,2025-04-20,North,437.42,1312.26,High
4645,2474,Keyboard,2.0,2024-05-26,South,293.61,587.22,High
4646,3242,Laptop,3.0,2023-03-28,North,4802.22,14406.66,High
4647,2179,Laptop,3.0,2023-10-02,West,2385.71,7157.13,High
4648,4243,Monitor,4.0,2023-05-21,West,961.57,3846.28,High
4649,3894,Keyboard,3.0,2024-09-16,North,262.7,788.0999999999999,High
4650,2064,Keyboard,4.0,2025-07-04,East,107.17,428.68,High
4651,4134,Phone,4.0,2023-12-19,South,1443.52,5774.08,High
4652,3070,Phone,5.0,2025-10-25,East,1864.14,9320.7,High
4653,1359,Monitor,2.0,2024-01-17,East,1344.37,2688.74,High
4654,4146,Laptop,4.0,2024-04-19,North,3921.82,15687.28,High
4655,3607,Mouse,1.0,2025-07-16,East,151.29,151.29,High
4656,3719,Phone,1.0,2023-01-30,East,2038.91,2038.91,High
4657,3041,Headphones,2.0,2025-07-10,East,468.78,937.56,High
4658,4896,Laptop,4.0,2024-08-16,South,4975.03,19900.12,High
4659,2141,Mouse,2.0,2024-05-07,West,90.62,181.24,High
4660,2635,SSD,5.0,2024-05-09,West,169.88,849.4,High
4661,2403,Headphones,1.0,2024-01-23,East,274.43,274.43,High
4662,2943,Webcam,3.0,2025-05-22,North,371.7,1115.1,High
4663,1678,Keyboard,1.0,2025-04-14,South,70.85,70.85,Low
4664,4361,Laptop,4.0,2024-09-21,East,3940.83,15763.32,High
4665,3487,Webcam,2.0,2025-07-27,North,215.41,430.82,High
4666,4739,Monitor,1.0,2023-01-30,South,1882.36,1882.36,High
4667,3980,Keyboard,3.0,2024-09-14,North,282.14,846.42,High
4668,1006,Keyboard,3.0,2025-03-17,South,246.31,738.9300000000001,High
4669,4267,Headphones,2.0,2023-12-08,North,149.26,298.52,High
4670,3468,Webcam,2.0,2025-09-27,North,87.91,175.82,High
4671,2591,Keyboard,1.0,2023-09-01,South,84.15,84.15,Low
4672,1832,Phone,4.0,2023-08-09,West,1347.1,5388.4,High
4673,4264,Laptop,5.0,2024-01-08,South,2724.3,13621.5,High
4674,3606,Phone,3.0,2024-06-14,South,1428.59,4285.7699999999995,High
4675,4219,Headphones,2.0,2023-08-03,East,171.54,343.08,High
4676,2810,Mouse,5.0,2024-01-02,North,157.93,789.6500000000001,High
4677,4740,SSD,5.0,2023-04-24,North,530.38,2651.9,High
4678,4273,Headphones,5.0,2023-01-25,North,343.98,1719.9,High
4679,4515,Laptop,4.0,2025-07-22,East,4869.58,19478.32,High
4680,1913,Keyboard,2.0,2024-09-02,East,80.09,160.18,High
4681,3011,Webcam,3.0,2025-05-07,North,113.86,341.58,High
4682,2442,Webcam,2.0,2025-10-23,East,144.13,288.26,High
4683,2450,Monitor,1.0,2025-06-16,West,1972.87,1972.87,High
4684,4054,Headphones,3.0,2025-02-11,North,308.25,924.75,High
4685,2502,Laptop,2.0,2024-03-20,East,4772.32,9544.64,High
4686,4546,Monitor,3.0,2023-01-20,South,803.01,2409.0299999999997,High
4687,1125,Keyboard,1.0,2025-03-16,East,261.53,261.53,High
4688,3442,Mouse,3.0,2023-05-08,East,82.7,248.10000000000002,High
4689,1816,Headphones,5.0,2023-12-24,East,467.2,2336.0,High
4690,3928,Mouse,4.0,2025-05-30,East,195.66,782.64,High
4691,2829,Laptop,1.0,2025-11-26,East,4799.07,4799.07,High
4692,1575,Mouse,3.0,2025-07-05,South,171.33,513.99,High
4693,3372,Mouse,1.0,2024-05-24,North,38.54,38.54,Low
4694,2415,Laptop,5.0,2024-03-19,East,3823.31,19116.55,High
4695,1929,Laptop,4.0,2025-02-17,North,4506.34,18025.36,High
4696,4759,Headphones,1.0,2023-09-09,South,299.66,299.66,High
4697,4699,Mouse,5.0,2025-11-20,North,154.3,771.5,High
4698,2463,Monitor,5.0,2024-02-25,South,707.17,3535.85,High
4699,4275,SSD,5.0,2023-03-02,South,229.54,1147.7,High
4700,4557,Laptop,3.0,2024-08-01,East,3931.13,11793.39,High
4701,1832,Keyboard,2.0,2024-08-01,North,159.28,318.56,High
4702,2054,Mouse,1.0,2024-10-01,East,67.1,67.1,Low
4703,4459,Laptop,2.0,2023-04-21,South,2848.62,5697.24,High
4704,2648,Monitor,5.0,2024-05-05,West,1428.38,7141.900000000001,High
4705,2900,Webcam,2.0,2023-02-03,South,312.12,624.24,High
4706,2457,Headphones,5.0,2023-07-31,West,203.81,1019.05,High
4707,3884,Mouse,5.0,2023-05-05,North,192.38,961.9,High
4708,3973,Webcam,4.0,2025-06-12,East,82.62,330.48,High
4709,2399,Laptop,4.0,2023-11-27,North,4100.19,16400.76,High
4710,4415,Laptop,2.0,2024-02-16,East,2873.0,5746.0,High
4711,1442,Keyboard,1.0,2025-07-22,North,169.63,169.63,High
4712,4650,Keyboard,2.0,2024-10-25,South,192.46,384.92,High
4713,3122,Mouse,1.0,2025-12-24,South,125.46,125.46,High
4714,1556,Webcam,2.0,2024-08-25,West,328.41,656.82,High
4715,4843,SSD,3.0,2023-01-26,North,520.72,1562.16,High
4716,4737,Webcam,3.0,2024-10-30,East,103.47,310.40999999999997,High
4717,2178,Laptop,1.0,2024-08-06,West,4109.03,4109.03,High
4718,4501,SSD,4.0,2025-12-03,North,329.58,1318.32,High
4719,3037,Mouse,1.0,2024-01-15,West,169.16,169.16,High
4720,1362,Laptop,2.0,2024-01-04,North,3826.67,7653.34,High
4721,3495,Keyboard,5.0,2023-07-28,West,52.56,262.8,High
4722,2257,Monitor,3.0,2025-11-02,West,1499.7,4499.1,High
4723,4634,Phone,5.0,2023-01-25,West,2373.71,11868.55,High
4724,2841,SSD,3.0,2024-06-29,South,187.39,562.17,High
4725,3309,Phone,2.0,2023-10-02,West,1640.19,3280.38,High
4726,2850,Laptop,3.0,2025-05-23,North,3877.56,11632.68,High
4727,3172,Webcam,1.0,2023-08-10,South,142.68,142.68,High
4728,1910,Keyboard,5.0,2025-11-26,South,212.67,1063.35,High
4729,1244,Headphones,5.0,2025-05-24,South,124.9,624.5,High
4730,1541,Headphones,2.0,2023-08-06,East,552.84,1105.68,High
4731,3532,Phone,5.0,2023-04-21,North,2096.51,10482.550000000001,High
4732,3169,Monitor,2.0,2025-03-26,West,1911.54,3823.08,High
4733,3172,Phone,4.0,2024-12-08,East,1511.32,6045.28,High
4734,2572,Laptop,1.0,2023-05-27,West,2102.61,2102.61,High
4735,3217,Monitor,3.0,2024-07-05,West,1012.3,3036.8999999999996,High
4736,1123,Headphones,3.0,2023-05-14,East,357.88,1073.6399999999999,High
4737,4940,Webcam,3.0,2024-04-08,North,379.48,1138.44,High
4738,4106,Keyboard,4.0,2025-05-13,East,270.77,1083.08,High
4739,4158,SSD,1.0,2024-03-31,South,417.33,417.33,High
4740,3693,Keyboard,5.0,2025-12-20,North,232.44,1162.2,High
4741,2731,Laptop,5.0,2025-10-25,South,4861.69,24308.449999999997,High
4742,1785,Phone,1.0,2025-11-26,East,2246.01,2246.01,High
4743,3043,Laptop,1.0,2024-04-04,North,3976.46,3976.46,High
4744,3248,SSD,3.0,2023-05-19,South,393.02,1179.06,High
4745,3416,Keyboard,5.0,2024-09-09,South,169.01,845.05,High
4746,1796,SSD,1.0,2024-11-10,North,490.47,490.47,High
4747,1076,Headphones,5.0,2025-08-18,East,504.39,2521.95,High
4748,1058,Keyboard,1.0,2024-08-21,East,104.41,104.41,High
4749,3478,Monitor,2.0,2024-08-18,West,1211.04,2422.08,High
4751,2523,SSD,1.0,2023-11-23,South,454.07,454.07,High
4752,2936,Webcam,4.0,2024-01-14,South,269.3,1077.2,High
4753,3156,Mouse,1.0,2023-08-19,West,85.03,85.03,Low
4754,4807,Keyboard,2.0,2024-09-09,South,202.3,404.6,High
4755,4055,Keyboard,4.0,2025-02-03,South,203.04,812.16,High
4756,2301,Webcam,4.0,2023-02-18,North,218.38,873.52,High
4757,1067,Mouse,1.0,2024-03-26,North,193.25,193.25,High
4758,4140,Monitor,2.0,2024-05-05,North,1479.68,2959.36,High
4760,4560,SSD,3.0,2025-12-10,East,208.03,624.09,High
4761,3352,SSD,3.0,2023-06-24,South,490.55,1471.65,High
4762,2932,Keyboard,5.0,2024-04-24,South,200.47,1002.35,High
4764,1364,Laptop,2.0,2023-09-26,East,2409.09,4818.18,High
4765,4925,Keyboard,4.0,2025-03-20,West,144.91,579.64,High
4766,1820,Laptop,3.0,2025-06-11,West,3324.13,9972.39,High
4767,2402,Monitor,3.0,2025-06-19,North,711.14,2133.42,High
4768,3390,Keyboard,2.0,2025-07-07,East,217.53,435.06,High
4769,1946,SSD,4.0,2023-11-14,West,288.2,1152.8,High
4770,3946,Webcam,2.0,2024-01-20,East,337.93,675.86,High
4772,2377,Monitor,3.0,2025-12-13,East,965.75,2897.25,High
4773,2439,Phone,2.0,2024-10-04,East,1412.03,2824.06,High
4774,4180,Keyboard,2.0,2024-12-04,South,285.54,571.08,High
4775,4634,Laptop,1.0,2023-11-01,North,4844.36,4844.36,High
4777,4568,Keyboard,3.0,2024-05-25,West,219.79,659.37,High
4778,1340,Mouse,2.0,2023-06-12,West,196.6,393.2,High
4779,3989,Phone,3.0,2025-01-07,North,2489.89,7469.67,High
4780,1382,Phone,5.0,2023-12-07,East,922.63,4613.15,High
4781,2003,Phone,2.0,2025-07-20,North,1740.95,3481.9,High
4782,2556,Laptop,1.0,2024-06-13,West,4179.85,4179.85,High
4783,1299,Monitor,3.0,2023-02-03,North,780.3,2340.8999999999996,High
4784,1138,Webcam,1.0,2025-09-24,South,343.01,343.01,High
4785,1358,Mouse,5.0,2023-11-19,North,109.64,548.2,High
4786,1835,SSD,5.0,2023-12-13,East,373.99,1869.95,High
4787,2522,Phone,3.0,2024-12-21,South,1266.35,3799.0499999999997,High
4788,4456,Laptop,5.0,2023-09-02,East,2900.44,14502.2,High
4789,2627,Laptop,4.0,2024-11-08,South,2252.52,9010.08,High
4790,2982,SSD,3.0,2025-07-03,South,569.18,1707.54,High
4791,2303,Monitor,4.0,2024-12-23,South,1072.8,4291.2,High
4792,4708,SSD,5.0,2025-09-30,North,223.0,1115.0,High
4793,3530,Keyboard,3.0,2023-05-13,North,85.59,256.77,High
4794,1908,Keyboard,4.0,2025-06-28,East,151.85,607.4,High
4795,2134,Webcam,5.0,2023-02-18,South,282.31,1411.55,High
4796,3913,SSD,2.0,2025-12-23,North,500.0,1000.0,High
4797,3186,Webcam,2.0,2023-08-01,East,375.87,751.74,High
4798,1995,Phone,1.0,2023-04-29,North,1880.69,1880.69,High
4799,3482,Webcam,2.0,2025-05-05,East,214.61,429.22,High
4800,3556,Phone,4.0,2025-01-30,West,1517.31,6069.24,High
4801,3320,Mouse,2.0,2024-11-09,South,127.64,255.28,High
4803,4835,Monitor,3.0,2023-10-07,East,1461.22,4383.66,High
4804,4921,Phone,3.0,2024-02-28,South,1655.8,4967.4,High
4805,3151,Monitor,2.0,2023-12-29,East,588.49,1176.98,High
4806,2237,Laptop,2.0,2025-10-17,South,3502.19,7004.38,High
4807,2784,Phone,1.0,2023-11-10,North,838.31,838.31,High
4808,4735,Laptop,5.0,2025-02-08,East,2541.82,12709.1,High
4809,3809,Headphones,1.0,2025-12-22,East,293.71,293.71,High
4810,3834,Monitor,4.0,2023-09-29,West,1326.96,5307.84,High
4811,1164,Headphones,3.0,2025-11-26,East,192.41,577.23,High
4812,1998,Phone,2.0,2025-11-05,South,1269.71,2539.42,High
4813,4924,Laptop,5.0,2023-12-09,East,3122.63,15613.150000000001,High
4814,3567,Phone,5.0,2023-12-12,East,1135.27,5676.35,High
4815,2307,Headphones,2.0,2023-08-21,East,599.38,1198.76,High
4816,3564,SSD,1.0,2025-09-16,West,512.12,512.12,High
4817,1656,SSD,5.0,2024-07-29,West,514.92,2574.6,High
4818,3660,Phone,1.0,2024-02-20,North,1767.07,1767.07,High
4819,3211,Mouse,2.0,2025-06-23,South,193.43,386.86,High
4820,2909,Keyboard,1.0,2023-09-24,East,233.05,233.05,High
4821,4730,Headphones,3.0,2025-09-23,East,265.44,796.3199999999999,High
4822,3046,Phone,2.0,2025-01-13,East,1837.9,3675.8,High
4823,3111,Laptop,2.0,2025-06-29,South,3631.1,7262.2,High
4824,4162,Phone,5.0,2024-03-18,South,1786.49,8932.45,High
4825,2140,SSD,5.0,2024-07-13,North,517.98,2589.9,High
4826,2889,Laptop,5.0,2023-03-17,East,3528.69,17643.45,High
4827,1266,Keyboard,3.0,2023-09-04,North,232.16,696.48,High
4828,2845,Phone,3.0,2024-08-02,East,1226.01,3678.0299999999997,High
4829,2708,Webcam,4.0,2023-11-09,West,378.26,1513.04,High
4830,4630,SSD,2.0,2024-07-29,North,188.87,377.74,High
4831,4211,Webcam,5.0,2023-12-09,North,397.95,1989.75,High
4832,3293,Keyboard,2.0,2024-12-15,North,208.17,416.34,High
4833,4732,Headphones,1.0,2025-09-10,South,334.98,334.98,High
4835,3442,Webcam,4.0,2024-09-23,South,209.65,838.6,High
4836,2510,Mouse,1.0,2024-02-03,East,163.01,163.01,High
4837,1475,Headphones,2.0,2024-12-14,South,169.72,339.44,High
4838,4588,Laptop,3.0,2025-07-12,East,2758.06,8274.18,High
4839,1976,SSD,5.0,2023-10-19,West,205.68,1028.4,High
4840,2207,SSD,1.0,2023-02-23,North,341.99,341.99,High
4842,2960,Keyboard,2.0,2024-04-21,North,212.2,424.4,High
4843,1557,Webcam,2.0,2023-01-22,North,398.63,797.26,High
4844,2017,SSD,1.0,2025-11-18,East,551.56,551.56,High
4845,4595,Monitor,1.0,2024-11-25,South,1820.57,1820.57,High
4846,2605,SSD,1.0,2023-06-09,North,440.57,440.57,High
4847,4600,Phone,4.0,2025-06-28,North,1260.03,5040.12,High
4848,1882,Keyboard,5.0,2024-06-13,West,146.02,730.1,High
4849,3194,Laptop,3.0,2023-04-11,North,2750.37,8251.11,High
4850,1665,Laptop,2.0,2023-12-09,East,2405.25,4810.5,High
4851,4375,Laptop,2.0,2024-08-01,East,3308.09,6616.18,High
4852,3667,Laptop,5.0,2025-02-28,North,4692.61,23463.05,High
4853,2771,Phone,1.0,2025-04-24,South,2064.53,2064.53,High
4854,3867,Headphones,1.0,2023-05-05,North,592.42,592.42,High
4855,1863,Mouse,2.0,2025-06-08,North,63.12,126.24,High
4856,1581,Monitor,5.0,2024-10-30,North,1250.82,6254.099999999999,High
4857,4070,Phone,2.0,2024-05-17,North,2148.18,4296.36,High
4858,1694,Laptop,1.0,2023-06-22,North,3381.38,3381.38,High
4859,4833,Phone,3.0,2025-06-05,North,1403.59,4210.7699999999995,High
4860,2251,Keyboard,1.0,2023-04-30,East,253.97,253.97,High
4861,4173,Mouse,3.0,2023-09-30,South,103.15,309.45000000000005,High
4862,2610,Laptop,4.0,2025-07-01,West,4738.9,18955.6,High
4863,4488,Monitor,5.0,2025-05-25,North,902.6,4513.0,High
4864,2239,Laptop,4.0,2025-05-07,East,4689.36,18757.44,High
4865,3454,Mouse,1.0,2023-09-18,West,77.34,77.34,Low
4866,1398,Monitor,5.0,2023-10-05,North,934.35,4671.75,High
4867,2946,Mouse,1.0,2023-04-03,East,101.5,101.5,High
4868,1714,Monitor,5.0,2025-08-16,South,1273.72,6368.6,High
4869,1703,Headphones,5.0,2025-04-02,West,309.11,1545.5500000000002,High
4870,3808,Webcam,1.0,2023-05-08,East,355.89,355.89,High
4871,3546,Headphones,1.0,2024-06-15,South,497.78,497.78,High
4872,4825,Phone,5.0,2025-02-11,East,1326.77,6633.85,High
4873,4536,Phone,5.0,2023-06-16,East,1669.58,8347.9,High
4874,2714,SSD,1.0,2025-04-10,South,343.96,343.96,High
4875,2972,Monitor,1.0,2023-08-24,East,584.11,584.11,High
4876,4021,SSD,2.0,2025-11-21,East,486.67,973.34,High
4877,4802,SSD,2.0,2023-07-10,North,231.75,463.5,High
4878,1081,Laptop,2.0,2024-10-18,West,4802.43,9604.86,High
4880,2970,Keyboard,5.0,2023-09-12,East,205.56,1027.8,High
4881,2710,Keyboard,3.0,2025-08-30,South,254.57,763.71,High
4882,3046,Laptop,4.0,2025-12-15,West,2540.89,10163.56,High
4883,4822,Laptop,5.0,2024-10-10,East,3623.41,18117.05,High
4884,3819,Headphones,3.0,2023-04-16,East,218.71,656.13,High
4885,1902,Keyboard,2.0,2023-07-11,West,177.42,354.84,High
4886,1364,Monitor,3.0,2025-09-29,North,1369.15,4107.450000000001,High
4887,1162,Mouse,1.0,2023-06-24,North,58.75,58.75,Low
4888,4119,SSD,1.0,2024-09-26,East,411.37,411.37,High
4889,3558,Phone,5.0,2023-03-26,South,1573.34,7866.7,High
4890,4400,SSD,4.0,2025-08-05,South,384.9,1539.6,High
4891,2863,SSD,2.0,2024-12-28,East,557.24,1114.48,High
4892,1115,Mouse,5.0,2025-11-03,East,112.25,561.25,High
4893,3988,Headphones,2.0,2025-11-26,South,338.07,676.14,High
4894,4920,Keyboard,1.0,2025-11-16,West,167.6,167.6,High
4895,3384,SSD,4.0,2023-03-11,East,430.4,1721.6,High
4896,1880,Webcam,4.0,2023-06-03,West,197.61,790.44,High
4897,3784,Laptop,1.0,2025-02-03,West,4404.08,4404.08,High
4899,1839,Webcam,4.0,2024-06-24,East,175.85,703.4,High
4900,3194,Keyboard,3.0,2024-07-24,South,197.19,591.5699999999999,High
4901,4646,Monitor,2.0,2023-05-29,West,889.83,1779.66,High
4902,4877,Headphones,4.0,2023-01-10,East,144.97,579.88,High
4903,2346,SSD,1.0,2024-10-05,North,242.51,242.51,High
4904,3490,SSD,3.0,2023-03-03,West,561.15,1683.4499999999998,High
4905,3884,SSD,2.0,2025-02-12,East,154.82,309.64,High
4906,2036,Laptop,2.0,2024-06-11,West,2400.38,4800.76,High
4907,1942,Mouse,4.0,2024-03-20,North,158.87,635.48,High
4908,4565,Monitor,4.0,2023-01-17,West,1969.79,7879.16,High
4909,2724,Mouse,5.0,2024-01-04,East,146.99,734.95,High
4910,3334,Phone,5.0,2024-11-14,East,2367.97,11839.849999999999,High
4911,3767,Headphones,4.0,2025-06-26,West,527.62,2110.48,High
4912,2137,Monitor,5.0,2024-08-05,East,1219.96,6099.8,High
4913,3527,Monitor,1.0,2023-09-12,East,1000.28,1000.28,High
4914,1021,SSD,1.0,2024-03-31,North,434.51,434.51,High
4915,4420,Mouse,5.0,2024-10-04,West,120.7,603.5,High
4916,2749,Laptop,4.0,2024-07-14,East,2077.49,8309.96,High
4917,1682,Phone,1.0,2024-06-16,West,2427.41,2427.41,High
4918,4906,SSD,2.0,2023-11-16,South,406.61,813.22,High
4919,4637,SSD,4.0,2023-08-08,South,543.52,2174.08,High
4920,3953,SSD,3.0,2024-11-29,North,480.58,1441.74,High
4922,3367,Monitor,4.0,2024-12-15,South,1851.74,7406.96,High
4923,1125,Headphones,5.0,2025-01-23,South,495.21,2476.0499999999997,High
4924,1276,Monitor,1.0,2025-11-05,East,1144.69,1144.69,High
4925,2999,Keyboard,1.0,2024-02-13,North,260.12,260.12,High
4926,2227,Headphones,4.0,2025-04-07,West,235.78,943.12,High
4927,3241,SSD,2.0,2023-06-22,East,451.81,903.62,High
4928,4752,Headphones,5.0,2025-07-24,West,157.29,786.4499999999999,High
4929,4735,Monitor,2.0,2024-12-07,North,1798.65,3597.3,High
4930,4618,Laptop,4.0,2025-09-02,South,4188.3,16753.2,High
4931,1695,SSD,4.0,2025-02-21,South,218.66,874.64,High
4932,2309,Headphones,2.0,2023-05-12,East,110.67,221.34,High
4933,1056,Keyboard,3.0,2024-10-24,North,147.47,442.40999999999997,High
4934,4805,Mouse,4.0,2023-12-25,South,144.8,579.2,High
4935,4374,Laptop,5.0,2025-01-29,West,2849.44,14247.2,High
4936,4234,Laptop,2.0,2023-06-14,North,4919.77,9839.54,High
4937,1018,Laptop,3.0,2024-12-17,East,4804.04,14412.119999999999,High
4938,4441,Headphones,2.0,2024-03-02,East,398.97,797.94,High
4939,3311,Laptop,3.0,2024-11-07,North,2946.8,8840.400000000001,High
4940,3841,Monitor,3.0,2024-05-02,East,1844.4,5533.200000000001,High
4941,1112,Laptop,5.0,2023-08-01,East,4410.41,22052.05,High
4942,4559,Keyboard,4.0,2025-02-04,North,71.54,286.16,High
4943,4398,SSD,3.0,2023-06-06,South,364.35,1093.0500000000002,High
4944,1541,SSD,4.0,2024-03-10,West,591.55,2366.2,High
4945,3694,Phone,5.0,2025-04-21,North,1571.64,7858.200000000001,High
4947,2088,Headphones,1.0,2023-11-08,East,588.64,588.64,High
4948,4363,Laptop,3.0,2023-05-07,North,3162.08,9486.24,High
4949,1024,Laptop,5.0,2024-01-12,West,4893.68,24468.4,High
4950,2572,Monitor,2.0,2023-08-13,North,706.91,1413.82,High
4951,3048,Mouse,5.0,2025-11-06,South,57.22,286.1,High
4952,3958,Laptop,3.0,2024-05-11,East,2829.63,8488.89,High
4953,2572,Webcam,5.0,2024-04-17,North,229.62,1148.1,High
4954,1140,Keyboard,2.0,2024-04-19,East,95.26,190.52,High
4955,2767,Headphones,1.0,2023-08-05,West,270.09,270.09,High
4956,1647,SSD,3.0,2023-07-15,North,196.64,589.92,High
4957,4972,Phone,3.0,2023-07-20,South,1531.01,4593.03,High
4958,3235,Laptop,5.0,2024-01-01,North,4482.44,22412.199999999997,High
4959,4199,Phone,4.0,2024-12-19,West,1811.59,7246.36,High
4960,1200,Laptop,4.0,2024-02-04,North,4430.48,17721.92,High
4961,4198,Headphones,2.0,2024-08-12,South,167.86,335.72,High
4962,1256,Mouse,1.0,2023-08-02,East,97.9,97.9,Low
4963,4747,Keyboard,1.0,2023-12-07,South,59.83,59.83,Low
4964,1546,SSD,5.0,2025-08-16,North,316.49,1582.45,High
4965,3241,Headphones,5.0,2023-04-29,West,407.25,2036.25,High
4966,3750,Phone,4.0,2025-04-15,South,1767.08,7068.32,High
4967,4175,Laptop,1.0,2025-04-21,South,2180.97,2180.97,High
4968,4606,Phone,1.0,2025-05-16,North,905.5,905.5,High
4969,4336,Keyboard,1.0,2025-08-02,West,126.27,126.27,High
4970,1801,Webcam,2.0,2024-02-06,North,326.85,653.7,High
4971,1941,SSD,2.0,2025-06-01,North,159.26,318.52,High
4972,4455,Headphones,5.0,2024-07-19,South,407.96,2039.8,High
4973,4331,Phone,4.0,2024-02-28,West,1112.29,4449.16,High
4974,1413,Phone,3.0,2023-04-28,North,2405.34,7216.02,High
4975,3014,Keyboard,4.0,2024-01-03,North,157.55,630.2,High
4976,2381,Webcam,2.0,2024-09-21,East,95.32,190.64,High
4977,2098,Laptop,2.0,2023-05-28,South,4140.92,8281.84,High
4978,4426,Webcam,5.0,2023-05-30,East,235.08,1175.4,High
4979,4655,Phone,3.0,2025-03-26,East,2298.11,6894.33,High
4980,4842,Keyboard,1.0,2023-09-13,North,212.96,212.96,High
4981,1909,Laptop,3.0,2023-03-23,East,4077.58,12232.74,High
4982,1187,Webcam,3.0,2023-01-16,North,325.52,976.56,High
4983,4756,SSD,3.0,2025-06-19,South,339.16,1017.48,High
4984,3015,Webcam,5.0,2023-07-12,East,333.62,1668.1,High
4985,2313,SSD,2.0,2024-12-23,South,172.78,345.56,High
4986,3092,Webcam,1.0,2025-12-20,North,324.97,324.97,High
4987,4644,Mouse,3.0,2025-08-30,North,138.17,414.51,High
4988,3130,Laptop,1.0,2025-08-08,West,3700.0,3700.0,High
4989,2146,Webcam,3.0,2024-06-19,West,181.81,545.4300000000001,High
4990,1357,Mouse,2.0,2023-12-09,South,49.4,98.8,Low
4991,2551,Headphones,1.0,2024-01-30,North,423.6,423.6,High
4992,2089,Keyboard,4.0,2025-07-31,West,167.92,671.68,High
4993,3983,Webcam,2.0,2023-09-15,East,149.71,299.42,High
4994,2680,SSD,1.0,2023-02-22,South,169.52,169.52,High
4995,3422,Laptop,3.0,2024-10-12,East,3616.3,10848.900000000001,High
4996,1161,SSD,3.0,2023-09-28,North,206.83,620.49,High
4997,4817,Mouse,2.0,2023-07-20,East,188.0,376.0,High
4998,4451,Mouse,2.0,2024-01-31,West,55.61,111.22,High
4999,4727,Headphones,3.0,2024-01-13,North,116.01,348.03000000000003,High
5000,4429,SSD,1.0,2024-11-06,East,267.92,267.92,High
5001,4259,Monitor,4.0,2024-06-18,East,762.43,3049.72,High
5002,3369,Keyboard,5.0,2025-07-11,West,247.81,1239.05,High
5003,1449,SSD,2.0,2024-02-02,North,280.2,560.4,High
5004,2497,Monitor,3.0,2025-05-16,West,867.86,2603.58,High
5005,2036,Laptop,1.0,2024-07-14,South,4984.43,4984.43,High
5006,3231,Keyboard,2.0,2023-07-09,South,87.52,175.04,High
5007,3158,SSD,1.0,2023-07-24,North,188.25,188.25,High
5008,2950,Headphones,2.0,2025-08-25,West,252.81,505.62,High
5009,3555,Laptop,3.0,2023-02-13,North,3215.27,9645.81,High
5010,2313,Keyboard,1.0,2025-09-30,West,240.11,240.11,High
5011,3342,SSD,3.0,2025-10-15,South,579.95,1739.8500000000001,High
5012,4522,SSD,1.0,2024-10-01,West,493.65,493.65,High
5013,3951,Keyboard,2.0,2025-09-20,North,231.66,463.32,High
5014,2238,Monitor,5.0,2024-12-01,North,1987.17,9935.85,High
5015,1973,Laptop,5.0,2024-12-13,East,4296.09,21480.45,High
5016,1631,Headphones,4.0,2024-09-28,East,169.77,679.08,High
5017,4965,Headphones,4.0,2025-03-14,South,330.76,1323.04,High
5018,2590,Laptop,3.0,2023-11-07,East,3510.51,10531.53,High
5019,2050,Laptop,1.0,2025-05-27,North,2914.43,2914.43,High
5020,4701,Mouse,4.0,2025-05-06,East,57.93,231.72,High
5021,3780,Phone,2.0,2023-10-01,North,2009.96,4019.92,High
5022,4302,SSD,5.0,2024-06-14,North,274.87,1374.35,High
5023,2588,Monitor,1.0,2023-01-17,West,1436.98,1436.98,High
5024,4878,Laptop,5.0,2024-12-18,South,2967.77,14838.85,High
5025,3368,Laptop,1.0,2025-11-19,East,3518.71,3518.71,High
5026,3960,Phone,4.0,2024-04-14,North,1372.99,5491.96,High
5027,4304,Phone,4.0,2025-03-21,North,1499.99,5999.96,High
5028,2693,Keyboard,3.0,2024-07-08,South,233.02,699.0600000000001,High
5029,1436,Webcam,1.0,2023-04-03,South,362.82,362.82,High
5030,3828,Headphones,2.0,2025-05-31,North,354.37,708.74,High
5031,2556,Monitor,4.0,2024-07-31,North,1415.38,5661.52,High
5032,4474,Keyboard,3.0,2024-09-22,North,266.1,798.3000000000001,High
5033,2076,Laptop,4.0,2025-03-31,North,2429.67,9718.68,High
5034,4858,SSD,5.0,2024-08-06,West,222.99,1114.95,High
5035,4384,Phone,4.0,2025-04-25,South,1410.7,5642.8,High
5036,2304,Mouse,1.0,2025-04-21,East,82.54,82.54,Low
5037,3773,Headphones,3.0,2023-11-24,North,593.19,1779.5700000000002,High
5038,3078,Keyboard,1.0,2024-12-30,West,191.02,191.02,High
5039,3384,Mouse,2.0,2023-09-11,North,119.06,238.12,High
5040,1182,Headphones,2.0,2024-07-24,South,389.36,778.72,High
5041,4094,Webcam,4.0,2024-06-27,North,360.05,1440.2,High
5042,3591,Webcam,3.0,2025-04-30,South,157.94,473.82,High
5043,2469,Mouse,3.0,2023-04-30,West,116.86,350.58,High
5044,4145,Phone,3.0,2025-09-01,South,1260.64,3781.92,High
5045,4081,Keyboard,3.0,2025-04-01,West,245.14,735.42,High
5046,4555,Keyboard,4.0,2024-05-28,West,244.28,977.12,High
5047,2479,Webcam,1.0,2025-09-05,North,386.38,386.38,High
5048,2589,Headphones,4.0,2023-04-07,South,323.41,1293.64,High
5049,2587,Mouse,1.0,2025-05-20,West,56.97,56.97,Low
5050,1659,Phone,5.0,2023-09-14,North,2323.9,11619.5,High
5051,1159,Laptop,5.0,2023-05-08,East,4671.81,23359.050000000003,High
5052,4953,Keyboard,1.0,2023-02-26,West,108.67,108.67,High
5053,4085,SSD,4.0,2024-08-04,East,274.32,1097.28,High
5054,4249,Laptop,2.0,2024-07-09,East,2940.24,5880.48,High
5056,4949,Webcam,2.0,2024-10-14,East,345.29,690.58,High
5057,2011,SSD,4.0,2023-06-07,South,214.97,859.88,High
5058,1052,Keyboard,3.0,2023-03-26,North,225.1,675.3,High
5059,3455,Keyboard,3.0,2023-11-18,East,138.2,414.59999999999997,High
5060,3894,Mouse,5.0,2023-11-05,West,63.26,316.3,High
5061,2045,SSD,5.0,2023-10-11,East,302.3,1511.5,High
5062,2053,Laptop,1.0,2025-12-01,East,3599.83,3599.83,High
5063,3750,Webcam,2.0,2025-09-29,South,374.85,749.7,High
5064,3307,Mouse,3.0,2023-05-14,West,136.81,410.43,High
5065,2228,Monitor,4.0,2024-09-05,North,1410.62,5642.48,High
5066,4130,Laptop,1.0,2024-10-10,East,2326.22,2326.22,High
5067,2494,Laptop,4.0,2023-08-17,West,2239.4,8957.6,High
5068,3823,Monitor,3.0,2025-09-24,North,694.2,2082.6000000000004,High
5069,2489,Phone,3.0,2023-04-29,West,962.43,2887.29,High
5070,2035,SSD,3.0,2025-07-26,West,409.36,1228.08,High
5071,4702,SSD,3.0,2023-11-20,West,353.68,1061.04,High
5072,2950,Phone,4.0,2025-07-09,South,808.49,3233.96,High
5073,4361,Keyboard,1.0,2023-06-08,South,137.77,137.77,High
5074,1849,Headphones,3.0,2023-08-27,East,163.68,491.04,High
5075,4831,Mouse,5.0,2024-01-31,South,197.98,989.9,High
5076,1353,Headphones,1.0,2023-11-16,North,330.08,330.08,High
5077,4710,Keyboard,5.0,2023-11-05,West,156.53,782.65,High
5078,2098,SSD,4.0,2023-09-06,East,439.88,1759.52,High
5079,3920,Headphones,3.0,2024-06-21,North,278.55,835.6500000000001,High
5080,2739,Laptop,1.0,2024-12-01,North,4146.54,4146.54,High
5081,4632,Laptop,3.0,2024-01-29,East,4714.38,14143.14,High
5083,2464,Monitor,1.0,2025-10-14,South,1074.38,1074.38,High
5084,1990,Keyboard,3.0,2024-02-10,North,180.47,541.41,High
5085,2264,Keyboard,3.0,2025-09-26,East,200.89,602.67,High
5086,4065,Webcam,2.0,2023-01-21,North,351.26,702.52,High
5087,2884,Keyboard,2.0,2023-06-04,North,148.62,297.24,High
5088,4225,Laptop,1.0,2025-05-16,East,2154.29,2154.29,High
5089,2809,Headphones,1.0,2024-07-12,South,415.37,415.37,High
5090,4167,Mouse,3.0,2023-07-13,East,197.77,593.3100000000001,High
5091,4797,Webcam,5.0,2024-02-03,West,353.36,1766.8000000000002,High
5092,3341,Webcam,1.0,2023-10-07,South,322.64,322.64,High
5093,3256,SSD,3.0,2025-09-06,West,229.43,688.29,High
5094,4414,Webcam,5.0,2025-10-30,West,319.56,1597.8,High
5095,2111,Keyboard,2.0,2024-04-16,East,70.37,140.74,High
5096,1817,Keyboard,1.0,2023-06-01,North,173.48,173.48,High
5098,2960,Mouse,2.0,2024-07-06,West,183.9,367.8,High
5099,3437,Laptop,4.0,2024-12-30,South,2479.51,9918.04,High
5100,3372,Mouse,2.0,2024-05-27,East,164.11,328.22,High
5101,3987,Laptop,3.0,2025-10-09,North,2145.54,6436.62,High
5102,1888,Headphones,5.0,2023-06-20,North,450.88,2254.4,High
5103,2855,SSD,4.0,2025-04-29,South,282.2,1128.8,High
5105,1667,Phone,4.0,2023-05-05,North,1941.96,7767.84,High
5106,4722,Phone,1.0,2023-06-24,South,1325.14,1325.14,High
5107,1632,SSD,3.0,2024-05-18,West,255.98,767.9399999999999,High
5108,3624,Keyboard,4.0,2024-12-11,West,209.83,839.32,High
5109,2642,Webcam,2.0,2023-04-16,West,167.27,334.54,High
5110,4730,Keyboard,5.0,2024-06-11,South,96.7,483.5,High
5111,1136,Keyboard,3.0,2023-02-07,East,211.92,635.76,High
5112,2946,SSD,2.0,2024-01-30,West,475.93,951.86,High
5113,2697,Keyboard,1.0,2025-07-09,East,109.51,109.51,High
5114,1427,Webcam,4.0,2024-04-21,North,251.48,1005.92,High
5115,2475,Mouse,2.0,2024-12-22,South,142.82,285.64,High
5116,3659,SSD,3.0,2023-11-11,West,573.86,1721.58,High
5117,4921,Headphones,2.0,2023-12-31,North,501.72,1003.44,High
5118,3958,Phone,1.0,2023-06-30,North,1515.39,1515.39,High
5119,1818,SSD,5.0,2025-01-03,South,529.98,2649.9,High
5120,3188,Monitor,4.0,2025-05-25,West,1162.54,4650.16,High
5121,2106,Phone,3.0,2025-09-20,North,1021.22,3063.66,High
5122,3224,Phone,4.0,2024-10-22,East,1379.87,5519.48,High
5123,1197,Webcam,4.0,2023-09-01,North,337.51,1350.04,High
5124,3671,Laptop,4.0,2023-11-09,East,4867.41,19469.64,High
5126,2995,Keyboard,2.0,2023-09-19,North,209.77,419.54,High
5127,3738,Keyboard,5.0,2023-08-19,West,169.59,847.95,High
5128,4492,Laptop,1.0,2024-12-03,West,2486.17,2486.17,High
5129,3448,Webcam,3.0,2024-10-07,South,112.81,338.43,High
5130,4769,SSD,2.0,2025-01-26,North,383.33,766.66,High
5131,1470,Headphones,4.0,2025-04-21,South,463.89,1855.56,High
5133,2948,Webcam,3.0,2024-05-30,North,295.9,887.6999999999999,High
5134,1928,Monitor,3.0,2024-03-17,South,1356.22,4068.66,High
5135,4899,Headphones,3.0,2024-08-05,South,570.37,1711.1100000000001,High
5136,3010,Webcam,3.0,2023-09-19,North,147.06,441.18,High
5137,4800,SSD,5.0,2025-01-18,North,415.98,2079.9,High
5138,3679,Headphones,3.0,2025-03-29,East,306.9,920.6999999999999,High
5139,3998,Keyboard,1.0,2025-09-28,South,115.39,115.39,High
5140,1905,Mouse,2.0,2025-05-16,West,90.74,181.48,High
5141,3222,Webcam,1.0,2024-08-30,West,174.25,174.25,High
5142,1022,Phone,4.0,2025-06-28,South,1697.0,6788.0,High
5143,4796,Headphones,5.0,2024-06-06,East,379.03,1895.1499999999999,High
5144,4988,Headphones,5.0,2025-11-02,East,532.77,2663.85,High
5145,1234,Laptop,4.0,2023-06-11,East,4343.92,17375.68,High
5146,4084,Monitor,1.0,2023-01-05,North,953.77,953.77,High
5147,2124,Mouse,1.0,2023-07-21,North,188.33,188.33,High
5148,1928,SSD,4.0,2024-02-20,West,540.76,2163.04,High
5149,4607,Laptop,3.0,2025-11-01,North,3877.59,11632.77,High
5150,4947,Keyboard,3.0,2025-08-05,East,54.66,163.98,High
5151,1522,Phone,2.0,2025-01-21,East,1155.53,2311.06,High
5152,2808,Monitor,1.0,2025-08-07,North,1683.98,1683.98,High
5153,4523,Laptop,1.0,2024-01-08,East,3361.28,3361.28,High
5154,1430,Webcam,4.0,2024-03-06,West,120.3,481.2,High
5155,1792,Headphones,4.0,2024-11-20,North,304.13,1216.52,High
5156,2629,Headphones,3.0,2023-04-28,West,205.95,617.8499999999999,High
5157,2736,Monitor,1.0,2024-08-10,North,1838.85,1838.85,High
5158,1532,Headphones,1.0,2025-12-05,West,544.63,544.63,High
5159,4923,Webcam,5.0,2023-08-15,East,203.86,1019.3000000000001,High
5160,4026,Laptop,2.0,2023-12-14,East,2412.18,4824.36,High
5161,2746,Laptop,2.0,2023-05-21,North,3076.49,6152.98,High
5162,2675,Headphones,3.0,2023-07-23,South,164.37,493.11,High
5163,2316,Headphones,1.0,2025-09-30,West,252.02,252.02,High
5164,3857,Keyboard,5.0,2025-05-10,South,242.8,1214.0,High
5165,1912,Phone,1.0,2025-04-24,East,1296.31,1296.31,High
5166,2124,SSD,4.0,2025-09-21,West,394.89,1579.56,High
5167,2525,Monitor,3.0,2023-11-09,South,678.31,2034.9299999999998,High
5168,2327,Laptop,2.0,2023-05-17,South,3042.88,6085.76,High
5169,3918,Monitor,1.0,2023-12-17,West,559.46,559.46,High
5170,3587,Keyboard,3.0,2023-06-22,West,187.04,561.12,High
5171,2023,Laptop,2.0,2023-03-20,South,3042.87,6085.74,High
5172,2576,Keyboard,1.0,2025-09-05,East,268.0,268.0,High
5173,2378,Keyboard,5.0,2024-07-22,West,148.14,740.6999999999999,High
5174,4374,Mouse,3.0,2025-05-12,North,124.82,374.46,High
5175,2519,Headphones,1.0,2023-02-26,North,588.32,588.32,High
5176,2681,Webcam,2.0,2023-12-29,East,285.67,571.34,High
5177,4839,Mouse,2.0,2023-05-14,North,115.08,230.16,High
5178,2997,SSD,5.0,2023-01-14,East,194.16,970.8,High
5179,1226,Monitor,3.0,2023-10-10,East,1731.45,5194.35,High
5180,2259,Webcam,3.0,2025-03-16,North,285.56,856.6800000000001,High
5181,1872,Monitor,1.0,2023-05-07,West,662.79,662.79,High
5182,1891,Headphones,2.0,2023-08-06,North,222.83,445.66,High
5183,2478,Webcam,2.0,2025-01-14,South,252.05,504.1,High
5184,2036,Mouse,5.0,2024-11-10,South,37.66,188.29999999999998,High
5185,3257,Monitor,5.0,2025-09-23,West,1577.47,7887.35,High
5186,3788,Mouse,3.0,2023-09-17,North,68.72,206.16,High
5187,1396,Headphones,2.0,2023-04-09,North,344.86,689.72,High
5188,2123,Webcam,1.0,2023-07-01,West,157.33,157.33,High
5189,3078,Webcam,4.0,2023-06-18,West,236.54,946.16,High
5190,3945,Laptop,1.0,2023-08-21,North,2569.04,2569.04,High
5191,4599,Keyboard,5.0,2025-08-13,North,198.48,992.4,High
5192,1648,Keyboard,1.0,2024-04-16,East,277.6,277.6,High
5193,1328,Mouse,2.0,2024-11-09,East,167.25,334.5,High
5194,4237,Webcam,3.0,2024-01-16,West,157.29,471.87,High
5195,2482,Monitor,4.0,2023-09-08,North,1247.16,4988.64,High
5196,4893,Mouse,3.0,2023-11-15,North,101.93,305.79,High
5198,3005,Phone,4.0,2025-07-25,East,2158.0,8632.0,High
5199,3016,SSD,2.0,2024-08-23,East,198.34,396.68,High
5200,4171,Webcam,2.0,2024-08-29,West,133.94,267.88,High
5201,3668,Keyboard,5.0,2025-02-03,East,225.51,1127.55,High
5202,2878,Webcam,5.0,2025-06-03,North,131.15,655.75,High
5204,2772,Mouse,5.0,2024-05-20,South,198.8,994.0,High
5205,1161,Phone,2.0,2023-03-06,South,2123.23,4246.46,High
5206,4976,Phone,5.0,2023-08-10,West,845.56,4227.799999999999,High
5207,2751,Keyboard,4.0,2024-04-10,East,170.68,682.72,High
5208,1775,Keyboard,3.0,2023-03-13,North,151.52,454.56000000000006,High
5209,4334,Keyboard,1.0,2025-06-06,South,249.88,249.88,High
5210,2827,Headphones,5.0,2024-04-18,North,243.5,1217.5,High
5211,3321,Phone,2.0,2024-10-16,North,1456.41,2912.82,High
5212,4074,Monitor,3.0,2023-01-19,East,640.25,1920.75,High
5213,2051,Headphones,2.0,2024-06-05,East,271.32,542.64,High
5214,3373,Laptop,5.0,2025-02-22,South,4921.56,24607.800000000003,High
5215,1939,SSD,4.0,2024-02-19,South,573.97,2295.88,High
5216,4220,SSD,1.0,2023-12-30,South,487.62,487.62,High
5217,1539,Mouse,1.0,2024-06-11,North,184.23,184.23,High
5218,3535,SSD,3.0,2025-03-06,North,245.03,735.09,High
5219,1821,Keyboard,1.0,2024-03-18,West,205.46,205.46,High
5220,2461,Phone,4.0,2023-09-22,East,1649.95,6599.8,High
5221,2088,SSD,2.0,2024-10-11,West,340.21,680.42,High
5222,1355,Mouse,4.0,2024-05-23,East,85.22,340.88,High
5223,4604,SSD,3.0,2024-04-10,East,539.84,1619.52,High
5225,1234,Headphones,1.0,2024-05-07,North,462.02,462.02,High
5226,3274,Laptop,4.0,2024-06-25,East,4117.85,16471.4,High
5227,2548,Webcam,2.0,2024-12-23,South,123.54,247.08,High
5228,4384,Headphones,4.0,2025-04-21,East,124.47,497.88,High
5229,3096,Headphones,2.0,2023-10-27,South,519.98,1039.96,High
5230,1117,Monitor,2.0,2023-06-23,West,1235.48,2470.96,High
5231,3101,SSD,4.0,2024-10-07,South,514.54,2058.16,High
5232,2673,Mouse,5.0,2023-01-24,South,80.5,402.5,High
5233,3612,Monitor,4.0,2024-12-31,West,1792.75,7171.0,High
5234,2067,Headphones,2.0,2023-01-07,South,515.41,1030.82,High
5235,4886,SSD,3.0,2025-10-26,West,321.75,965.25,High
5236,3100,Laptop,3.0,2025-05-27,North,3235.09,9705.27,High
5237,4657,Phone,1.0,2023-06-15,East,1396.52,1396.52,High
5238,1557,Phone,3.0,2024-03-03,North,859.2,2577.6000000000004,High
5239,4596,SSD,5.0,2023-05-25,North,459.45,2297.25,High
5240,4748,Webcam,2.0,2025-07-21,East,167.27,334.54,High
5241,4173,Mouse,4.0,2024-05-23,North,180.28,721.12,High
5242,2815,Keyboard,4.0,2025-06-25,North,274.34,1097.36,High
5243,4841,Keyboard,5.0,2024-10-06,West,230.64,1153.1999999999998,High
5244,3005,Phone,3.0,2023-03-17,West,1108.66,3325.9800000000005,High
5245,4920,Headphones,2.0,2025-04-03,North,144.65,289.3,High
5246,3915,Headphones,3.0,2025-11-27,South,508.22,1524.66,High
5247,1397,Monitor,1.0,2024-07-19,East,1839.6,1839.6,High
5248,4209,SSD,3.0,2024-09-08,West,308.42,925.26,High
5249,1674,Mouse,1.0,2024-01-16,West,90.0,90.0,Low
5250,4992,SSD,4.0,2025-04-27,North,325.62,1302.48,High
5251,1386,SSD,2.0,2023-10-30,East,522.43,1044.86,High
5252,3158,Monitor,1.0,2025-01-25,North,1560.61,1560.61,High
5253,3661,Keyboard,3.0,2023-06-13,South,80.49,241.46999999999997,High
5254,3064,SSD,3.0,2023-04-11,North,435.61,1306.83,High
5255,4851,Phone,4.0,2025-06-16,North,816.62,3266.48,High
5256,4253,Webcam,5.0,2025-02-21,East,307.32,1536.6,High
5257,1883,SSD,5.0,2024-01-03,North,494.08,2470.4,High
5258,4607,Headphones,3.0,2024-12-27,West,507.47,1522.41,High
5259,1540,SSD,5.0,2024-01-07,East,431.54,2157.7000000000003,High
5260,1170,Phone,2.0,2025-05-11,North,1107.0,2214.0,High
5261,3456,Laptop,5.0,2023-10-07,West,4381.24,21906.199999999997,High
5262,1739,Phone,2.0,2023-11-12,West,2329.64,4659.28,High
5263,2401,Laptop,3.0,2025-03-26,East,3901.39,11704.17,High
5264,4259,Monitor,3.0,2023-05-31,South,912.68,2738.04,High
5265,3905,Monitor,3.0,2025-10-05,North,769.04,2307.12,High
5266,3277,Keyboard,4.0,2024-10-30,North,107.87,431.48,High
5267,4904,Phone,5.0,2024-02-11,South,828.74,4143.7,High
5268,4923,Phone,1.0,2023-10-14,North,817.29,817.29,High
5269,1118,Laptop,1.0,2025-07-05,East,2891.12,2891.12,High
5270,4227,Monitor,3.0,2024-05-06,North,1884.44,5653.32,High
5271,3831,Laptop,5.0,2025-10-29,South,3863.98,19319.9,High
5272,4758,Monitor,2.0,2025-01-07,South,1079.16,2158.32,High
5273,3512,Laptop,1.0,2023-05-11,South,2032.54,2032.54,High
5274,3151,Monitor,3.0,2025-09-23,South,1984.55,5953.65,High
5275,4675,Laptop,1.0,2024-05-12,South,3367.53,3367.53,High
5276,3745,Webcam,1.0,2024-09-13,West,397.28,397.28,High
5277,2995,Monitor,1.0,2025-06-07,East,1580.21,1580.21,High
5278,4866,Mouse,3.0,2023-12-20,South,38.71,116.13,High
5279,4573,Laptop,3.0,2023-09-28,West,4577.08,13731.24,High
5280,4764,Phone,4.0,2024-03-07,East,1701.68,6806.72,High
5281,2705,Keyboard,4.0,2025-01-08,North,163.18,652.72,High
5283,3222,Mouse,1.0,2024-05-22,North,161.72,161.72,High
5284,4805,Laptop,5.0,2023-02-24,South,4389.29,21946.45,High
5285,3792,Keyboard,3.0,2023-02-06,South,240.13,720.39,High
5286,2697,Phone,4.0,2025-06-18,East,1890.16,7560.64,High
5287,2444,Mouse,5.0,2023-02-24,West,144.86,724.3000000000001,High
5288,4205,Phone,4.0,2024-06-07,North,2259.59,9038.36,High
5289,4462,Monitor,4.0,2025-07-03,South,1535.81,6143.24,High
5290,2759,SSD,5.0,2024-04-07,South,195.61,978.0500000000001,High
5291,2524,Webcam,4.0,2024-11-27,West,286.56,1146.24,High
5292,1664,SSD,1.0,2024-12-16,North,226.5,226.5,High
5293,1032,SSD,1.0,2025-10-27,North,156.41,156.41,High
5294,3102,Keyboard,1.0,2025-01-01,North,103.54,103.54,High
5295,3566,Webcam,2.0,2025-09-15,East,129.41,258.82,High
5296,3803,Headphones,4.0,2023-07-31,South,151.05,604.2,High
5297,4896,Monitor,2.0,2025-01-23,East,822.48,1644.96,High
5298,4709,Keyboard,3.0,2024-03-11,South,190.89,572.67,High
5299,3059,Laptop,5.0,2023-03-25,North,2454.41,12272.05,High
5300,2551,Webcam,3.0,2025-02-17,South,169.42,508.26,High
5301,1719,Laptop,2.0,2025-04-13,West,4548.78,9097.56,High
5302,3602,Phone,1.0,2024-04-05,South,2309.69,2309.69,High
5303,3420,SSD,4.0,2023-06-26,West,299.89,1199.56,High
5304,1483,Mouse,4.0,2023-11-08,South,182.82,731.28,High
5305,1972,Webcam,1.0,2023-07-05,North,267.43,267.43,High
5306,4718,Headphones,4.0,2023-09-03,East,213.18,852.72,High
5307,4299,Laptop,5.0,2025-10-13,North,4262.88,21314.4,High
5308,3670,Keyboard,5.0,2024-01-19,North,280.52,1402.6,High
5309,1306,Webcam,5.0,2025-12-01,North,290.96,1454.8,High
5310,1456,Webcam,3.0,2023-10-12,North,144.43,433.29,High
5311,3207,Mouse,1.0,2025-09-06,South,44.6,44.6,Low
5312,1330,Mouse,5.0,2025-09-14,South,69.0,345.0,High
5313,3823,Keyboard,2.0,2023-10-27,South,134.63,269.26,High
5314,1224,Mouse,5.0,2025-06-19,South,86.74,433.7,High
5315,4030,Laptop,3.0,2025-05-23,East,3495.64,10486.92,High
5316,3776,Keyboard,2.0,2024-04-30,North,176.29,352.58,High
5317,4575,SSD,1.0,2024-03-11,East,362.14,362.14,High
5318,2479,Keyboard,1.0,2025-03-16,South,135.96,135.96,High
5319,4116,Phone,5.0,2023-06-30,East,981.61,4908.05,High
5320,4285,Headphones,2.0,2025-06-01,East,309.16,618.32,High
5322,1643,Phone,5.0,2024-11-24,East,1911.59,9557.949999999999,High
5323,1615,Headphones,5.0,2023-12-06,South,319.89,1599.4499999999998,High
5324,1194,Keyboard,4.0,2024-05-05,South,70.87,283.48,High
5325,4996,Webcam,4.0,2024-05-09,East,148.24,592.96,High
5326,1488,Mouse,5.0,2024-12-30,South,127.69,638.45,High
5327,3204,Headphones,3.0,2024-03-31,South,348.94,1046.82,High
5328,3657,Keyboard,4.0,2023-04-15,North,54.8,219.2,High
5329,2249,Keyboard,5.0,2024-12-19,North,71.56,357.8,High
5330,3459,Phone,2.0,2024-03-14,East,1405.21,2810.42,High
5331,4276,Phone,4.0,2024-10-12,North,1039.4,4157.6,High
5332,2102,Mouse,3.0,2024-05-23,North,192.83,578.49,High
5333,2147,SSD,1.0,2023-09-08,West,165.35,165.35,High
5334,3518,Monitor,2.0,2025-08-22,North,1961.07,3922.14,High
5335,2241,Laptop,3.0,2023-02-16,South,3969.66,11908.98,High
5336,1515,Monitor,3.0,2025-05-28,West,1110.84,3332.5199999999995,High
5337,2625,Monitor,3.0,2025-10-14,North,1309.15,3927.4500000000003,High
5338,2127,Webcam,2.0,2025-02-13,West,211.24,422.48,High
5339,1392,SSD,3.0,2025-06-03,North,407.94,1223.82,High
5340,1630,Webcam,1.0,2023-03-05,North,128.64,128.64,High
5341,4716,Mouse,4.0,2023-11-16,North,50.4,201.6,High
5342,2847,Webcam,2.0,2025-05-09,East,249.15,498.3,High
5343,3655,Headphones,3.0,2025-02-18,West,135.67,407.01,High
5344,1979,Mouse,5.0,2023-01-29,West,79.72,398.6,High
5345,1433,Mouse,4.0,2024-03-12,East,187.57,750.28,High
5346,4402,Keyboard,2.0,2025-02-01,North,269.05,538.1,High
5347,4214,Keyboard,5.0,2025-01-05,West,257.85,1289.25,High
5348,4871,Keyboard,5.0,2025-12-06,East,176.79,883.9499999999999,High
5349,3587,Laptop,3.0,2024-03-26,North,2083.65,6250.950000000001,High
5350,1277,Headphones,2.0,2024-09-24,West,160.68,321.36,High
5351,1232,Headphones,3.0,2025-12-12,West,559.73,1679.19,High
5352,2552,Keyboard,1.0,2023-08-21,East,259.1,259.1,High
5353,2594,Monitor,5.0,2023-07-19,North,1064.78,5323.9,High
5355,4563,Monitor,3.0,2024-07-02,North,1781.79,5345.37,High
5356,4270,Phone,4.0,2025-07-25,East,1854.57,7418.28,High
5357,3409,Headphones,5.0,2023-04-07,North,526.76,2633.8,High
5358,4512,Headphones,4.0,2023-02-18,West,222.34,889.36,High
5359,1025,Monitor,2.0,2025-06-14,South,1193.2,2386.4,High
5360,4096,Laptop,5.0,2024-06-05,East,3737.13,18685.65,High
5361,2417,Headphones,1.0,2023-02-09,North,415.58,415.58,High
5362,3554,Monitor,4.0,2025-07-02,East,1980.49,7921.96,High
5363,4372,Mouse,2.0,2024-07-06,West,173.81,347.62,High
5364,4410,Mouse,5.0,2024-11-06,West,39.39,196.95,High
5365,3314,Webcam,2.0,2025-02-08,North,134.12,268.24,High
5366,1460,Laptop,1.0,2023-07-30,South,3971.43,3971.43,High
5367,4764,Monitor,5.0,2024-03-08,North,860.77,4303.85,High
5368,3503,Webcam,2.0,2024-12-07,South,130.87,261.74,High
5369,4431,Mouse,3.0,2024-07-18,West,143.33,429.99,High
5370,2091,Laptop,5.0,2023-05-27,East,3609.27,18046.35,High
5371,2006,SSD,5.0,2023-10-09,South,512.34,2561.7000000000003,High
5372,3910,Webcam,5.0,2025-01-24,South,182.2,911.0,High
5373,4483,SSD,5.0,2025-12-10,East,298.37,1491.85,High
5374,2994,Keyboard,3.0,2024-05-09,North,87.62,262.86,High
5375,1490,Laptop,1.0,2024-02-13,North,3956.77,3956.77,High
5376,4904,Phone,3.0,2023-09-30,North,2005.12,6015.36,High
5377,2072,Keyboard,3.0,2024-04-02,North,84.61,253.82999999999998,High
5378,4758,Webcam,2.0,2023-02-15,South,161.32,322.64,High
5379,3611,Monitor,4.0,2023-11-07,West,731.41,2925.64,High
5380,4173,Keyboard,4.0,2024-07-15,North,236.92,947.68,High
5381,1215,Keyboard,2.0,2023-11-27,West,102.27,204.54,High
5382,4509,Webcam,3.0,2023-01-11,East,128.72,386.15999999999997,High
5383,2723,Monitor,2.0,2025-06-26,East,604.78,1209.56,High
5384,2592,Monitor,5.0,2025-12-07,North,1746.95,8734.75,High
5385,3606,Mouse,2.0,2023-01-08,North,51.08,102.16,High
5386,1158,Phone,2.0,2025-09-10,North,850.43,1700.86,High
5387,3536,Monitor,5.0,2024-07-19,East,596.46,2982.3,High
5389,4313,Headphones,5.0,2025-07-29,West,398.33,1991.6499999999999,High
5390,3841,Phone,1.0,2025-06-19,South,1476.95,1476.95,High
5391,2776,Laptop,2.0,2023-05-11,South,3366.22,6732.44,High
5392,4953,Webcam,2.0,2024-12-24,South,374.18,748.36,High
5393,3052,Laptop,4.0,2024-09-25,North,4276.76,17107.04,High
5394,4667,Headphones,3.0,2023-04-24,South,270.52,811.56,High
5396,3408,Phone,3.0,2025-11-10,South,2073.59,6220.77,High
5397,3506,Laptop,1.0,2023-02-02,West,3720.57,3720.57,High
5398,3295,Laptop,5.0,2023-05-13,South,4886.74,24433.699999999997,High
5399,2589,SSD,1.0,2025-07-08,South,558.8,558.8,High
5400,2696,Webcam,1.0,2025-09-01,East,260.37,260.37,High
5401,3993,Keyboard,1.0,2023-01-26,North,67.48,67.48,Low
5402,3469,Headphones,5.0,2024-08-23,West,115.48,577.4,High
5403,2946,Monitor,5.0,2024-06-28,West,1756.28,8781.4,High
5404,4809,Phone,4.0,2023-01-18,East,1986.67,7946.68,High
5405,3062,Laptop,2.0,2025-07-22,West,3680.47,7360.94,High
5406,3783,Webcam,3.0,2023-10-16,North,300.46,901.3799999999999,High
5407,4644,Keyboard,3.0,2025-11-16,South,184.95,554.8499999999999,High
5408,2145,Headphones,1.0,2025-03-27,West,389.17,389.17,High
5409,3324,Headphones,5.0,2023-04-18,South,212.94,1064.7,High
5410,2581,Webcam,5.0,2025-08-30,North,225.76,1128.8,High
5411,3500,SSD,1.0,2025-08-05,North,154.98,154.98,High
5412,4461,Phone,2.0,2025-01-07,South,1936.85,3873.7,High
5413,4365,Laptop,3.0,2023-11-20,East,2996.91,8990.73,High
5414,4645,Phone,4.0,2025-05-16,North,1915.75,7663.0,High
5415,3645,Webcam,2.0,2025-01-04,South,376.47,752.94,High
5416,3493,Webcam,5.0,2025-03-03,North,269.33,1346.6499999999999,High
5417,3257,Phone,1.0,2023-10-16,South,1357.74,1357.74,High
5419,3761,Keyboard,1.0,2025-06-10,East,112.93,112.93,High
5421,2932,Mouse,1.0,2023-01-09,North,134.61,134.61,High
5422,4294,Monitor,3.0,2023-07-03,North,1160.82,3482.46,High
5423,2757,Headphones,1.0,2025-06-13,North,215.49,215.49,High
5424,3050,Headphones,3.0,2025-12-12,East,486.53,1459.59,High
5425,1989,Keyboard,1.0,2025-05-19,North,146.86,146.86,High
5426,2541,Monitor,1.0,2024-06-16,South,951.69,951.69,High
5427,2116,Laptop,3.0,2025-09-26,East,2666.91,8000.73,High
5428,3567,Monitor,1.0,2024-10-24,East,778.45,778.45,High
5429,4499,Laptop,2.0,2025-08-11,East,2820.13,5640.26,High
5431,4306,SSD,2.0,2023-10-28,North,257.93,515.86,High
5432,1619,Monitor,4.0,2023-01-27,North,590.9,2363.6,High
5433,4232,Phone,2.0,2025-07-18,East,1410.34,2820.68,High
5434,4792,Webcam,4.0,2024-10-15,South,267.15,1068.6,High
5435,4823,Monitor,1.0,2024-07-06,North,590.33,590.33,High
5436,3378,Mouse,3.0,2023-04-16,East,106.95,320.85,High
5437,3380,Mouse,3.0,2024-08-08,East,38.89,116.67,High
5438,3097,Keyboard,5.0,2024-07-25,South,242.04,1210.2,High
5439,2546,Webcam,4.0,2025-03-20,North,359.0,1436.0,High
5440,1862,Webcam,5.0,2024-09-25,East,388.42,1942.1000000000001,High
5441,2691,Laptop,5.0,2025-10-31,South,4073.79,20368.95,High
5442,4563,Headphones,4.0,2025-07-19,North,416.03,1664.12,High
5443,2605,Keyboard,3.0,2024-10-20,East,223.52,670.5600000000001,High
5444,4752,Mouse,4.0,2025-06-04,South,175.29,701.16,High
5445,3319,Mouse,1.0,2023-11-17,North,167.21,167.21,High
5446,1579,SSD,5.0,2024-04-04,South,347.32,1736.6,High
5447,2890,Laptop,5.0,2024-08-01,West,3953.22,19766.1,High
5448,2275,Mouse,4.0,2025-05-26,West,57.53,230.12,High
5449,3607,Mouse,5.0,2025-01-23,West,148.14,740.6999999999999,High
5451,2855,Mouse,5.0,2024-04-08,East,166.22,831.1,High
5452,4770,Headphones,4.0,2025-09-24,West,508.82,2035.28,High
5453,4161,Phone,3.0,2023-08-29,South,1547.84,4643.5199999999995,High
5454,3493,Keyboard,3.0,2025-07-24,South,275.88,827.64,High
5455,4064,Headphones,5.0,2025-08-21,East,590.48,2952.4,High
5456,2355,Headphones,4.0,2025-08-16,West,589.02,2356.08,High
5457,2162,Phone,5.0,2025-05-14,West,1795.79,8978.95,High
5458,1356,SSD,1.0,2024-10-11,North,401.77,401.77,High
5459,2624,Webcam,1.0,2023-11-23,West,226.35,226.35,High
5460,3321,Keyboard,3.0,2025-05-14,South,124.95,374.85,High
5461,4090,SSD,5.0,2024-06-12,South,300.19,1500.95,High
5462,3006,SSD,1.0,2025-05-28,West,247.09,247.09,High
5463,3358,Headphones,2.0,2023-11-30,West,577.86,1155.72,High
5464,1869,Mouse,1.0,2025-10-23,East,135.37,135.37,High
5465,1885,SSD,5.0,2025-12-10,West,570.51,2852.55,High
5466,3001,Phone,5.0,2025-05-31,East,1458.11,7290.549999999999,High
5467,3201,Webcam,1.0,2023-12-16,South,175.42,175.42,High
5468,2413,Keyboard,5.0,2023-06-23,West,83.19,415.95,High
5469,2283,Monitor,5.0,2023-04-26,West,950.37,4751.85,High
5470,1619,Laptop,2.0,2023-12-27,South,4670.48,9340.96,High
5471,1882,Mouse,3.0,2023-03-17,South,128.99,386.97,High
5472,1796,Phone,5.0,2025-01-25,South,1569.21,7846.05,High
5473,4642,Laptop,4.0,2023-03-13,West,3704.75,14819.0,High
5474,3172,Webcam,3.0,2024-03-27,East,365.66,1096.98,High
5475,4425,Webcam,3.0,2025-06-29,West,141.7,425.09999999999997,High
5476,2296,Monitor,4.0,2024-01-02,South,1948.49,7793.96,High
5477,1618,SSD,1.0,2025-04-05,East,449.79,449.79,High
5478,2834,Headphones,2.0,2024-10-31,West,527.68,1055.36,High
5479,1244,Headphones,5.0,2025-11-13,North,362.7,1813.5,High
5480,3895,Keyboard,1.0,2023-04-20,East,109.16,109.16,High
5481,3497,Phone,4.0,2023-02-21,East,1764.64,7058.56,High
5482,1929,Phone,2.0,2024-04-11,East,915.5,1831.0,High
5483,2270,SSD,2.0,2025-03-28,East,533.49,1066.98,High
5484,1519,Webcam,2.0,2025-02-25,West,287.87,575.74,High
5485,4212,Keyboard,4.0,2024-07-09,South,120.71,482.84,High
5486,3409,SSD,1.0,2025-07-17,North,273.51,273.51,High
5487,1007,Laptop,5.0,2023-09-16,West,4708.42,23542.1,High
5488,3525,Headphones,2.0,2023-03-06,South,520.45,1040.9,High
5489,4423,Headphones,2.0,2023-06-12,North,481.55,963.1,High
5490,3019,Webcam,1.0,2023-02-08,South,212.73,212.73,High
5491,1494,Phone,2.0,2024-10-26,North,2283.26,4566.52,High
5492,2629,Webcam,2.0,2023-11-16,East,159.0,318.0,High
5493,3880,SSD,4.0,2023-12-26,East,160.91,643.64,High
5494,4498,Phone,3.0,2023-09-26,East,1535.71,4607.13,High
5495,2062,Keyboard,1.0,2023-11-20,East,279.88,279.88,High
5496,3640,SSD,1.0,2023-11-22,South,407.05,407.05,High
5497,1186,Monitor,1.0,2023-09-14,North,844.15,844.15,High
5498,4667,Laptop,4.0,2023-07-19,West,3952.46,15809.84,High
5499,4671,Mouse,4.0,2024-09-01,South,156.65,626.6,High
5500,3801,Monitor,5.0,2025-06-23,North,1325.51,6627.55,High
5501,2877,SSD,4.0,2023-06-13,East,529.17,2116.68,High
5502,3140,Monitor,1.0,2024-09-06,South,1388.56,1388.56,High
5503,1085,Phone,5.0,2023-04-16,North,963.24,4816.2,High
5504,4115,Phone,3.0,2024-11-29,North,2176.23,6528.6900000000005,High
5505,1136,Phone,2.0,2023-12-30,West,1048.81,2097.62,High
5506,3468,Monitor,2.0,2025-11-10,South,1824.13,3648.26,High
5507,3121,Webcam,5.0,2024-10-21,North,246.99,1234.95,High
5508,4619,Laptop,3.0,2024-11-29,East,4195.6,12586.800000000001,High
5509,2636,Webcam,2.0,2025-01-16,West,391.07,782.14,High
5510,4583,Phone,5.0,2025-08-18,East,1534.3,7671.5,High
5511,4227,SSD,4.0,2025-07-18,North,356.87,1427.48,High
5512,4326,SSD,1.0,2023-07-28,South,521.63,521.63,High
5513,3218,Headphones,3.0,2025-12-25,North,155.12,465.36,High
5514,2751,Webcam,2.0,2024-05-05,East,88.86,177.72,High
5515,3217,Laptop,1.0,2024-12-03,East,3812.95,3812.95,High
5516,2787,SSD,5.0,2024-05-16,South,225.38,1126.9,High
5517,1871,Headphones,2.0,2024-10-27,East,227.87,455.74,High
5518,3369,Laptop,1.0,2023-08-09,East,4928.84,4928.84,High
5519,4638,Phone,4.0,2024-03-10,West,1910.35,7641.4,High
5520,3503,Webcam,3.0,2023-10-07,East,353.84,1061.52,High
5521,1943,Mouse,5.0,2024-06-07,East,182.62,913.1,High
5522,2626,Keyboard,2.0,2024-10-28,West,80.34,160.68,High
5523,3837,Phone,4.0,2025-11-12,North,2377.22,9508.88,High
5524,3660,SSD,3.0,2025-01-01,North,539.93,1619.79,High
5525,4226,Monitor,3.0,2023-12-14,East,568.01,1704.03,High
5526,3936,Mouse,4.0,2025-02-03,South,196.13,784.52,High
5527,1348,Monitor,2.0,2025-07-22,South,1187.48,2374.96,High
5528,4522,Laptop,3.0,2023-07-02,West,4923.47,14770.41,High
5529,4947,Monitor,5.0,2024-05-22,East,1735.78,8678.9,High
5530,2676,Mouse,1.0,2023-07-17,West,104.82,104.82,High
5531,2196,Mouse,5.0,2024-01-16,West,116.96,584.8,High
5532,1009,Phone,3.0,2025-04-04,North,1267.67,3803.01,High
5533,3787,Headphones,1.0,2025-10-26,East,343.46,343.46,High
5534,4336,Phone,4.0,2023-07-11,West,982.74,3930.96,High
5535,2461,Laptop,1.0,2024-06-08,South,4725.91,4725.91,High
5536,4831,SSD,1.0,2025-11-25,East,470.95,470.95,High
5537,4318,Monitor,1.0,2025-12-29,East,1707.81,1707.81,High
5538,1666,Headphones,3.0,2023-10-16,North,365.56,1096.68,High
5539,3593,Webcam,2.0,2023-04-15,North,120.2,240.4,High
5540,2522,Keyboard,3.0,2023-11-09,South,184.31,552.9300000000001,High
5541,3176,Mouse,2.0,2025-12-14,South,85.97,171.94,High
5542,4743,Headphones,4.0,2023-11-03,East,105.05,420.2,High
5543,1600,SSD,4.0,2025-03-31,West,426.77,1707.08,High
5544,3652,Webcam,4.0,2023-02-05,North,353.17,1412.68,High
5545,1326,Headphones,4.0,2025-06-05,South,455.28,1821.12,High
5547,4906,Webcam,5.0,2025-11-26,West,342.12,1710.6,High
5548,1979,Keyboard,3.0,2025-11-08,East,127.37,382.11,High
5549,3451,SSD,2.0,2023-02-04,East,248.32,496.64,High
5550,1628,Mouse,4.0,2024-04-11,East,193.39,773.56,High
5551,2629,SSD,5.0,2025-06-15,East,157.47,787.35,High
5552,4746,Laptop,5.0,2023-07-18,North,2502.71,12513.55,High
5553,4682,Laptop,5.0,2025-02-06,North,3401.0,17005.0,High
5554,4696,Headphones,3.0,2023-08-29,North,183.53,550.59,High
5555,4430,Webcam,4.0,2023-10-21,North,133.4,533.6,High
5556,4674,Headphones,5.0,2025-07-10,South,417.17,2085.85,High
5557,4929,Monitor,5.0,2024-04-12,East,1728.55,8642.75,High
5558,3765,Keyboard,4.0,2024-01-02,North,215.4,861.6,High
5559,4088,Mouse,3.0,2025-11-10,North,47.25,141.75,High
5560,1273,Headphones,5.0,2023-11-12,East,547.69,2738.4500000000003,High
5561,1684,Monitor,2.0,2025-01-27,North,1884.12,3768.24,High
5562,1115,Webcam,1.0,2024-03-26,North,169.92,169.92,High
5563,1860,Keyboard,1.0,2025-02-16,West,188.28,188.28,High
5564,3003,Mouse,1.0,2025-06-26,North,112.49,112.49,High
5565,1692,Laptop,3.0,2024-03-21,South,4004.67,12014.01,High
5566,4162,Monitor,5.0,2025-08-14,North,1966.92,9834.6,High
5567,2105,Webcam,1.0,2023-03-21,West,395.64,395.64,High
5568,3371,Keyboard,1.0,2025-11-06,East,177.29,177.29,High
5569,4008,Monitor,4.0,2023-05-18,North,637.92,2551.68,High
5570,3161,Headphones,5.0,2024-10-13,East,267.24,1336.2,High
5571,2792,Phone,5.0,2025-04-30,North,1503.06,7515.299999999999,High
5572,4129,Laptop,4.0,2024-07-05,South,3603.9,14415.6,High
5573,1153,Headphones,5.0,2023-03-15,East,580.19,2900.9500000000003,High
5574,2900,Headphones,2.0,2023-02-19,North,231.21,462.42,High
5575,2427,Webcam,3.0,2025-10-30,South,251.74,755.22,High
5576,4699,Webcam,4.0,2024-01-23,South,173.14,692.56,High
5577,4926,Keyboard,1.0,2024-01-20,West,279.87,279.87,High
5578,2289,Webcam,5.0,2023-10-26,West,396.79,1983.95,High
5579,1314,Monitor,2.0,2023-12-05,East,1806.11,3612.22,High
5580,4786,Laptop,2.0,2024-04-18,West,3016.23,6032.46,High
5581,2064,Headphones,3.0,2024-09-07,East,238.94,716.8199999999999,High
5582,1104,Keyboard,2.0,2025-08-19,West,157.79,315.58,High
5583,2924,SSD,5.0,2025-03-02,South,486.41,2432.05,High
5584,2913,SSD,5.0,2023-01-13,East,154.19,770.95,High
5585,2216,Laptop,2.0,2024-03-24,West,4985.33,9970.66,High
5586,2424,Webcam,5.0,2023-06-23,West,362.69,1813.45,High
5587,4349,Webcam,5.0,2024-08-17,North,87.62,438.1,High
5588,3401,Monitor,1.0,2025-07-20,North,1073.15,1073.15,High
5589,4063,Webcam,4.0,2023-09-26,West,300.11,1200.44,High
5590,2772,SSD,5.0,2024-09-09,East,258.63,1293.15,High
5591,2960,Headphones,5.0,2025-02-11,West,171.42,857.0999999999999,High
5592,3780,SSD,3.0,2025-05-14,East,433.19,1299.57,High
5593,2603,Mouse,4.0,2024-06-09,West,183.6,734.4,High
5594,1708,Headphones,4.0,2025-06-06,South,577.8,2311.2,High
5595,4327,Headphones,4.0,2024-11-02,North,105.13,420.52,High
5596,1650,Webcam,2.0,2023-06-27,East,359.83,719.66,High
5598,1946,Webcam,1.0,2023-09-17,East,156.07,156.07,High
5599,1660,Laptop,3.0,2024-10-04,South,3850.83,11552.49,High
5600,3146,Laptop,4.0,2023-03-22,East,4987.37,19949.48,High
5601,3635,SSD,4.0,2025-12-18,East,274.28,1097.12,High
5602,3329,Laptop,5.0,2023-05-09,West,2830.66,14153.3,High
5603,4954,Keyboard,2.0,2024-02-16,North,224.74,449.48,High
5604,3450,Phone,2.0,2023-11-11,North,873.45,1746.9,High
5605,2132,Webcam,3.0,2024-03-30,South,342.58,1027.74,High
5606,1699,Keyboard,1.0,2024-09-06,South,213.13,213.13,High
5607,3246,Headphones,4.0,2025-06-17,West,520.6,2082.4,High
5608,4374,Keyboard,3.0,2025-06-21,North,107.69,323.07,High
5610,3374,Mouse,2.0,2023-08-20,West,106.26,212.52,High
5611,3201,Laptop,2.0,2024-09-02,North,2398.17,4796.34,High
5612,1551,Webcam,4.0,2024-12-30,West,368.46,1473.84,High
5613,4716,Monitor,4.0,2025-08-22,South,1557.52,6230.08,High
5614,1404,Webcam,4.0,2025-05-31,East,133.85,535.4,High
5615,1461,SSD,5.0,2023-11-14,North,260.93,1304.65,High
5616,3179,Mouse,1.0,2024-06-05,West,75.71,75.71,Low
5617,3838,Monitor,2.0,2024-12-16,East,1945.0,3890.0,High
5618,1873,Webcam,2.0,2025-12-15,West,363.58,727.16,High
5619,1083,Headphones,5.0,2025-12-08,East,273.17,1365.8500000000001,High
5620,2422,Laptop,2.0,2025-11-05,East,3399.91,6799.82,High
5621,3801,Monitor,2.0,2025-06-02,North,927.92,1855.84,High
5622,3675,Headphones,4.0,2023-07-21,North,471.32,1885.28,High
5623,4180,Laptop,4.0,2023-04-03,South,2483.63,9934.52,High
5624,1220,Phone,1.0,2025-11-22,West,1375.64,1375.64,High
5625,4975,Headphones,2.0,2024-02-23,North,403.05,806.1,High
5626,3600,Keyboard,3.0,2024-07-04,West,269.34,808.02,High
5627,2391,Webcam,2.0,2024-09-17,West,283.38,566.76,High
5628,4218,SSD,2.0,2025-04-24,South,572.88,1145.76,High
5630,1614,Monitor,3.0,2024-12-20,West,1577.45,4732.35,High
5631,2581,Mouse,2.0,2025-08-01,North,77.38,154.76,High
5632,3971,Monitor,3.0,2024-01-29,South,1524.62,4573.86,High
5633,4565,Keyboard,4.0,2025-03-19,North,98.18,392.72,High
5634,4576,Webcam,4.0,2025-05-21,West,186.63,746.52,High
5635,1474,Keyboard,3.0,2025-05-16,East,239.47,718.41,High
5636,3883,Monitor,2.0,2024-07-24,South,1775.95,3551.9,High
5637,2913,SSD,3.0,2024-09-25,North,337.55,1012.6500000000001,High
5638,1270,Webcam,3.0,2024-09-23,South,247.5,742.5,High
5639,3468,Mouse,4.0,2025-03-19,North,95.64,382.56,High
5640,2920,Laptop,3.0,2023-11-18,West,3437.9,10313.7,High
5641,3754,Webcam,5.0,2024-07-27,East,244.0,1220.0,High
5642,2390,Headphones,5.0,2025-11-29,East,445.92,2229.6,High
5643,4351,Webcam,4.0,2025-11-29,North,320.17,1280.68,High
5644,4354,Keyboard,2.0,2025-05-19,East,293.75,587.5,High
5645,1039,Keyboard,2.0,2025-01-15,North,159.41,318.82,High
5646,2982,Keyboard,4.0,2025-11-04,West,70.78,283.12,High
5647,3236,Mouse,2.0,2025-07-25,East,146.99,293.98,High
5648,4235,Webcam,1.0,2025-08-16,North,239.45,239.45,High
5649,1993,SSD,5.0,2023-02-17,North,528.46,2642.3,High
5650,3012,SSD,1.0,2023-07-08,West,215.94,215.94,High
5651,4607,Webcam,1.0,2023-10-31,North,286.37,286.37,High
5652,3583,SSD,1.0,2024-01-04,East,356.67,356.67,High
5653,4075,Phone,4.0,2024-04-04,East,1512.82,6051.28,High
5654,4906,Mouse,1.0,2023-09-04,North,126.03,126.03,High
5655,1289,Laptop,3.0,2023-09-21,East,4052.55,12157.650000000001,High
5656,3480,Laptop,2.0,2024-06-13,East,4552.78,9105.56,High
5657,3518,Laptop,4.0,2025-01-19,East,2705.33,10821.32,High
5658,4252,Laptop,3.0,2024-02-11,South,2879.28,8637.84,High
5659,4319,Laptop,3.0,2024-03-28,West,3645.74,10937.22,High
5660,3675,SSD,5.0,2025-03-24,North,305.95,1529.75,High
5661,1278,Monitor,5.0,2024-07-31,South,1352.52,6762.6,High
5662,3924,Keyboard,3.0,2025-08-22,North,100.04,300.12,High
5663,1580,Mouse,5.0,2023-05-27,West,82.3,411.5,High
5664,1862,Monitor,2.0,2024-02-10,North,987.26,1974.52,High
5665,1253,Mouse,2.0,2023-07-02,East,198.69,397.38,High
5666,1180,Phone,5.0,2023-08-24,East,2252.39,11261.949999999999,High
5667,4901,Webcam,1.0,2024-09-29,West,348.06,348.06,High
5668,1680,Headphones,3.0,2025-08-15,East,356.78,1070.34,High
5669,1824,Keyboard,2.0,2023-06-28,East,166.71,333.42,High
5670,4580,Phone,5.0,2024-03-07,West,919.21,4596.05,High
5672,1699,Headphones,2.0,2025-01-12,West,547.67,1095.34,High
5673,3613,Webcam,2.0,2023-11-19,North,248.21,496.42,High
5674,2349,Phone,1.0,2024-02-03,South,2478.65,2478.65,High
5675,2380,Webcam,5.0,2023-12-03,West,269.37,1346.85,High
5676,4896,Webcam,5.0,2023-04-29,West,200.8,1004.0,High
5677,2673,SSD,4.0,2024-02-17,West,273.35,1093.4,High
5678,3727,Mouse,1.0,2024-08-02,East,186.12,186.12,High
5679,3438,Headphones,2.0,2023-11-01,West,285.37,570.74,High
5680,2638,Mouse,2.0,2023-07-15,North,54.84,109.68,High
5681,2957,Webcam,3.0,2023-11-29,North,169.04,507.12,High
5682,4156,SSD,2.0,2025-11-09,North,440.53,881.06,High
5683,4388,Phone,5.0,2024-09-14,West,1026.12,5130.599999999999,High
5684,1211,Webcam,2.0,2024-10-19,South,109.3,218.6,High
5685,2538,Monitor,5.0,2024-12-04,East,1186.44,5932.200000000001,High
5686,1383,Webcam,5.0,2025-06-01,North,106.77,533.85,High
5687,2714,Mouse,1.0,2024-06-07,North,96.8,96.8,Low
5688,1341,Headphones,2.0,2023-08-05,East,261.36,522.72,High
5690,2987,Mouse,5.0,2024-01-10,North,112.92,564.6,High
5691,1843,Webcam,2.0,2023-02-05,South,139.31,278.62,High
5692,4109,Monitor,2.0,2025-02-14,North,1163.64,2327.28,High
5693,2534,Keyboard,1.0,2023-01-28,East,140.38,140.38,High
5694,1419,SSD,1.0,2023-03-27,North,507.96,507.96,High
5695,3798,Monitor,5.0,2023-07-07,East,1542.03,7710.15,High
5696,4240,Webcam,5.0,2023-11-01,North,359.21,1796.05,High
5697,2988,Monitor,2.0,2025-02-04,East,1503.51,3007.02,High
5698,2932,SSD,2.0,2023-03-21,North,204.49,408.98,High
5699,4414,Keyboard,4.0,2023-07-05,South,176.77,707.08,High
5700,2849,Monitor,4.0,2025-10-25,South,1613.7,6454.8,High
5701,1305,Keyboard,3.0,2024-07-11,East,260.42,781.26,High
5702,4613,Webcam,5.0,2024-05-23,East,138.01,690.05,High
5703,3749,Keyboard,3.0,2025-08-28,West,105.88,317.64,High
5704,1868,Mouse,3.0,2025-10-22,West,176.58,529.74,High
5706,2135,Keyboard,1.0,2023-09-14,East,163.11,163.11,High
5707,2434,Phone,4.0,2023-11-20,East,1640.0,6560.0,High
5708,1205,Headphones,3.0,2023-07-16,East,186.67,560.01,High
5709,4256,Phone,4.0,2024-05-18,East,1866.98,7467.92,High
5710,4453,Keyboard,5.0,2024-11-24,South,251.99,1259.95,High
5712,4450,Mouse,1.0,2023-01-18,East,35.16,35.16,Low
5713,4118,Headphones,5.0,2023-04-17,East,457.59,2287.95,High
5714,2909,Keyboard,5.0,2023-05-05,South,72.81,364.05,High
5715,4811,Mouse,1.0,2024-04-27,North,194.37,194.37,High
5716,4622,Headphones,1.0,2025-10-24,South,341.12,341.12,High
5717,4599,Headphones,3.0,2024-09-18,West,487.71,1463.1299999999999,High
5718,3551,Phone,4.0,2023-12-17,North,1857.16,7428.64,High
5719,2045,Headphones,5.0,2023-12-17,East,575.97,2879.8500000000004,High
5720,1212,Webcam,3.0,2024-10-10,West,391.57,1174.71,High
5721,1309,Keyboard,3.0,2025-06-19,South,119.72,359.15999999999997,High
5722,3708,Laptop,5.0,2023-08-16,West,3448.61,17243.05,High
5723,2991,Laptop,5.0,2023-01-16,West,3512.72,17563.6,High
5724,3800,Laptop,2.0,2024-02-29,South,2533.09,5066.18,High
5725,1271,Keyboard,4.0,2024-04-08,North,275.98,1103.92,High
5726,4642,Laptop,5.0,2024-12-24,North,3048.82,15244.1,High
5727,2822,Phone,1.0,2025-03-04,South,948.68,948.68,High
5728,3985,Keyboard,2.0,2023-06-26,West,88.63,177.26,High
5729,4273,Webcam,4.0,2024-06-26,North,244.26,977.04,High
5730,3079,Mouse,1.0,2024-05-23,West,179.89,179.89,High
5731,1442,Webcam,1.0,2024-07-17,North,281.03,281.03,High
5732,3209,Keyboard,4.0,2023-08-21,West,103.71,414.84,High
5733,3814,Keyboard,2.0,2025-11-27,North,124.2,248.4,High
5734,1253,Headphones,1.0,2024-05-05,East,588.01,588.01,High
5735,1520,Headphones,3.0,2025-10-13,North,126.42,379.26,High
5736,1976,Headphones,4.0,2024-03-19,North,597.17,2388.68,High
5737,4722,SSD,4.0,2023-01-20,North,557.64,2230.56,High
5738,4551,SSD,5.0,2023-04-21,North,455.32,2276.6,High
5739,1009,Monitor,2.0,2024-05-01,North,1914.8,3829.6,High
5740,3773,SSD,3.0,2023-03-30,East,218.61,655.83,High
5741,3552,Phone,3.0,2024-03-09,South,2402.4,7207.200000000001,High
5742,3832,Keyboard,5.0,2023-03-13,East,103.14,515.7,High
5743,4907,Webcam,1.0,2025-04-01,East,254.79,254.79,High
5744,2583,Keyboard,1.0,2025-03-26,East,172.19,172.19,High
5745,3483,Headphones,3.0,2024-02-08,West,356.23,1068.69,High
5746,2134,Keyboard,2.0,2023-09-08,West,116.84,233.68,High
5747,1152,Mouse,1.0,2025-05-18,South,162.71,162.71,High
5748,2658,SSD,4.0,2025-05-17,South,484.16,1936.64,High
5749,3964,Keyboard,5.0,2025-06-14,East,288.49,1442.45,High
5750,3916,Webcam,2.0,2023-09-13,East,242.24,484.48,High
5751,4173,Laptop,1.0,2025-05-22,South,3644.28,3644.28,High
5752,3800,Mouse,3.0,2024-05-06,East,183.57,550.71,High
5753,2856,Mouse,5.0,2023-12-02,North,186.3,931.5,High
5754,2214,Keyboard,1.0,2024-09-24,North,212.38,212.38,High
5755,2752,Monitor,3.0,2023-12-28,East,1730.59,5191.7699999999995,High
5756,3610,Headphones,1.0,2025-11-19,North,352.57,352.57,High
5757,4875,Phone,5.0,2025-07-07,North,1459.93,7299.650000000001,High
5758,2104,Phone,4.0,2025-06-12,North,2268.92,9075.68,High
5759,3536,Laptop,4.0,2024-09-28,South,4331.82,17327.28,High
5760,1894,Phone,3.0,2025-01-16,South,1212.1,3636.2999999999997,High
5761,2111,Phone,4.0,2024-11-13,South,881.0,3524.0,High
5762,4265,Headphones,5.0,2025-09-29,North,382.8,1914.0,High
5763,1103,SSD,3.0,2025-10-03,North,528.73,1586.19,High
5764,4854,Headphones,1.0,2024-11-23,North,223.6,223.6,High
5765,4167,Monitor,2.0,2023-08-03,South,1651.09,3302.18,High
5766,4494,Webcam,1.0,2023-04-28,South,212.48,212.48,High
5767,2914,Laptop,5.0,2023-08-15,East,3007.13,15035.650000000001,High
5768,4269,Phone,3.0,2025-06-09,East,1093.79,3281.37,High
5769,4072,Monitor,1.0,2024-03-19,East,1901.44,1901.44,High
5770,2006,Laptop,3.0,2024-07-02,East,2677.09,8031.27,High
5771,1406,Mouse,4.0,2025-04-08,South,77.46,309.84,High
5772,2401,Phone,2.0,2023-01-12,West,1363.53,2727.06,High
5773,1166,Phone,5.0,2024-05-03,North,1283.93,6419.650000000001,High
5774,1508,Headphones,1.0,2024-08-01,North,181.45,181.45,High
5775,2661,Keyboard,2.0,2025-01-11,North,138.61,277.22,High
5776,3360,Laptop,5.0,2023-06-17,West,3415.32,17076.600000000002,High
5777,4664,Phone,5.0,2025-08-18,West,1738.01,8690.05,High
5778,4489,SSD,4.0,2023-07-19,West,220.42,881.68,High
5779,1762,Laptop,3.0,2025-05-13,South,4338.24,13014.72,High
5780,1680,Webcam,3.0,2025-01-23,West,179.69,539.0699999999999,High
5781,3524,SSD,2.0,2025-11-02,North,563.08,1126.16,High
5782,3120,Monitor,4.0,2025-02-12,East,994.33,3977.32,High
5783,2164,SSD,5.0,2023-04-07,West,538.3,2691.5,High
5784,1581,Monitor,4.0,2023-03-12,East,1028.8,4115.2,High
5785,1261,Keyboard,4.0,2025-09-19,North,176.46,705.84,High
5786,2363,Phone,2.0,2023-12-23,East,1433.0,2866.0,High
5787,2331,SSD,3.0,2025-03-22,North,324.19,972.5699999999999,High
5788,3292,Webcam,4.0,2024-06-27,North,277.95,1111.8,High
5789,2538,Headphones,4.0,2023-09-11,East,446.46,1785.84,High
5790,4408,Phone,4.0,2025-09-14,North,2279.8,9119.2,High
5791,4646,Laptop,1.0,2023-01-04,North,3707.16,3707.16,High
5792,1560,Mouse,4.0,2023-05-25,East,66.86,267.44,High
5793,2099,Monitor,4.0,2023-06-14,East,1984.37,7937.48,High
5794,2903,Laptop,5.0,2023-12-10,North,4051.32,20256.600000000002,High
5795,1174,Keyboard,1.0,2024-06-03,North,143.69,143.69,High
5796,3156,Monitor,4.0,2025-07-14,West,1952.31,7809.24,High
5797,3230,Headphones,4.0,2024-08-31,North,579.24,2316.96,High
5798,1191,Monitor,2.0,2024-05-26,East,619.31,1238.62,High
5800,4920,SSD,1.0,2024-03-11,East,170.01,170.01,High
5801,4010,Webcam,5.0,2024-06-25,North,299.3,1496.5,High
5802,2497,SSD,1.0,2024-09-04,South,469.9,469.9,High
5803,4854,Phone,1.0,2025-06-18,East,2030.85,2030.85,High
5804,4171,Mouse,2.0,2025-12-22,East,137.14,274.28,High
5805,2567,Webcam,2.0,2025-11-21,East,171.36,342.72,High
5806,3911,Mouse,5.0,2024-07-16,North,58.41,292.04999999999995,High
5807,2151,Phone,4.0,2024-07-28,North,2377.36,9509.44,High
5808,4523,Monitor,5.0,2025-10-18,South,1869.71,9348.55,High
5809,2937,Keyboard,4.0,2023-12-09,East,110.62,442.48,High
5810,1368,Phone,3.0,2024-09-04,East,1085.49,3256.4700000000003,High
5811,1850,Phone,2.0,2023-05-09,North,1438.08,2876.16,High
5812,1042,Webcam,3.0,2025-11-08,East,95.49,286.46999999999997,High
5813,2907,Headphones,3.0,2023-12-23,East,181.07,543.21,High
5814,4490,SSD,2.0,2025-08-16,West,321.13,642.26,High
5815,3535,Monitor,3.0,2023-03-22,South,858.12,2574.36,High
5816,1077,Phone,1.0,2024-10-27,South,2052.59,2052.59,High
5817,3873,Keyboard,4.0,2025-02-19,South,276.24,1104.96,High
5818,2824,Laptop,5.0,2025-03-01,East,4727.42,23637.1,High
5819,2293,Monitor,2.0,2024-05-06,East,1406.42,2812.84,High
5820,1673,Headphones,1.0,2023-08-13,East,451.74,451.74,High
5821,1700,Mouse,5.0,2025-09-13,North,113.99,569.9499999999999,High
5822,1758,Phone,5.0,2024-02-23,East,1049.37,5246.849999999999,High
5823,2923,Keyboard,5.0,2025-02-18,South,208.76,1043.8,High
5824,3775,Monitor,3.0,2023-05-17,West,1024.93,3074.79,High
5825,4386,Keyboard,3.0,2023-08-14,North,51.45,154.35000000000002,High
5826,3972,Keyboard,3.0,2023-11-19,North,193.74,581.22,High
5827,4922,SSD,3.0,2025-03-22,North,239.27,717.8100000000001,High
5828,1901,Webcam,1.0,2024-03-20,North,363.68,363.68,High
5829,3936,Mouse,3.0,2023-01-07,North,188.77,566.3100000000001,High
5830,1992,Headphones,2.0,2023-05-08,North,181.09,362.18,High
5831,2191,SSD,5.0,2023-09-24,South,163.24,816.2,High
5832,3386,Monitor,1.0,2024-11-15,North,506.07,506.07,High
5833,3240,Phone,3.0,2025-07-16,West,2352.17,7056.51,High
5834,2476,Headphones,5.0,2023-08-02,North,176.01,880.05,High
5835,3330,Phone,1.0,2023-09-04,West,1540.07,1540.07,High
5836,4407,Laptop,5.0,2024-02-25,West,2171.48,10857.4,High
5837,1389,Keyboard,1.0,2025-11-30,North,143.34,143.34,High
5838,1999,Laptop,4.0,2024-12-17,North,4356.27,17425.08,High
5839,1524,Webcam,1.0,2023-05-23,North,210.13,210.13,High
5840,4311,Keyboard,3.0,2023-05-21,East,243.9,731.7,High
5841,2855,Mouse,5.0,2024-07-18,East,147.1,735.5,High
5842,2506,Headphones,5.0,2023-04-17,South,358.65,1793.25,High
5843,1658,Phone,5.0,2023-02-02,North,2054.11,10270.550000000001,High
5844,3763,SSD,2.0,2023-04-29,East,545.6,1091.2,High
5845,4663,Webcam,2.0,2023-08-17,South,333.76,667.52,High
5846,1890,Mouse,3.0,2024-11-18,West,147.59,442.77,High
5847,4626,Phone,4.0,2025-04-09,South,1993.1,7972.4,High
5848,2481,Headphones,2.0,2025-10-07,North,180.55,361.1,High
5849,4160,Monitor,1.0,2025-04-29,North,1926.01,1926.01,High
5850,4731,Webcam,3.0,2025-01-02,East,145.81,437.43,High
5851,4166,Laptop,4.0,2025-04-24,South,3046.86,12187.44,High
5852,1451,Laptop,1.0,2023-09-29,North,3553.96,3553.96,High
5853,3475,SSD,5.0,2024-09-26,North,206.78,1033.9,High
5854,4222,Phone,2.0,2025-10-28,South,1809.08,3618.16,High
5855,2537,Phone,1.0,2024-02-07,East,1110.55,1110.55,High
5856,4447,Phone,4.0,2025-07-16,North,2369.73,9478.92,High
5858,1882,Headphones,1.0,2024-09-08,South,372.21,372.21,High
5859,1312,Monitor,3.0,2025-09-07,South,1174.21,3522.63,High
5860,1839,Laptop,5.0,2024-06-20,East,2307.81,11539.05,High
5861,3566,Mouse,4.0,2025-12-12,East,169.96,679.84,High
5862,4277,Keyboard,4.0,2023-09-04,East,144.84,579.36,High
5863,1374,Webcam,2.0,2023-12-03,South,158.82,317.64,High
5864,1450,Webcam,4.0,2023-02-02,West,398.5,1594.0,High
5865,4697,Headphones,1.0,2025-03-09,South,434.15,434.15,High
5866,4855,Laptop,1.0,2024-07-01,South,2221.59,2221.59,High
5867,4062,SSD,1.0,2025-06-09,North,510.58,510.58,High
5868,1594,Monitor,5.0,2024-12-29,North,1625.6,8128.0,High
5869,4250,Headphones,4.0,2023-02-13,East,300.6,1202.4,High
5870,2233,Mouse,4.0,2023-10-31,North,51.03,204.12,High
5871,1499,Laptop,1.0,2023-09-26,West,3492.33,3492.33,High
5872,1463,Headphones,2.0,2024-11-13,North,481.66,963.32,High
5873,4911,Laptop,2.0,2024-02-04,East,2228.04,4456.08,High
5874,4195,Laptop,4.0,2024-08-25,East,2490.32,9961.28,High
5875,1112,SSD,4.0,2025-07-10,West,428.52,1714.08,High
5876,2035,Webcam,3.0,2025-08-28,North,259.05,777.1500000000001,High
5877,4197,Monitor,4.0,2024-03-06,West,1857.63,7430.52,High
5878,4636,Webcam,1.0,2024-02-25,West,340.73,340.73,High
5879,3378,Keyboard,5.0,2023-05-11,West,279.71,1398.55,High
5880,2924,Monitor,4.0,2024-07-31,West,1198.94,4795.76,High
5881,4354,Laptop,4.0,2024-06-23,West,4363.4,17453.6,High
5882,1139,Headphones,1.0,2023-05-05,East,124.36,124.36,High
5883,2424,Mouse,3.0,2025-07-22,West,80.06,240.18,High
5884,3949,SSD,4.0,2024-08-14,East,439.92,1759.68,High
5885,4168,Monitor,2.0,2024-10-05,East,1645.53,3291.06,High
5886,1516,Keyboard,2.0,2023-11-24,East,192.62,385.24,High
5887,3616,Laptop,2.0,2025-03-22,West,3442.21,6884.42,High
5888,2947,Mouse,5.0,2023-02-15,North,69.66,348.29999999999995,High
5889,3893,Monitor,5.0,2023-03-25,West,761.28,3806.3999999999996,High
5890,4140,Webcam,4.0,2025-03-04,North,360.15,1440.6,High
5891,3165,Webcam,4.0,2023-12-18,South,125.51,502.04,High
5892,1887,Monitor,4.0,2025-11-02,North,1152.93,4611.72,High
5893,4130,Monitor,5.0,2024-09-28,South,1832.72,9163.6,High
5894,4104,Monitor,4.0,2023-08-22,West,721.57,2886.28,High
5895,2341,Mouse,1.0,2025-12-10,South,51.68,51.68,Low
5896,1049,Webcam,3.0,2025-02-19,East,301.6,904.8000000000001,High
5897,4951,Headphones,2.0,2024-11-11,North,265.79,531.58,High
5898,4560,Keyboard,2.0,2025-07-21,West,158.93,317.86,High
5899,1018,Keyboard,1.0,2025-05-10,West,206.4,206.4,High
5900,1725,SSD,4.0,2023-05-28,South,320.54,1282.16,High
5901,3244,Laptop,5.0,2023-10-27,South,4399.52,21997.600000000002,High
5902,4962,Phone,4.0,2024-07-02,South,2447.27,9789.08,High
5903,2473,Headphones,4.0,2025-09-04,South,566.53,2266.12,High
5904,3606,Webcam,2.0,2024-01-18,North,254.54,509.08,High
5905,4750,Laptop,2.0,2025-03-10,West,3064.45,6128.9,High
5906,1451,SSD,5.0,2024-06-17,West,345.18,1725.9,High
5907,3336,Laptop,2.0,2024-07-23,North,2990.47,5980.94,High
5908,2164,Monitor,4.0,2025-07-19,West,1162.59,4650.36,High
5909,2107,Phone,1.0,2023-08-25,North,822.05,822.05,High
5910,4765,Webcam,5.0,2025-08-23,South,97.67,488.35,High
5911,3438,Phone,1.0,2024-12-01,East,2111.27,2111.27,High
5912,4662,Headphones,4.0,2025-01-23,North,267.41,1069.64,High
5913,1214,Phone,5.0,2024-07-28,North,2150.49,10752.449999999999,High
5914,2549,Laptop,1.0,2025-08-14,North,3439.83,3439.83,High
5915,3262,Phone,5.0,2025-10-13,East,2170.06,10850.3,High
5916,4474,Phone,4.0,2025-02-09,West,1928.09,7712.36,High
5917,1127,Keyboard,5.0,2023-08-11,East,100.25,501.25,High
5918,2845,Webcam,4.0,2024-07-10,East,223.27,893.08,High
5919,4548,Webcam,5.0,2025-06-29,East,305.39,1526.9499999999998,High
5920,1759,Laptop,5.0,2023-09-30,South,2991.85,14959.25,High
5921,3451,Mouse,2.0,2024-03-05,West,62.86,125.72,High
5923,2815,Phone,3.0,2025-08-17,North,1265.2,3795.6000000000004,High
5924,3385,Monitor,5.0,2025-06-28,North,1391.51,6957.55,High
5925,3878,Webcam,1.0,2024-03-26,West,166.96,166.96,High
5926,3761,Phone,2.0,2025-10-08,North,2341.18,4682.36,High
5927,1360,Webcam,2.0,2023-02-11,West,190.05,380.1,High
5928,1568,Phone,5.0,2023-04-04,North,2342.67,11713.35,High
5929,2415,Keyboard,3.0,2024-04-30,East,119.87,359.61,High
5930,3265,Laptop,2.0,2024-05-31,South,3813.36,7626.72,High
5931,2597,Webcam,4.0,2024-12-17,West,121.67,486.68,High
5932,2692,Headphones,5.0,2024-05-13,East,489.19,2445.95,High
5933,1201,Laptop,5.0,2024-01-06,North,2600.65,13003.25,High
5934,3064,Monitor,3.0,2025-09-07,North,1796.03,5388.09,High
5935,3369,Laptop,4.0,2024-11-29,South,3357.34,13429.36,High
5936,1517,Phone,4.0,2024-04-29,West,960.72,3842.88,High
5938,2348,Laptop,1.0,2024-09-19,West,4339.18,4339.18,High
5939,2435,SSD,4.0,2025-01-01,North,184.33,737.32,High
5940,2341,Monitor,1.0,2023-07-11,East,1438.59,1438.59,High
5941,1680,SSD,1.0,2025-04-15,West,378.27,378.27,High
5942,2988,Headphones,5.0,2025-12-06,East,254.93,1274.65,High
5943,4153,Laptop,5.0,2023-05-07,North,4266.85,21334.25,High
5944,4545,Webcam,2.0,2024-12-27,East,96.78,193.56,High
5945,2491,Webcam,5.0,2025-10-27,East,239.25,1196.25,High
5946,1424,Mouse,4.0,2024-11-26,East,116.17,464.68,High
5947,2968,Phone,4.0,2024-07-17,North,946.89,3787.56,High
5948,4802,SSD,1.0,2024-01-01,North,211.21,211.21,High
5949,2712,Monitor,4.0,2025-12-05,West,1114.48,4457.92,High
5950,4275,Mouse,5.0,2024-01-28,North,121.21,606.05,High
5951,4654,Mouse,5.0,2025-08-11,South,39.04,195.2,High
5952,4066,Keyboard,5.0,2023-01-23,East,52.94,264.7,High
5953,3434,SSD,3.0,2024-03-20,East,236.67,710.01,High
5954,1777,Monitor,4.0,2025-02-15,West,1231.71,4926.84,High
5955,3145,Mouse,2.0,2024-12-08,North,36.85,73.7,Low
5956,4416,Keyboard,4.0,2024-03-08,East,233.31,933.24,High
5957,2826,Mouse,4.0,2024-04-17,North,55.83,223.32,High
5958,1207,Phone,3.0,2023-02-17,North,2113.44,6340.32,High
5959,2537,Headphones,4.0,2023-09-20,North,202.37,809.48,High
5960,2659,SSD,1.0,2025-11-20,East,305.98,305.98,High
5961,4863,Keyboard,5.0,2023-12-24,East,169.77,848.85,High
5962,3633,Headphones,5.0,2024-07-21,South,273.64,1368.1999999999998,High
5963,3213,Monitor,3.0,2024-04-24,North,535.43,1606.29,High
5964,1021,Phone,5.0,2025-05-16,East,2344.58,11722.9,High
5965,1153,Keyboard,1.0,2025-10-25,North,121.62,121.62,High
5966,2962,Monitor,3.0,2024-12-08,North,704.05,2112.1499999999996,High
5967,4510,Mouse,2.0,2024-03-01,East,52.53,105.06,High
5968,4366,Webcam,5.0,2025-11-16,South,391.88,1959.4,High
5969,1218,Laptop,4.0,2023-05-07,South,2369.17,9476.68,High
5970,1668,Monitor,1.0,2023-05-15,East,1019.82,1019.82,High
5971,2518,Headphones,1.0,2023-11-27,North,133.81,133.81,High
5972,3277,Phone,5.0,2024-01-27,West,2050.3,10251.5,High
5973,3067,Phone,2.0,2023-01-08,East,1814.48,3628.96,High
5974,3600,Monitor,4.0,2024-09-04,North,1300.35,5201.4,High
5975,1949,Mouse,2.0,2024-08-20,East,175.49,350.98,High
5976,3195,Laptop,2.0,2024-01-21,South,3720.01,7440.02,High
5977,4179,SSD,5.0,2024-04-16,East,579.99,2899.95,High
5978,1402,Headphones,4.0,2023-06-28,East,411.39,1645.56,High
5979,1595,Monitor,5.0,2024-03-25,West,1031.51,5157.55,High
5980,4554,Monitor,5.0,2025-03-25,West,555.12,2775.6,High
5981,3414,Webcam,1.0,2023-12-24,East,312.09,312.09,High
5983,2437,Headphones,3.0,2024-12-02,North,399.6,1198.8000000000002,High
5984,4380,Laptop,4.0,2025-04-17,West,4629.04,18516.16,High
5986,3965,Monitor,4.0,2025-02-20,East,1639.42,6557.68,High
5987,4906,Phone,1.0,2023-03-23,North,1539.98,1539.98,High
5988,2157,Phone,3.0,2023-07-04,North,1010.9,3032.7,High
5989,2742,Keyboard,5.0,2023-10-15,North,195.61,978.0500000000001,High
5990,2306,Phone,1.0,2025-12-21,North,1705.45,1705.45,High
5991,4849,Mouse,1.0,2025-06-01,North,173.19,173.19,High
5992,1072,Phone,1.0,2024-05-21,South,1686.66,1686.66,High
5993,1480,SSD,3.0,2023-01-30,South,522.31,1566.9299999999998,High
5994,4423,Mouse,4.0,2025-07-24,South,122.56,490.24,High
5995,1559,Headphones,3.0,2023-01-31,South,323.47,970.4100000000001,High
5996,4397,Phone,1.0,2023-03-27,East,1431.01,1431.01,High
5997,1744,Laptop,1.0,2023-01-28,West,2521.09,2521.09,High
5998,2466,Mouse,5.0,2023-05-02,East,129.29,646.4499999999999,High
5999,1099,Mouse,3.0,2024-07-26,North,122.52,367.56,High
6000,2082,Monitor,3.0,2024-02-07,North,1963.61,5890.83,High
6001,3555,Headphones,2.0,2024-11-13,South,306.2,612.4,High
6002,3305,Phone,4.0,2023-09-29,West,1516.59,6066.36,High
6003,1412,Webcam,2.0,2025-04-16,North,132.44,264.88,High
6004,4523,Laptop,2.0,2023-04-23,East,3792.71,7585.42,High
6005,2088,Monitor,4.0,2023-01-19,North,1771.78,7087.12,High
6006,3642,Headphones,5.0,2024-08-27,South,223.96,1119.8,High
6007,2177,SSD,5.0,2024-04-09,East,154.09,770.45,High
6008,3008,Mouse,4.0,2024-11-21,South,147.55,590.2,High
6009,3313,Laptop,4.0,2025-10-07,South,2094.12,8376.48,High
6010,1820,SSD,3.0,2025-10-10,West,334.17,1002.51,High
6011,4150,Phone,3.0,2023-06-12,North,1841.61,5524.83,High
6012,4386,Webcam,3.0,2024-11-29,East,203.52,610.5600000000001,High
6013,1661,Keyboard,3.0,2023-10-22,South,115.14,345.42,High
6014,3994,Keyboard,1.0,2024-08-01,West,249.82,249.82,High
6015,1559,Headphones,1.0,2024-12-01,East,250.47,250.47,High
6016,3964,Webcam,5.0,2023-10-29,North,137.61,688.0500000000001,High
6017,3938,Laptop,1.0,2023-05-04,West,3165.19,3165.19,High
6020,3915,Webcam,3.0,2025-04-21,East,307.23,921.69,High
6021,1609,SSD,4.0,2023-12-17,East,156.65,626.6,High
6022,3461,Mouse,3.0,2024-05-03,East,148.13,444.39,High
6023,1024,Keyboard,4.0,2023-07-19,East,124.75,499.0,High
6024,3028,Headphones,4.0,2025-06-02,South,428.1,1712.4,High
6025,1283,Phone,1.0,2024-05-22,West,2001.02,2001.02,High
6026,2472,Laptop,3.0,2025-06-16,West,2833.34,8500.02,High
6027,3928,Keyboard,1.0,2024-03-21,East,96.35,96.35,Low
6028,1300,Monitor,3.0,2023-03-21,North,1739.54,5218.62,High
6029,2091,Headphones,1.0,2025-01-14,West,469.59,469.59,High
6030,2030,Phone,1.0,2024-11-28,East,2223.14,2223.14,High
6031,1816,Laptop,1.0,2025-07-19,West,3307.16,3307.16,High
6032,4208,Monitor,5.0,2024-10-15,North,1184.55,5922.75,High
6033,4235,Phone,1.0,2025-06-20,East,1385.08,1385.08,High
6034,1082,Mouse,2.0,2023-09-29,West,114.84,229.68,High
6035,2920,Keyboard,2.0,2023-05-04,South,211.64,423.28,High
6036,4721,Mouse,2.0,2024-11-16,East,168.47,336.94,High
6037,4491,Keyboard,4.0,2024-10-13,West,95.79,383.16,High
6038,4144,Monitor,1.0,2023-10-24,East,1108.13,1108.13,High
6039,4308,SSD,2.0,2025-02-25,East,357.54,715.08,High
6040,3093,Mouse,4.0,2024-09-12,North,112.96,451.84,High
6041,1617,Keyboard,2.0,2025-08-30,East,185.49,370.98,High
6042,3975,Headphones,3.0,2025-05-30,North,500.87,1502.6100000000001,High
6043,4871,Monitor,5.0,2023-12-17,North,1829.38,9146.900000000001,High
6044,3309,Keyboard,1.0,2023-09-12,East,89.79,89.79,Low
6045,1175,Laptop,5.0,2024-11-09,North,4138.05,20690.25,High
6046,2189,Keyboard,5.0,2023-01-29,West,169.78,848.9,High
6047,3704,Mouse,3.0,2024-04-11,East,101.01,303.03000000000003,High
6048,1841,Headphones,3.0,2025-11-24,East,156.67,470.01,High
6049,1369,Phone,3.0,2025-01-18,North,909.03,2727.09,High
6050,2818,SSD,4.0,2024-08-24,North,590.01,2360.04,High
6051,3101,Phone,2.0,2025-01-09,North,1892.03,3784.06,High
6052,1689,Keyboard,1.0,2025-07-19,North,163.11,163.11,High
6053,4490,Phone,3.0,2025-12-27,West,2095.0,6285.0,High
6054,2779,Keyboard,1.0,2023-05-11,East,72.78,72.78,Low
6055,4578,Headphones,1.0,2023-04-21,West,403.72,403.72,High
6056,2364,Phone,1.0,2024-06-07,East,1923.04,1923.04,High
6057,4198,Mouse,3.0,2024-11-17,East,106.85,320.54999999999995,High
6058,2432,Mouse,3.0,2025-04-10,East,72.94,218.82,High
6059,4995,Laptop,2.0,2024-10-27,North,4863.75,9727.5,High
6061,4342,Phone,3.0,2025-05-24,North,1012.15,3036.45,High
6062,1643,Mouse,1.0,2023-10-12,East,137.18,137.18,High
6063,4676,Webcam,2.0,2025-04-02,North,263.78,527.56,High
6064,3426,Headphones,5.0,2024-07-17,East,477.39,2386.95,High
6065,1072,SSD,3.0,2023-01-19,North,489.2,1467.6,High
6066,4994,Headphones,3.0,2024-06-30,North,410.12,1230.3600000000001,High
6067,4993,Webcam,5.0,2023-02-17,East,146.41,732.05,High
6068,3962,Webcam,1.0,2023-08-07,North,363.89,363.89,High
6069,2271,Laptop,2.0,2025-02-04,North,2744.85,5489.7,High
6070,1859,Headphones,1.0,2023-01-31,South,146.99,146.99,High
6071,4856,Headphones,4.0,2023-09-16,South,250.75,1003.0,High
6072,1042,Phone,3.0,2023-11-04,West,1621.49,4864.47,High
6074,2064,Monitor,3.0,2023-11-03,West,1000.51,3001.5299999999997,High
6075,3217,SSD,4.0,2024-07-21,North,381.16,1524.64,High
6076,3259,Headphones,5.0,2023-01-21,South,261.47,1307.3500000000001,High
6077,2516,SSD,3.0,2025-10-26,East,190.19,570.5699999999999,High
6078,4751,SSD,3.0,2023-08-19,North,238.75,716.25,High
6079,3086,SSD,4.0,2023-03-23,North,507.39,2029.56,High
6080,1368,Headphones,2.0,2025-08-15,East,577.17,1154.34,High
6081,3804,Monitor,4.0,2023-08-05,East,722.66,2890.64,High
6082,1150,Headphones,3.0,2023-12-01,North,440.51,1321.53,High
6083,2134,Phone,3.0,2024-07-12,North,2339.49,7018.469999999999,High
6084,2503,Phone,2.0,2025-05-13,East,1308.54,2617.08,High
6085,2459,Monitor,1.0,2025-05-23,North,1744.19,1744.19,High
6086,2070,Mouse,2.0,2025-01-22,West,183.84,367.68,High
6087,2023,Headphones,1.0,2024-08-16,West,249.75,249.75,High
6088,2598,Mouse,3.0,2024-12-04,West,39.65,118.94999999999999,High
6089,3784,SSD,5.0,2025-07-13,North,562.56,2812.7999999999997,High
6090,3040,Headphones,5.0,2024-07-06,North,265.24,1326.2,High
6091,2389,Keyboard,4.0,2025-02-21,West,53.43,213.72,High
6092,1068,Headphones,2.0,2023-03-28,South,337.46,674.92,High
6093,3346,Phone,2.0,2024-05-27,South,996.99,1993.98,High
6094,1943,Laptop,5.0,2025-09-10,North,4705.11,23525.55,High
6095,1801,Webcam,1.0,2025-10-05,North,129.6,129.6,High
6096,3343,Laptop,2.0,2024-08-09,East,2913.26,5826.52,High
6097,3250,Laptop,1.0,2024-05-12,West,4371.35,4371.35,High
6098,1060,Laptop,1.0,2025-06-25,East,4419.04,4419.04,High
6099,1945,Webcam,1.0,2025-08-13,East,368.41,368.41,High
6100,4010,Mouse,1.0,2025-01-12,North,114.56,114.56,High
6101,4901,Webcam,4.0,2024-03-24,East,395.75,1583.0,High
6102,2337,Mouse,4.0,2024-08-10,North,117.75,471.0,High
6103,2184,Webcam,5.0,2023-09-17,North,333.03,1665.1499999999999,High
6104,1330,Webcam,4.0,2024-04-07,North,195.81,783.24,High
6105,2551,Headphones,2.0,2023-04-04,East,570.65,1141.3,High
6106,1337,Mouse,4.0,2025-10-17,North,146.45,585.8,High
6107,2629,Headphones,2.0,2023-12-21,West,138.55,277.1,High
6108,2327,Keyboard,2.0,2024-04-13,West,77.13,154.26,High
6109,2526,Headphones,1.0,2023-04-05,North,545.41,545.41,High
6110,2673,Laptop,5.0,2025-05-17,South,4428.68,22143.4,High
6111,2361,Monitor,1.0,2023-04-01,East,995.14,995.14,High
6112,2573,Monitor,1.0,2025-12-03,West,1282.39,1282.39,High
6113,3686,Phone,4.0,2025-08-12,West,2249.67,8998.68,High
6114,1274,Phone,4.0,2024-01-19,North,975.83,3903.32,High
6115,2187,SSD,2.0,2023-01-23,North,212.16,424.32,High
6116,4514,Headphones,4.0,2023-01-23,North,457.76,1831.04,High
6117,3366,Webcam,4.0,2023-11-07,South,106.31,425.24,High
6118,3636,Webcam,3.0,2024-07-28,South,192.82,578.46,High
6119,3551,Monitor,2.0,2023-04-13,East,877.71,1755.42,High
6120,4757,Laptop,2.0,2024-05-14,North,4280.86,8561.72,High
6121,3434,Mouse,3.0,2025-04-07,West,30.42,91.26,Low
6122,2993,Laptop,2.0,2023-07-08,North,2346.15,4692.3,High
6123,1869,SSD,5.0,2024-04-04,South,194.55,972.75,High
6124,3880,Laptop,5.0,2023-07-08,South,2954.23,14771.15,High
6125,2014,Headphones,3.0,2023-12-17,North,216.24,648.72,High
6126,2911,Headphones,4.0,2024-08-03,East,214.14,856.56,High
6127,1602,Keyboard,5.0,2023-04-24,South,142.6,713.0,High
6128,4821,SSD,3.0,2023-04-14,West,246.32,738.96,High
6129,2799,Laptop,5.0,2024-09-11,West,2318.64,11593.199999999999,High
6130,1690,Webcam,1.0,2025-11-10,West,266.64,266.64,High
6131,1493,Webcam,3.0,2024-01-22,East,384.56,1153.68,High
6132,1489,SSD,2.0,2025-08-01,East,423.22,846.44,High
6133,3768,Laptop,5.0,2025-05-04,North,4271.06,21355.300000000003,High
6134,4144,Headphones,2.0,2024-04-27,East,586.09,1172.18,High
6135,3556,Headphones,3.0,2024-04-17,West,176.58,529.74,High
6136,1389,Keyboard,5.0,2025-05-08,North,164.95,824.75,High
6137,4690,Keyboard,2.0,2025-07-30,East,195.46,390.92,High
6138,4928,Phone,4.0,2024-01-28,West,1347.59,5390.36,High
6139,1294,SSD,4.0,2024-05-30,West,425.91,1703.64,High
6140,2392,Monitor,1.0,2023-12-12,South,1435.73,1435.73,High
6141,3843,Laptop,3.0,2024-06-24,South,4526.69,13580.07,High
6142,3912,SSD,2.0,2023-02-16,North,524.63,1049.26,High
6143,2717,Webcam,1.0,2023-12-09,East,125.61,125.61,High
6144,3596,Laptop,3.0,2024-06-26,North,2506.68,7520.039999999999,High
6145,1648,Keyboard,4.0,2025-03-29,North,105.59,422.36,High
6146,2873,Keyboard,2.0,2025-11-25,North,115.31,230.62,High
6147,1567,Phone,5.0,2025-01-26,South,1759.64,8798.2,High
6148,4258,Monitor,4.0,2023-12-17,South,991.24,3964.96,High
6149,3900,Phone,5.0,2023-07-07,East,2420.04,12100.2,High
6150,3817,Webcam,5.0,2023-11-30,West,117.86,589.3,High
6152,4641,Mouse,2.0,2024-10-28,East,177.61,355.22,High
6153,1362,Laptop,5.0,2023-10-23,East,3752.99,18764.949999999997,High
6154,3170,Phone,1.0,2023-02-14,North,1730.63,1730.63,High
6155,2211,Keyboard,5.0,2024-05-09,West,198.59,992.95,High
6156,1741,Phone,5.0,2023-06-24,North,1228.85,6144.25,High
6157,3041,Mouse,2.0,2025-09-30,East,159.45,318.9,High
6158,1679,Phone,3.0,2023-02-25,East,1644.1,4932.299999999999,High
6159,3467,Laptop,4.0,2023-12-07,East,2127.79,8511.16,High
6160,4697,Mouse,2.0,2023-08-02,North,60.12,120.24,High
6161,4323,SSD,1.0,2025-01-27,East,517.48,517.48,High
6162,2642,SSD,4.0,2024-07-03,East,305.27,1221.08,High
6163,2572,SSD,2.0,2024-05-11,East,498.05,996.1,High
6164,2358,Keyboard,2.0,2023-06-22,West,215.84,431.68,High
6165,3139,Keyboard,3.0,2023-04-15,East,125.36,376.08,High
6166,4601,SSD,1.0,2024-04-23,North,207.17,207.17,High
6167,4937,SSD,1.0,2024-03-09,North,513.13,513.13,High
6168,1062,SSD,2.0,2024-10-03,East,439.39,878.78,High
6169,4733,Headphones,3.0,2024-11-23,East,250.4,751.2,High
6170,3559,SSD,2.0,2025-09-17,North,385.47,770.94,High
6171,2162,Mouse,5.0,2025-07-10,North,134.02,670.1,High
6174,2228,Laptop,2.0,2025-03-11,East,3968.23,7936.46,High
6175,3819,Phone,3.0,2023-02-28,East,940.38,2821.14,High
6176,4285,Keyboard,2.0,2024-04-22,South,246.94,493.88,High
6177,1255,Keyboard,2.0,2024-06-16,South,256.27,512.54,High
6178,1134,Phone,5.0,2024-08-14,East,1293.28,6466.4,High
6179,4644,Keyboard,4.0,2025-04-18,North,90.55,362.2,High
6180,1874,Phone,1.0,2024-07-02,North,1967.02,1967.02,High
6181,1821,Mouse,1.0,2025-11-03,East,50.97,50.97,Low
6182,3135,Laptop,3.0,2023-08-09,West,4574.13,13722.39,High
6183,4907,SSD,1.0,2025-05-25,South,366.06,366.06,High
6184,4035,Laptop,5.0,2024-11-08,West,4729.43,23647.15,High
6185,4278,Webcam,4.0,2024-10-23,North,285.49,1141.96,High
6186,4200,Laptop,2.0,2024-11-14,North,2855.28,5710.56,High
6187,1822,Phone,2.0,2023-12-02,South,1595.66,3191.32,High
6188,4074,Webcam,5.0,2023-08-13,East,249.39,1246.9499999999998,High
6190,3981,SSD,2.0,2023-02-04,East,537.83,1075.66,High
6191,2777,Monitor,1.0,2023-07-07,North,1524.52,1524.52,High
6192,1120,Webcam,5.0,2024-10-04,South,174.14,870.6999999999999,High
6193,4456,SSD,2.0,2025-08-20,North,387.86,775.72,High
6194,2637,SSD,3.0,2025-08-25,East,208.78,626.34,High
6195,4109,Keyboard,4.0,2024-05-08,East,107.53,430.12,High
6196,2364,Keyboard,1.0,2023-11-07,East,125.76,125.76,High
6197,2007,Monitor,1.0,2024-06-04,East,609.14,609.14,High
6198,1924,Monitor,1.0,2024-01-04,East,1827.48,1827.48,High
6199,1644,Laptop,1.0,2025-01-15,East,2367.93,2367.93,High
6200,3032,SSD,5.0,2023-01-31,West,463.58,2317.9,High
6201,3761,Monitor,5.0,2025-09-24,East,1258.49,6292.45,High
6202,3907,Phone,5.0,2024-05-11,East,2214.01,11070.050000000001,High
6203,3068,SSD,5.0,2025-08-21,East,483.47,2417.3500000000004,High
6204,1241,Headphones,2.0,2023-10-25,East,479.87,959.74,High
6205,3502,Phone,5.0,2024-07-30,South,1511.19,7555.950000000001,High
6206,4010,Webcam,2.0,2023-02-23,East,346.87,693.74,High
6207,3668,Monitor,3.0,2023-08-17,North,642.11,1926.33,High
6209,2619,Phone,3.0,2025-09-11,East,2490.84,7472.52,High
6211,1802,Phone,3.0,2024-04-13,West,939.76,2819.2799999999997,High
6212,1963,Keyboard,4.0,2024-02-24,East,193.25,773.0,High
6213,1068,Mouse,3.0,2024-06-15,East,83.66,250.98,High
6214,2152,Phone,2.0,2025-09-14,South,2038.4,4076.8,High
6215,1195,Webcam,1.0,2024-07-15,East,315.45,315.45,High
6216,3187,Keyboard,3.0,2023-03-31,South,50.02,150.06,High
6217,4515,Headphones,1.0,2024-01-04,North,522.91,522.91,High
6218,3330,Webcam,4.0,2023-01-15,West,151.55,606.2,High
6219,3359,Laptop,4.0,2023-12-10,North,4897.72,19590.88,High
6220,1745,Phone,2.0,2025-11-25,East,2339.23,4678.46,High
6221,4606,Headphones,2.0,2025-07-05,West,195.33,390.66,High
6222,2688,Laptop,3.0,2023-07-24,West,3909.01,11727.03,High
6223,1276,Phone,5.0,2025-02-14,East,1303.8,6519.0,High
6224,1060,Headphones,4.0,2025-12-16,East,151.49,605.96,High
6225,4390,Headphones,1.0,2024-11-16,West,537.0,537.0,High
6226,2913,Webcam,5.0,2024-12-18,West,137.86,689.3000000000001,High
6227,3099,Mouse,4.0,2023-08-13,East,101.56,406.24,High
6228,4927,Headphones,3.0,2023-03-05,East,562.09,1686.27,High
6229,3200,Mouse,4.0,2025-08-05,South,42.81,171.24,High
6231,2334,Webcam,1.0,2023-11-16,North,263.09,263.09,High
6232,2837,SSD,1.0,2023-12-23,East,493.38,493.38,High
6233,3591,Keyboard,2.0,2023-04-03,South,256.78,513.56,High
6234,1566,Webcam,5.0,2024-11-25,East,215.73,1078.6499999999999,High
6235,4935,Laptop,2.0,2024-03-09,East,4231.05,8462.1,High
6236,4460,Keyboard,1.0,2025-04-20,South,277.61,277.61,High
6237,2571,Keyboard,3.0,2025-10-20,North,271.57,814.71,High
6238,1621,SSD,5.0,2025-06-16,East,375.82,1879.1,High
6239,3025,Mouse,4.0,2025-06-02,West,133.2,532.8,High
6240,2200,SSD,3.0,2025-02-16,East,452.76,1358.28,High
6241,4433,SSD,5.0,2024-05-06,North,518.6,2593.0,High
6242,1313,Keyboard,1.0,2025-12-19,East,176.93,176.93,High
6243,3854,Headphones,1.0,2025-03-23,West,155.95,155.95,High
6244,3895,Mouse,3.0,2024-01-27,East,95.5,286.5,High
6245,3144,Keyboard,5.0,2023-01-21,South,230.05,1150.25,High
6246,3928,Mouse,4.0,2024-05-27,North,136.05,544.2,High
6247,2236,Monitor,4.0,2025-06-26,South,1630.24,6520.96,High
6248,3876,Mouse,2.0,2024-12-15,North,114.99,229.98,High
6249,1136,Phone,3.0,2025-08-01,North,1096.49,3289.4700000000003,High
6250,2029,Headphones,5.0,2023-12-16,East,157.6,788.0,High
6251,4058,Laptop,3.0,2024-06-29,East,3443.79,10331.369999999999,High
6252,3156,Phone,4.0,2024-08-21,East,1149.73,4598.92,High
6253,3594,Phone,5.0,2023-02-01,South,2469.85,12349.25,High
6254,4110,SSD,1.0,2023-09-16,South,239.44,239.44,High
6255,1661,SSD,1.0,2024-04-20,East,405.05,405.05,High
6256,3472,Phone,5.0,2025-04-04,West,803.01,4015.05,High
6257,3677,Keyboard,3.0,2025-08-29,South,113.41,340.23,High
6258,3308,Mouse,3.0,2025-07-08,North,74.05,222.14999999999998,High
6259,4497,Mouse,1.0,2023-02-02,South,155.46,155.46,High
6260,1086,Webcam,1.0,2025-06-17,East,238.6,238.6,High
6261,3512,Keyboard,4.0,2024-01-23,West,53.02,212.08,High
6262,3123,Headphones,5.0,2025-03-08,East,289.59,1447.9499999999998,High
6263,3518,Keyboard,3.0,2024-03-31,West,211.2,633.5999999999999,High
6264,3461,Keyboard,4.0,2023-08-12,South,209.18,836.72,High
6265,3872,Keyboard,3.0,2023-08-05,North,63.47,190.41,High
6266,3942,Headphones,1.0,2023-06-05,West,564.46,564.46,High
6267,3773,Webcam,5.0,2025-02-27,North,159.04,795.1999999999999,High
6268,3504,Headphones,2.0,2023-02-05,North,545.76,1091.52,High
6269,2308,Monitor,5.0,2024-09-27,West,820.12,4100.6,High
6270,4310,Webcam,2.0,2023-01-09,South,261.71,523.42,High
6271,2700,Monitor,4.0,2025-11-29,North,1109.12,4436.48,High
6272,4670,Monitor,2.0,2023-06-28,South,1372.02,2744.04,High
6273,3700,Monitor,2.0,2025-08-16,East,1246.79,2493.58,High
6274,3719,Mouse,4.0,2024-05-15,North,30.35,121.4,High
6275,4629,Phone,5.0,2024-01-08,South,1397.27,6986.35,High
6276,4443,Phone,4.0,2025-12-27,East,819.07,3276.28,High
6277,1494,Monitor,1.0,2025-08-27,West,1525.05,1525.05,High
6278,2647,Monitor,1.0,2024-05-29,South,1780.24,1780.24,High
6279,2942,Laptop,2.0,2023-12-30,East,3154.14,6308.28,High
6280,2068,SSD,4.0,2025-02-15,East,386.16,1544.64,High
6281,2424,Phone,4.0,2025-02-12,North,911.92,3647.68,High
6282,4318,SSD,4.0,2023-11-25,South,323.34,1293.36,High
6283,4687,SSD,5.0,2025-03-04,East,212.49,1062.45,High
6284,1596,Laptop,3.0,2025-08-19,East,2194.11,6582.33,High
6285,1449,SSD,3.0,2024-01-05,South,227.41,682.23,High
6286,1484,Webcam,3.0,2024-08-19,North,358.67,1076.01,High
6287,1645,Laptop,5.0,2024-07-24,North,4946.61,24733.05,High
6288,3667,SSD,4.0,2025-11-27,East,545.65,2182.6,High
6290,2629,Keyboard,4.0,2023-04-10,East,232.7,930.8,High
6291,1661,SSD,2.0,2025-03-26,East,221.87,443.74,High
6292,1757,Mouse,3.0,2023-04-28,West,125.74,377.21999999999997,High
6293,1288,Webcam,2.0,2024-02-25,West,314.11,628.22,High
6294,4485,Headphones,5.0,2024-06-24,East,356.73,1783.65,High
6295,1720,Phone,1.0,2025-07-18,East,1742.93,1742.93,High
6296,1637,Monitor,5.0,2024-11-29,North,1379.29,6896.45,High
6297,3282,SSD,5.0,2023-04-23,South,360.08,1800.3999999999999,High
6298,3463,Webcam,5.0,2024-01-08,East,172.99,864.95,High
6299,3985,Monitor,3.0,2023-10-26,West,1455.54,4366.62,High
6300,1498,Headphones,2.0,2025-11-08,North,126.75,253.5,High
6301,4021,Webcam,3.0,2025-02-14,East,134.7,404.09999999999997,High
6302,1633,Phone,1.0,2024-11-01,West,2372.94,2372.94,High
6304,3030,Monitor,4.0,2023-01-08,East,1732.53,6930.12,High
6305,4067,Monitor,1.0,2024-04-05,North,1589.81,1589.81,High
6306,1114,Keyboard,2.0,2023-09-12,North,130.18,260.36,High
6307,3979,SSD,1.0,2024-08-08,North,511.64,511.64,High
6308,1673,Laptop,3.0,2023-12-28,East,2273.97,6821.91,High
6309,2736,Webcam,4.0,2025-09-29,North,359.99,1439.96,High
6310,2257,Monitor,3.0,2025-02-26,North,1520.84,4562.5199999999995,High
6311,4611,Mouse,5.0,2023-07-28,East,187.6,938.0,High
6312,4082,Phone,5.0,2023-09-24,East,2322.37,11611.849999999999,High
6313,3253,Mouse,1.0,2024-10-17,East,94.64,94.64,Low
6314,4750,Headphones,5.0,2025-09-23,West,528.42,2642.1,High
6315,3294,Webcam,5.0,2024-07-07,North,260.17,1300.8500000000001,High
6316,4630,Keyboard,2.0,2025-01-05,South,89.28,178.56,High
6317,3805,Phone,2.0,2024-02-25,East,2210.24,4420.48,High
6318,4198,Keyboard,3.0,2023-11-04,North,276.98,830.94,High
6319,1146,Laptop,3.0,2023-05-17,East,2253.64,6760.92,High
6320,3165,Monitor,2.0,2023-07-14,East,1895.83,3791.66,High
6321,4982,SSD,1.0,2025-11-14,East,420.57,420.57,High
6322,4453,Phone,2.0,2024-08-28,North,844.03,1688.06,High
6323,1411,Headphones,3.0,2025-10-10,West,370.9,1112.6999999999998,High
6324,2687,SSD,4.0,2025-05-11,West,508.54,2034.16,High
6325,4655,Webcam,5.0,2023-08-09,North,250.62,1253.1,High
6327,2532,Laptop,4.0,2025-10-07,East,4638.75,18555.0,High
6328,1136,Keyboard,5.0,2023-12-09,North,267.44,1337.2,High
6329,4246,Laptop,2.0,2024-08-15,East,2536.61,5073.22,High
6330,4360,Phone,1.0,2025-06-10,North,1526.12,1526.12,High
6332,4552,SSD,1.0,2024-12-07,South,417.79,417.79,High
6333,1018,Laptop,3.0,2025-12-01,West,4864.18,14592.54,High
6334,3242,Webcam,4.0,2025-01-26,North,138.19,552.76,High
6335,3377,SSD,3.0,2024-08-12,North,331.63,994.89,High
6336,2959,Headphones,2.0,2024-01-23,South,577.01,1154.02,High
6337,3222,Webcam,4.0,2025-07-15,West,320.04,1280.16,High
6338,2001,Mouse,3.0,2024-09-28,East,42.1,126.30000000000001,High
6339,1448,Phone,3.0,2023-05-21,East,1528.31,4584.93,High
6340,2948,Headphones,2.0,2025-11-16,South,593.94,1187.88,High
6341,1945,Headphones,1.0,2024-03-23,North,326.62,326.62,High
6342,2377,Keyboard,1.0,2023-10-20,East,207.35,207.35,High
6343,2522,Monitor,4.0,2024-12-15,East,1551.47,6205.88,High
6344,1140,Keyboard,2.0,2024-04-01,North,215.98,431.96,High
6345,3805,Phone,4.0,2025-06-10,North,1681.82,6727.28,High
6346,2920,Phone,1.0,2025-04-18,South,1025.75,1025.75,High
6347,3977,Keyboard,2.0,2024-10-15,South,227.1,454.2,High
6348,1092,Monitor,5.0,2024-10-25,East,1899.99,9499.95,High
6349,1238,Webcam,2.0,2025-02-03,South,381.34,762.68,High
6350,1204,Keyboard,2.0,2025-12-26,East,198.35,396.7,High
6351,3607,Phone,5.0,2023-06-25,East,1636.74,8183.7,High
6352,2456,Monitor,3.0,2024-05-24,East,1000.94,3002.82,High
6354,1831,Monitor,3.0,2024-08-24,West,1824.68,5474.04,High
6355,4388,Monitor,1.0,2025-04-17,East,705.58,705.58,High
6356,3972,SSD,2.0,2025-09-28,West,279.58,559.16,High
6357,1294,Keyboard,5.0,2023-02-20,East,235.1,1175.5,High
6358,3687,Keyboard,1.0,2024-11-16,North,226.19,226.19,High
6359,1855,Keyboard,5.0,2023-09-23,South,220.25,1101.25,High
6360,4353,Monitor,1.0,2024-08-28,South,1612.56,1612.56,High
6361,3064,Monitor,1.0,2025-12-11,North,1312.97,1312.97,High
6362,1070,Phone,1.0,2024-08-07,East,1063.42,1063.42,High
6363,2292,Headphones,5.0,2023-12-05,East,599.18,2995.8999999999996,High
6364,2348,Keyboard,4.0,2025-12-31,East,273.03,1092.12,High
6365,4865,SSD,1.0,2024-01-09,South,344.02,344.02,High
6366,1304,Mouse,3.0,2024-08-02,East,120.16,360.48,High
6367,4522,Phone,2.0,2024-05-31,North,1469.04,2938.08,High
6368,2030,Phone,4.0,2023-05-01,North,1884.56,7538.24,High
6369,2337,Laptop,4.0,2025-04-16,East,4193.42,16773.68,High
6370,1816,Keyboard,5.0,2024-07-23,North,107.89,539.45,High
6371,2126,Webcam,4.0,2023-02-12,North,218.49,873.96,High
6372,1820,Phone,5.0,2023-03-13,South,1888.4,9442.0,High
6373,1192,Laptop,5.0,2023-04-01,North,4964.06,24820.300000000003,High
6374,2776,Mouse,3.0,2024-05-05,North,85.23,255.69,High
6375,4645,SSD,1.0,2025-01-18,South,485.25,485.25,High
6376,1528,Mouse,4.0,2025-09-24,North,88.93,355.72,High
6377,3218,Webcam,1.0,2024-01-18,North,109.55,109.55,High
6378,4608,Keyboard,1.0,2025-03-15,East,242.54,242.54,High
6379,1250,Monitor,1.0,2023-06-19,South,1473.96,1473.96,High
6380,2788,Laptop,5.0,2025-07-06,East,3543.02,17715.1,High
6381,4458,Monitor,1.0,2023-05-31,North,1512.55,1512.55,High
6382,4278,Mouse,4.0,2024-03-06,West,179.48,717.92,High
6383,3588,Mouse,5.0,2024-03-26,East,158.61,793.0500000000001,High
6384,4700,Headphones,4.0,2024-10-04,South,528.91,2115.64,High
6385,3026,Headphones,5.0,2025-02-18,North,245.01,1225.05,High
6386,3463,SSD,2.0,2023-01-23,North,510.22,1020.44,High
6387,3841,Webcam,2.0,2024-01-02,East,195.2,390.4,High
6388,2403,Headphones,2.0,2024-10-12,South,110.33,220.66,High
6389,2167,Headphones,2.0,2025-03-30,North,121.59,243.18,High
6390,3072,Webcam,5.0,2023-08-27,West,313.71,1568.55,High
6391,4893,Phone,1.0,2024-03-09,South,1262.25,1262.25,High
6392,3715,Headphones,3.0,2024-12-04,East,253.79,761.37,High
6393,2096,Phone,3.0,2025-07-30,West,1858.38,5575.14,High
6394,3679,Phone,2.0,2024-06-24,West,2060.57,4121.14,High
6395,2847,Keyboard,1.0,2024-09-24,East,189.72,189.72,High
6396,4904,Phone,4.0,2023-07-17,West,2000.83,8003.32,High
6397,4164,Phone,1.0,2024-04-26,West,2399.79,2399.79,High
6398,1504,Headphones,4.0,2025-05-18,West,527.08,2108.32,High
6399,2621,Phone,3.0,2024-06-06,South,1209.37,3628.1099999999997,High
6400,3383,Monitor,1.0,2024-10-12,South,1860.19,1860.19,High
6401,3472,Webcam,1.0,2025-08-16,North,175.12,175.12,High
6402,3546,Headphones,3.0,2024-03-12,West,430.29,1290.8700000000001,High
6403,2387,Webcam,1.0,2025-05-06,North,359.91,359.91,High
6404,3994,Laptop,4.0,2023-11-10,South,3870.34,15481.36,High
6405,3677,Headphones,1.0,2023-01-19,North,503.1,503.1,High
6406,4816,Phone,4.0,2025-03-28,East,2376.49,9505.96,High
6407,2222,Monitor,2.0,2023-05-02,East,1950.41,3900.82,High
6408,1717,Webcam,1.0,2023-03-13,North,211.4,211.4,High
6409,4484,Headphones,4.0,2025-12-14,East,596.38,2385.52,High
6410,1338,Monitor,3.0,2024-04-04,South,907.52,2722.56,High
6411,1658,Webcam,2.0,2023-06-18,South,227.9,455.8,High
6412,1961,Laptop,1.0,2024-08-04,West,4282.12,4282.12,High
6413,1428,Mouse,4.0,2024-09-20,East,194.93,779.72,High
6414,4854,SSD,1.0,2023-01-26,North,173.82,173.82,High
6415,1898,SSD,4.0,2024-12-21,West,575.54,2302.16,High
6416,1138,Laptop,1.0,2025-10-30,South,4996.03,4996.03,High
6417,4764,Mouse,2.0,2023-05-01,East,184.63,369.26,High
6418,3989,Keyboard,2.0,2023-05-06,East,77.1,154.2,High
6419,1541,Mouse,1.0,2024-07-02,South,172.92,172.92,High
6420,3104,Keyboard,1.0,2025-12-28,East,209.94,209.94,High
6421,2255,Headphones,5.0,2023-10-24,North,104.76,523.8000000000001,High
6422,3705,Keyboard,1.0,2024-11-16,South,296.09,296.09,High
6423,3482,SSD,1.0,2025-08-30,South,217.74,217.74,High
6424,1383,SSD,2.0,2025-12-04,East,328.57,657.14,High
6425,3607,Monitor,1.0,2024-09-26,East,545.41,545.41,High
6426,1193,Keyboard,3.0,2024-01-17,East,127.38,382.14,High
6427,4807,Monitor,1.0,2025-11-16,East,1352.49,1352.49,High
6428,4719,SSD,5.0,2024-12-05,North,568.88,2844.4,High
6429,3581,Webcam,4.0,2024-05-11,North,396.92,1587.68,High
6430,3565,Webcam,2.0,2025-05-01,North,215.47,430.94,High
6431,3763,Mouse,3.0,2024-12-07,West,102.79,308.37,High
6432,3798,Mouse,4.0,2025-12-08,West,57.26,229.04,High
6433,3232,Mouse,3.0,2023-05-01,West,114.72,344.15999999999997,High
6434,2895,Keyboard,2.0,2024-09-17,North,285.02,570.04,High
6435,3339,Mouse,5.0,2024-06-09,East,58.12,290.59999999999997,High
6436,4406,Keyboard,2.0,2025-12-02,East,116.62,233.24,High
6437,1731,Keyboard,3.0,2025-01-21,East,272.83,818.49,High
6438,3163,Phone,3.0,2023-04-06,East,1864.93,5594.79,High
6439,3872,Phone,2.0,2023-01-27,South,1361.86,2723.72,High
6440,4120,Keyboard,1.0,2025-04-15,East,253.19,253.19,High
6441,1684,Webcam,2.0,2024-05-01,East,114.87,229.74,High
6442,1081,Monitor,5.0,2023-08-28,North,1787.53,8937.65,High
6443,3881,SSD,2.0,2023-03-08,West,383.1,766.2,High
6444,3380,SSD,4.0,2023-08-19,East,490.62,1962.48,High
6445,3604,Headphones,1.0,2023-12-17,East,359.2,359.2,High
6446,3382,Laptop,4.0,2025-01-30,East,2738.82,10955.28,High
6447,1531,Phone,2.0,2025-05-12,East,1889.44,3778.88,High
6448,2983,Keyboard,1.0,2023-12-23,South,88.7,88.7,Low
6449,1220,Laptop,4.0,2025-12-01,East,2689.61,10758.44,High
6450,1634,Phone,4.0,2025-10-26,North,1733.85,6935.4,High
6451,2769,Headphones,1.0,2023-11-25,West,294.99,294.99,High
6452,4804,SSD,1.0,2025-06-29,North,485.34,485.34,High
6453,3370,Monitor,3.0,2023-12-04,North,1375.36,4126.08,High
6454,2874,Keyboard,1.0,2025-12-28,West,145.33,145.33,High
6455,1002,Headphones,2.0,2025-05-31,North,263.36,526.72,High
6456,2717,SSD,5.0,2024-06-22,North,560.96,2804.8,High
6457,1205,Webcam,3.0,2025-01-06,West,92.83,278.49,High
6458,2855,Phone,1.0,2024-03-18,North,1974.75,1974.75,High
6459,1039,Keyboard,5.0,2025-07-12,North,147.97,739.85,High
6460,3106,Laptop,3.0,2025-07-08,North,3132.07,9396.210000000001,High
6461,3998,Webcam,2.0,2023-02-20,West,288.6,577.2,High
6462,3621,SSD,5.0,2023-05-29,North,532.71,2663.55,High
6463,1643,Webcam,1.0,2024-01-03,East,311.81,311.81,High
6464,2530,Mouse,1.0,2024-08-02,South,143.92,143.92,High
6465,4643,Monitor,2.0,2024-10-17,North,1244.3,2488.6,High
6466,2907,SSD,3.0,2023-03-17,North,361.13,1083.3899999999999,High
6467,3890,Webcam,5.0,2023-08-15,West,227.43,1137.15,High
6468,4193,Phone,2.0,2025-08-16,East,1047.26,2094.52,High
6469,4550,Monitor,3.0,2024-08-14,North,1339.25,4017.75,High
6470,3666,Keyboard,4.0,2023-01-24,North,128.87,515.48,High
6471,3143,Mouse,4.0,2023-01-28,South,135.1,540.4,High
6472,4930,SSD,3.0,2023-05-01,East,390.45,1171.35,High
6473,4485,Headphones,1.0,2025-05-02,North,569.96,569.96,High
6474,4306,Monitor,1.0,2024-09-15,North,1152.4,1152.4,High
6475,1897,Laptop,4.0,2025-06-08,East,3993.19,15972.76,High
6476,2085,Phone,1.0,2023-01-31,South,1807.76,1807.76,High
6477,2279,SSD,1.0,2025-05-19,North,457.98,457.98,High
6478,3608,Laptop,3.0,2023-02-19,North,2800.92,8402.76,High
6479,3952,Monitor,3.0,2024-12-26,South,885.87,2657.61,High
6480,3395,SSD,1.0,2024-01-24,North,401.86,401.86,High
6481,1670,Mouse,3.0,2025-08-01,North,174.34,523.02,High
6482,4195,Headphones,5.0,2025-10-11,East,460.0,2300.0,High
6483,2505,Headphones,4.0,2024-04-19,South,344.47,1377.88,High
6484,3364,Laptop,5.0,2025-01-25,South,2765.28,13826.400000000001,High
6485,4575,Keyboard,5.0,2024-08-25,East,239.84,1199.2,High
6486,1718,Keyboard,1.0,2025-07-14,East,281.56,281.56,High
6487,2071,Mouse,1.0,2025-10-26,North,66.21,66.21,Low
6488,4480,Headphones,5.0,2025-03-03,North,499.55,2497.75,High
6489,2955,Laptop,5.0,2024-02-16,North,2517.34,12586.7,High
6490,2159,Laptop,2.0,2024-10-23,West,4702.35,9404.7,High
6491,4272,SSD,2.0,2023-07-10,East,438.92,877.84,High
6492,1249,SSD,4.0,2025-02-24,North,231.45,925.8,High
6494,2892,SSD,3.0,2025-08-16,East,462.58,1387.74,High
6495,4439,Monitor,2.0,2024-05-14,North,1409.15,2818.3,High
6496,4500,SSD,1.0,2024-08-02,East,425.09,425.09,High
6497,2853,Mouse,5.0,2025-03-26,West,111.98,559.9,High
6498,3854,Keyboard,3.0,2025-12-22,North,203.61,610.83,High
6499,2503,Keyboard,3.0,2025-02-18,North,268.31,804.9300000000001,High
6500,4385,Monitor,3.0,2025-07-31,North,1928.0,5784.0,High
6501,4571,Phone,1.0,2023-09-22,North,1385.66,1385.66,High
6502,4792,Monitor,2.0,2023-01-07,East,1231.81,2463.62,High
6503,4426,Mouse,3.0,2024-11-25,North,76.41,229.23,High
6504,3532,Laptop,2.0,2025-09-18,South,3234.76,6469.52,High
6505,2234,Monitor,4.0,2025-07-06,East,1693.83,6775.32,High
6506,4775,Laptop,1.0,2025-01-17,West,3274.97,3274.97,High
6507,1043,Mouse,2.0,2023-05-26,South,96.58,193.16,High
6508,4612,Webcam,2.0,2023-08-29,North,352.04,704.08,High
6509,3618,Mouse,3.0,2025-05-06,North,30.22,90.66,Low
6510,1582,Headphones,3.0,2023-10-14,East,526.09,1578.27,High
6511,4163,Laptop,1.0,2025-08-09,North,2544.22,2544.22,High
6512,2288,Keyboard,2.0,2023-01-26,North,118.63,237.26,High
6513,3942,Monitor,5.0,2024-03-27,West,1042.41,5212.05,High
6514,1219,Webcam,3.0,2023-04-16,North,361.81,1085.43,High
6515,2925,Mouse,3.0,2023-08-28,North,184.48,553.4399999999999,High
6516,3972,Laptop,4.0,2023-11-28,West,3983.54,15934.16,High
6517,4513,Webcam,1.0,2025-06-30,North,220.62,220.62,High
6518,3448,Phone,2.0,2025-12-01,North,1677.42,3354.84,High
6519,4471,Headphones,2.0,2024-10-06,North,390.2,780.4,High
6520,3774,Phone,2.0,2023-02-04,East,2421.78,4843.56,High
6521,1990,Mouse,3.0,2025-05-25,West,194.76,584.28,High
6522,3946,Phone,1.0,2024-01-19,East,2240.47,2240.47,High
6523,2812,Phone,2.0,2025-03-21,North,1792.34,3584.68,High
6524,4647,Headphones,5.0,2025-01-17,North,295.37,1476.85,High
6525,1857,Headphones,4.0,2025-08-16,East,215.14,860.56,High
6526,1803,SSD,4.0,2025-11-22,East,390.51,1562.04,High
6527,1489,Headphones,2.0,2023-04-05,East,272.82,545.64,High
6528,4556,Webcam,3.0,2025-10-16,East,103.28,309.84000000000003,High
6529,2780,SSD,4.0,2023-07-24,West,364.3,1457.2,High
6531,4645,Phone,4.0,2023-01-30,North,1839.24,7356.96,High
6532,3985,Keyboard,4.0,2023-09-23,West,68.45,273.8,High
6533,3891,Keyboard,2.0,2023-01-23,North,170.78,341.56,High
6534,2705,SSD,1.0,2024-08-31,South,445.16,445.16,High
6535,4516,Headphones,1.0,2023-02-08,East,580.53,580.53,High
6536,4340,Webcam,3.0,2023-06-22,South,88.01,264.03000000000003,High
6537,3314,Monitor,5.0,2025-01-29,North,1514.42,7572.1,High
6538,1053,Laptop,1.0,2024-02-18,West,2187.01,2187.01,High
6539,3575,Mouse,5.0,2024-11-22,North,57.0,285.0,High
6540,4591,Webcam,1.0,2024-09-06,South,135.46,135.46,High
6541,1615,Monitor,1.0,2023-07-28,North,993.31,993.31,High
6542,2082,Mouse,3.0,2023-01-22,West,171.32,513.96,High
6543,2848,Monitor,4.0,2023-01-05,North,1784.36,7137.44,High
6544,4111,Monitor,3.0,2024-10-12,East,1062.43,3187.29,High
6545,4308,SSD,1.0,2023-08-02,North,344.09,344.09,High
6546,1954,Keyboard,4.0,2025-07-08,South,104.26,417.04,High
6547,3433,Laptop,4.0,2025-06-25,East,3297.54,13190.16,High
6548,2629,Monitor,4.0,2024-11-02,North,912.25,3649.0,High
6549,3781,Headphones,5.0,2024-10-28,South,187.44,937.2,High
6550,3763,Mouse,1.0,2025-03-10,East,56.94,56.94,Low
6551,1649,Webcam,2.0,2023-11-13,North,328.21,656.42,High
6552,3347,Keyboard,3.0,2025-03-03,West,79.24,237.71999999999997,High
6553,1394,Mouse,5.0,2024-07-29,North,134.73,673.65,High
6554,4278,SSD,3.0,2023-04-01,East,225.37,676.11,High
6555,2359,Headphones,2.0,2025-12-01,West,518.92,1037.84,High
6556,3640,Headphones,4.0,2025-01-30,South,237.23,948.92,High
6557,4801,Monitor,2.0,2025-02-08,North,567.34,1134.68,High
6558,3561,Headphones,3.0,2023-01-01,North,326.04,978.1200000000001,High
6559,4249,Laptop,2.0,2023-04-19,West,4999.39,9998.78,High
6560,3443,SSD,1.0,2025-07-16,East,515.91,515.91,High
6561,1370,Headphones,2.0,2025-12-23,South,385.13,770.26,High
6562,1857,Monitor,1.0,2023-07-25,North,784.16,784.16,High
6563,1790,Mouse,2.0,2025-04-29,North,49.98,99.96,Low
6564,1657,SSD,1.0,2024-08-12,East,527.35,527.35,High
6565,4389,Headphones,1.0,2024-09-14,West,493.85,493.85,High
6566,3783,Keyboard,2.0,2025-08-22,North,165.55,331.1,High
6567,2392,SSD,5.0,2025-08-22,East,339.63,1698.15,High
6568,1383,SSD,4.0,2024-10-14,North,486.9,1947.6,High
6569,3109,Webcam,4.0,2023-03-20,East,251.53,1006.12,High
6570,4877,Keyboard,4.0,2024-02-19,South,151.04,604.16,High
6571,3552,Keyboard,1.0,2024-09-30,East,112.93,112.93,High
6572,1238,Mouse,4.0,2025-03-01,West,50.84,203.36,High
6573,1194,Phone,1.0,2025-11-27,East,1811.15,1811.15,High
6574,3725,Webcam,5.0,2023-11-29,West,344.34,1721.6999999999998,High
6575,4293,Keyboard,2.0,2023-10-15,North,236.55,473.1,High
6576,3108,Keyboard,2.0,2025-12-08,West,224.08,448.16,High
6577,2152,Phone,1.0,2023-06-10,West,2379.05,2379.05,High
6578,4037,Mouse,1.0,2023-11-16,North,97.07,97.07,Low
6579,3732,Webcam,5.0,2025-07-12,South,123.91,619.55,High
6580,3015,Keyboard,4.0,2023-12-30,West,75.49,301.96,High
6581,1155,Monitor,5.0,2024-04-19,North,1932.52,9662.6,High
6582,4988,Mouse,2.0,2025-10-19,South,130.12,260.24,High
6583,4449,Webcam,2.0,2025-02-04,East,339.45,678.9,High
6584,4693,Keyboard,4.0,2024-08-24,North,183.89,735.56,High
6585,4852,Keyboard,2.0,2023-11-08,East,149.62,299.24,High
6586,1922,Phone,1.0,2024-08-11,South,1140.46,1140.46,High
6587,3915,Webcam,2.0,2023-12-09,North,354.05,708.1,High
6588,3950,Monitor,3.0,2025-06-24,East,595.27,1785.81,High
6589,4861,Mouse,4.0,2023-06-21,East,183.04,732.16,High
6590,2609,Headphones,4.0,2024-09-17,West,202.51,810.04,High
6591,4046,Laptop,4.0,2025-10-29,East,2028.59,8114.36,High
6592,4508,Monitor,3.0,2024-11-12,South,655.85,1967.5500000000002,High
6593,1974,Headphones,5.0,2023-11-07,East,541.75,2708.75,High
6594,2230,Monitor,1.0,2025-07-02,East,610.56,610.56,High
6595,3435,Webcam,4.0,2024-03-05,West,193.68,774.72,High
6596,4551,Headphones,2.0,2025-05-07,East,225.16,450.32,High
6597,2814,Webcam,1.0,2023-10-12,East,91.79,91.79,Low
6598,3934,Headphones,2.0,2024-05-09,South,365.73,731.46,High
6599,1837,Monitor,1.0,2023-12-21,West,1997.5,1997.5,High
6600,3007,Phone,1.0,2023-08-02,East,2250.11,2250.11,High
6601,2363,Monitor,2.0,2025-03-27,North,753.34,1506.68,High
6602,4940,Webcam,2.0,2023-07-19,East,362.98,725.96,High
6603,3387,Monitor,1.0,2025-05-02,East,1177.69,1177.69,High
6604,1203,SSD,4.0,2023-05-16,North,272.96,1091.84,High
6606,4611,Headphones,3.0,2024-09-19,North,208.35,625.05,High
6607,1391,SSD,3.0,2025-07-05,East,545.84,1637.52,High
6608,1768,Laptop,1.0,2023-12-08,North,3872.55,3872.55,High
6609,4748,Headphones,5.0,2024-01-23,North,168.01,840.05,High
6610,3622,SSD,1.0,2023-01-04,North,406.79,406.79,High
6611,3581,Keyboard,1.0,2024-11-07,South,177.59,177.59,High
6612,2093,Monitor,4.0,2024-02-03,North,1207.18,4828.72,High
6613,3940,Mouse,4.0,2024-02-15,West,92.05,368.2,High
6614,1404,Monitor,5.0,2023-08-01,North,1211.31,6056.549999999999,High
6615,1607,SSD,5.0,2024-07-13,West,413.71,2068.5499999999997,High
6616,4746,Phone,5.0,2024-07-11,East,2047.07,10235.35,High
6617,2614,Webcam,5.0,2024-07-11,West,373.72,1868.6000000000001,High
6618,2540,Mouse,5.0,2025-12-07,North,37.55,187.75,High
6619,3875,Headphones,1.0,2024-05-16,North,384.67,384.67,High
6620,4191,Phone,1.0,2024-10-05,East,2078.36,2078.36,High
6621,2837,Monitor,3.0,2024-06-14,East,673.33,2019.9900000000002,High
6622,1689,SSD,3.0,2025-08-10,South,560.17,1680.5099999999998,High
6623,4759,Headphones,2.0,2025-02-25,North,222.49,444.98,High
6624,3949,Headphones,1.0,2024-04-19,South,516.67,516.67,High
6625,2240,Keyboard,5.0,2023-02-11,North,215.5,1077.5,High
6626,3103,Keyboard,2.0,2024-08-26,South,189.89,379.78,High
6628,2722,SSD,1.0,2024-12-28,East,586.16,586.16,High
6629,4575,Laptop,3.0,2023-08-09,West,4991.39,14974.170000000002,High
6630,4815,Keyboard,1.0,2025-07-28,North,220.82,220.82,High
6631,4838,Webcam,1.0,2023-12-09,East,188.52,188.52,High
6632,4996,Mouse,1.0,2023-06-04,North,178.7,178.7,High
6633,1454,Headphones,1.0,2025-07-26,North,427.17,427.17,High
6634,1103,Keyboard,4.0,2025-04-20,East,130.83,523.32,High
6635,1076,SSD,3.0,2025-12-15,East,569.56,1708.6799999999998,High
6636,1229,Laptop,1.0,2024-01-22,West,4242.95,4242.95,High
6637,2937,SSD,4.0,2025-06-12,East,353.77,1415.08,High
6638,4329,SSD,2.0,2023-02-07,North,354.52,709.04,High
6639,4335,SSD,1.0,2025-04-30,North,598.17,598.17,High
6640,3378,Monitor,4.0,2024-12-29,East,1060.56,4242.24,High
6641,2205,Mouse,5.0,2023-08-19,East,45.99,229.95000000000002,High
6642,1892,Keyboard,2.0,2024-03-27,North,184.64,369.28,High
6643,4839,Headphones,3.0,2023-09-14,South,542.43,1627.29,High
6644,2573,Monitor,1.0,2024-03-09,West,1376.78,1376.78,High
6645,3735,SSD,1.0,2023-07-28,East,506.89,506.89,High
6646,3074,Webcam,4.0,2023-05-17,South,97.56,390.24,High
6647,4347,Headphones,3.0,2024-07-18,West,436.7,1310.1,High
6648,2675,Monitor,5.0,2025-05-05,East,618.79,3093.95,High
6649,1298,Webcam,2.0,2024-12-21,North,258.03,516.06,High
6650,1956,Webcam,3.0,2025-04-24,North,239.29,717.87,High
6651,3846,Mouse,1.0,2023-02-05,East,190.75,190.75,High
6652,2114,Headphones,4.0,2023-01-27,South,166.23,664.92,High
6653,3527,Keyboard,5.0,2023-01-18,West,52.37,261.84999999999997,High
6654,3620,Keyboard,4.0,2024-09-21,West,84.34,337.36,High
6655,3505,Laptop,2.0,2024-08-01,North,2512.12,5024.24,High
6656,2474,Monitor,3.0,2025-06-21,East,876.37,2629.11,High
6657,1364,Laptop,4.0,2025-09-01,East,4445.27,17781.08,High
6658,3906,Phone,4.0,2025-11-19,South,1440.7,5762.8,High
6660,1350,Monitor,4.0,2025-08-14,East,907.9,3631.6,High
6661,4726,Mouse,5.0,2025-09-27,East,176.29,881.4499999999999,High
6662,4471,Laptop,3.0,2025-09-13,North,2024.27,6072.8099999999995,High
6663,3300,Mouse,2.0,2023-12-04,East,188.87,377.74,High
6664,3828,Mouse,4.0,2025-09-17,South,156.83,627.32,High
6665,2904,SSD,5.0,2023-09-30,South,335.73,1678.65,High
6666,3850,SSD,2.0,2025-06-20,North,409.8,819.6,High
6667,2011,Mouse,5.0,2023-02-08,East,188.61,943.0500000000001,High
6668,3506,Laptop,4.0,2024-11-12,North,3747.68,14990.72,High
6669,4770,SSD,4.0,2024-03-01,North,252.86,1011.44,High
6670,3964,Phone,3.0,2023-11-11,North,1773.89,5321.67,High
6671,1498,Webcam,1.0,2024-09-05,West,358.86,358.86,High
6672,1949,Webcam,5.0,2025-01-24,North,395.98,1979.9,High
6673,2994,SSD,1.0,2023-06-06,East,412.84,412.84,High
6674,4997,Laptop,1.0,2025-05-21,North,2466.94,2466.94,High
6675,3046,Webcam,2.0,2025-02-15,East,326.96,653.92,High
6676,1507,Headphones,2.0,2023-09-14,East,598.46,1196.92,High
6677,2327,Webcam,5.0,2025-05-04,North,231.56,1157.8,High
6678,3548,Keyboard,1.0,2024-09-26,North,145.93,145.93,High
6679,3850,Laptop,3.0,2024-03-31,North,3657.5,10972.5,High
6680,3645,SSD,1.0,2023-02-16,East,224.14,224.14,High
6681,1165,SSD,2.0,2023-01-10,North,587.08,1174.16,High
6683,3509,Laptop,4.0,2024-05-01,North,2338.97,9355.88,High
6684,1919,Phone,4.0,2025-11-15,South,2406.64,9626.56,High
6685,1113,Headphones,3.0,2025-10-27,East,571.41,1714.23,High
6686,4504,SSD,5.0,2024-08-13,North,292.36,1461.8000000000002,High
6688,4427,SSD,4.0,2025-06-17,West,199.84,799.36,High
6689,2951,SSD,5.0,2023-07-26,North,187.89,939.4499999999999,High
6690,4766,Keyboard,4.0,2025-06-28,East,175.45,701.8,High
6691,3254,Webcam,5.0,2023-09-16,South,95.9,479.5,High
6692,4839,Keyboard,5.0,2024-03-29,East,268.72,1343.6000000000001,High
6693,2258,Webcam,4.0,2025-03-09,South,376.99,1507.96,High
6694,4513,SSD,2.0,2024-01-10,West,180.29,360.58,High
6695,4426,Laptop,5.0,2024-04-08,South,2141.85,10709.25,High
6696,1514,Mouse,1.0,2023-03-16,West,67.64,67.64,Low
6697,2231,Webcam,4.0,2023-08-30,East,377.59,1510.36,High
6698,1708,Mouse,2.0,2025-11-06,North,160.73,321.46,High
6699,4924,Headphones,4.0,2023-05-03,North,438.25,1753.0,High
6700,4196,Keyboard,3.0,2023-04-21,East,244.09,732.27,High
6701,3185,Mouse,1.0,2023-08-22,South,63.91,63.91,Low
6702,1338,Keyboard,3.0,2025-08-25,West,114.15,342.45000000000005,High
6703,3584,Webcam,5.0,2024-05-11,West,181.64,908.1999999999999,High
6704,1067,Webcam,5.0,2025-11-29,East,273.62,1368.1,High
6705,2596,Headphones,3.0,2024-12-27,East,404.11,1212.33,High
6706,2564,Webcam,3.0,2023-04-02,North,146.75,440.25,High
6707,1382,SSD,5.0,2023-12-03,West,346.53,1732.6499999999999,High
6708,1018,Headphones,2.0,2024-05-27,North,445.01,890.02,High
6709,3730,Mouse,1.0,2024-08-25,South,82.64,82.64,Low
6710,4521,Webcam,4.0,2024-03-03,South,104.15,416.6,High
6711,3121,Laptop,3.0,2023-01-07,West,2592.17,7776.51,High
6712,1572,Monitor,1.0,2023-04-30,North,747.1,747.1,High
6713,3986,Phone,4.0,2024-01-22,West,1874.3,7497.2,High
6714,4736,SSD,4.0,2024-10-02,South,180.85,723.4,High
6715,2299,Monitor,3.0,2025-12-02,North,1827.12,5481.36,High
6716,4119,Monitor,2.0,2023-07-02,East,626.58,1253.16,High
6717,3258,Keyboard,2.0,2024-11-27,North,199.48,398.96,High
6718,3902,SSD,1.0,2024-07-18,North,568.29,568.29,High
6719,2943,SSD,1.0,2024-03-21,East,178.09,178.09,High
6720,1650,Headphones,5.0,2023-07-19,North,291.55,1457.75,High
6721,2645,Keyboard,2.0,2025-08-05,South,131.99,263.98,High
6722,1993,Mouse,1.0,2024-05-27,South,88.52,88.52,Low
6723,3742,Phone,5.0,2025-09-16,East,1820.53,9102.65,High
6724,3587,Mouse,4.0,2023-08-01,East,74.56,298.24,High
6725,4780,Laptop,1.0,2024-06-29,North,2081.97,2081.97,High
6726,4262,Phone,5.0,2024-04-30,North,2435.87,12179.349999999999,High
6727,2338,Keyboard,2.0,2023-06-17,North,237.19,474.38,High
6728,1900,Webcam,4.0,2025-06-08,South,123.24,492.96,High
6729,4634,Webcam,1.0,2025-07-19,East,225.65,225.65,High
6730,2684,Keyboard,2.0,2025-04-07,North,65.68,131.36,High
6731,3827,Mouse,4.0,2023-05-17,East,34.74,138.96,High
6732,2585,Keyboard,3.0,2023-04-25,West,61.88,185.64000000000001,High
6733,2923,Keyboard,2.0,2025-12-08,West,238.94,477.88,High
6734,2781,Monitor,3.0,2024-05-30,North,1167.39,3502.17,High
6735,2136,Laptop,1.0,2024-11-18,East,4533.19,4533.19,High
6736,3217,SSD,5.0,2025-10-16,West,287.35,1436.75,High
6737,4539,Webcam,1.0,2025-11-15,South,328.1,328.1,High
6738,4749,Monitor,2.0,2025-12-29,West,616.9,1233.8,High
6739,2944,Keyboard,3.0,2023-10-20,West,208.78,626.34,High
6740,2037,Headphones,3.0,2023-08-19,North,280.3,840.9000000000001,High
6741,2738,Monitor,4.0,2025-07-26,South,915.09,3660.36,High
6742,1287,Keyboard,1.0,2024-06-01,North,253.78,253.78,High
6743,4978,Webcam,1.0,2025-11-13,North,96.62,96.62,Low
6744,3236,SSD,2.0,2024-12-06,West,577.29,1154.58,High
6745,3961,Keyboard,3.0,2024-01-12,West,246.39,739.17,High
6746,4226,Laptop,2.0,2024-03-12,West,3066.83,6133.66,High
6747,2590,Mouse,2.0,2025-05-02,North,198.53,397.06,High
6748,3741,Phone,3.0,2025-08-27,West,1144.23,3432.69,High
6749,2745,Monitor,2.0,2024-05-13,West,1103.62,2207.24,High
6750,3935,Monitor,3.0,2024-08-22,West,1827.32,5481.96,High
6751,3518,Monitor,2.0,2025-02-16,West,1995.21,3990.42,High
6752,2098,Keyboard,5.0,2023-03-11,South,109.78,548.9,High
6753,3324,SSD,2.0,2023-07-24,North,484.4,968.8,High
6754,1939,Laptop,2.0,2023-12-07,North,2917.19,5834.38,High
6755,4716,SSD,5.0,2025-11-21,North,494.91,2474.55,High
6756,4414,Keyboard,1.0,2025-12-02,East,81.32,81.32,Low
6757,2448,Keyboard,3.0,2023-04-28,South,134.04,402.12,High
6758,1570,Mouse,4.0,2025-06-07,South,42.75,171.0,High
6759,4582,Headphones,5.0,2023-01-15,North,345.95,1729.75,High
6760,3904,Laptop,1.0,2025-06-29,West,4104.5,4104.5,High
6761,2000,Monitor,2.0,2024-09-18,North,1067.92,2135.84,High
6762,2205,Phone,1.0,2024-11-20,South,1845.02,1845.02,High
6763,3505,Monitor,5.0,2025-02-12,South,1353.63,6768.150000000001,High
6764,1917,SSD,2.0,2025-07-01,North,282.57,565.14,High
6765,2874,Keyboard,1.0,2023-04-30,East,171.69,171.69,High
6766,1832,Laptop,4.0,2023-01-26,East,2207.06,8828.24,High
6767,4135,Webcam,3.0,2023-03-05,South,227.17,681.51,High
6768,3886,Laptop,3.0,2024-04-04,West,3374.57,10123.710000000001,High
6769,4331,Laptop,5.0,2023-11-10,North,2086.15,10430.75,High
6770,3240,Headphones,2.0,2025-03-15,West,356.94,713.88,High
6771,2678,Monitor,2.0,2025-09-12,West,1606.54,3213.08,High
6772,1615,Headphones,3.0,2025-01-05,West,326.13,978.39,High
6773,1405,Webcam,1.0,2025-06-07,South,286.73,286.73,High
6774,2749,Webcam,2.0,2025-09-08,North,250.37,500.74,High
6775,4825,Mouse,4.0,2024-08-01,South,163.48,653.92,High
6776,3990,SSD,4.0,2025-08-29,North,381.5,1526.0,High
6777,3768,Phone,2.0,2025-05-10,North,1363.74,2727.48,High
6779,3477,Keyboard,3.0,2024-01-30,South,66.91,200.73,High
6780,1653,Headphones,5.0,2024-04-28,North,244.73,1223.6499999999999,High
6781,4505,Headphones,3.0,2024-10-27,West,395.74,1187.22,High
6782,4475,Mouse,5.0,2024-03-31,East,175.52,877.6,High
6783,1433,Keyboard,4.0,2023-07-29,North,68.04,272.16,High
6784,2135,Laptop,5.0,2024-06-08,West,2288.16,11440.8,High
6785,1374,Keyboard,3.0,2024-11-06,West,120.6,361.79999999999995,High
6786,4130,Monitor,2.0,2025-09-28,North,1016.86,2033.72,High
6787,2066,Mouse,5.0,2025-06-14,North,173.4,867.0,High
6788,1206,SSD,3.0,2025-09-30,South,581.51,1744.53,High
6789,1779,Keyboard,4.0,2023-11-03,West,54.31,217.24,High
6790,2319,Laptop,5.0,2025-11-11,North,2046.07,10230.35,High
6791,2141,Keyboard,4.0,2023-03-01,East,266.2,1064.8,High
6792,1531,Headphones,4.0,2024-01-21,East,167.81,671.24,High
6793,4293,Phone,1.0,2023-02-25,East,1376.87,1376.87,High
6794,3213,Headphones,5.0,2023-06-17,South,237.61,1188.0500000000002,High
6795,3690,SSD,3.0,2024-12-17,South,276.84,830.52,High
6796,4227,Webcam,5.0,2025-05-14,North,185.15,925.75,High
6797,4255,Phone,5.0,2024-04-26,South,1371.28,6856.4,High
6798,1089,Webcam,4.0,2023-12-06,East,278.45,1113.8,High
6799,2117,Keyboard,4.0,2025-03-06,West,207.2,828.8,High
6800,1012,Monitor,4.0,2025-06-10,West,1284.34,5137.36,High
6801,4020,SSD,4.0,2025-02-14,North,536.34,2145.36,High
6802,2857,Keyboard,3.0,2024-08-23,North,261.42,784.26,High
6803,1804,Laptop,2.0,2024-03-12,West,2651.65,5303.3,High
6804,1944,Keyboard,1.0,2025-12-18,West,185.91,185.91,High
6805,3789,Phone,4.0,2023-06-01,North,2132.52,8530.08,High
6806,2857,Headphones,4.0,2025-07-22,East,533.44,2133.76,High
6807,4875,Monitor,1.0,2024-06-23,South,882.78,882.78,High
6808,4509,Webcam,4.0,2023-08-13,South,238.11,952.44,High
6809,4609,Keyboard,2.0,2024-07-16,East,181.26,362.52,High
6810,2610,Keyboard,5.0,2024-07-11,West,224.91,1124.55,High
6811,3923,Headphones,1.0,2024-09-09,North,265.13,265.13,High
6812,2959,Monitor,3.0,2023-01-24,East,940.18,2820.54,High
6813,4882,Mouse,1.0,2024-01-03,East,149.95,149.95,High
6814,4221,Webcam,2.0,2025-09-25,East,207.79,415.58,High
6815,3707,Keyboard,3.0,2023-12-01,East,51.01,153.03,High
6816,4079,Keyboard,5.0,2023-01-03,North,284.46,1422.3,High
6817,2052,Mouse,4.0,2025-10-04,North,55.44,221.76,High
6818,1295,Webcam,1.0,2023-09-20,East,127.56,127.56,High
6819,4033,Phone,3.0,2023-05-01,East,2191.22,6573.66,High
6820,1925,Phone,1.0,2023-01-21,North,1370.35,1370.35,High
6821,4792,SSD,5.0,2025-06-23,South,297.68,1488.4,High
6822,1639,SSD,1.0,2023-05-20,East,430.08,430.08,High
6823,3387,Laptop,3.0,2023-07-25,East,2177.12,6531.36,High
6824,1627,Headphones,2.0,2023-02-12,East,218.48,436.96,High
6825,3486,Monitor,3.0,2025-04-29,East,579.91,1739.73,High
6826,2167,Keyboard,1.0,2025-10-25,North,122.88,122.88,High
6827,1941,Webcam,5.0,2023-07-26,South,358.38,1791.9,High
6828,1829,Keyboard,4.0,2024-09-26,North,277.33,1109.32,High
6829,2770,SSD,4.0,2023-12-11,East,289.25,1157.0,High
6830,3566,Laptop,5.0,2024-01-07,East,2562.76,12813.800000000001,High
6831,1975,Webcam,1.0,2024-06-30,North,123.29,123.29,High
6832,4116,Webcam,5.0,2025-09-10,North,206.21,1031.05,High
6833,1954,Keyboard,1.0,2023-12-01,North,256.6,256.6,High
6834,2262,Headphones,3.0,2023-01-11,East,526.33,1578.9900000000002,High
6835,1951,Laptop,2.0,2023-03-16,North,2137.78,4275.56,High
6836,1943,Headphones,1.0,2025-08-04,North,204.61,204.61,High
6837,3202,Laptop,4.0,2025-07-01,East,2609.51,10438.04,High
6838,2204,Keyboard,4.0,2024-12-10,North,257.11,1028.44,High
6839,4286,Laptop,2.0,2025-05-02,South,3368.88,6737.76,High
6840,3135,Phone,1.0,2025-02-14,West,1426.27,1426.27,High
6841,4327,Webcam,2.0,2025-06-04,West,386.11,772.22,High
6842,2534,Monitor,3.0,2025-01-05,North,1888.04,5664.12,High
6843,2096,Keyboard,2.0,2024-09-25,East,160.03,320.06,High
6844,3978,Mouse,3.0,2025-11-17,East,51.82,155.46,High
6845,1178,Monitor,4.0,2024-01-31,West,756.51,3026.04,High
6846,3259,Keyboard,3.0,2024-11-13,East,78.02,234.06,High
6847,2828,Monitor,1.0,2024-02-25,East,1520.76,1520.76,High
6848,2257,Phone,1.0,2023-12-30,West,1742.97,1742.97,High
6849,1464,Monitor,1.0,2023-04-03,North,1334.97,1334.97,High
6850,2774,Laptop,1.0,2023-09-23,East,2295.13,2295.13,High
6851,4294,SSD,5.0,2023-07-25,South,506.97,2534.8500000000004,High
6852,3678,Monitor,3.0,2023-02-06,West,1303.36,3910.08,High
6853,3872,Keyboard,1.0,2025-10-31,West,72.74,72.74,Low
6854,4335,Mouse,2.0,2025-01-13,North,157.01,314.02,High
6855,2230,Mouse,2.0,2023-01-19,North,196.82,393.64,High
6856,3654,SSD,5.0,2024-01-09,North,348.53,1742.6499999999999,High
6857,1884,Headphones,3.0,2023-04-04,North,157.83,473.49,High
6858,4805,SSD,3.0,2023-02-01,South,195.63,586.89,High
6859,3413,Webcam,3.0,2023-05-20,East,88.28,264.84000000000003,High
6860,3323,Monitor,5.0,2025-08-30,East,1655.6,8278.0,High
6861,3427,Mouse,3.0,2025-11-10,East,147.98,443.93999999999994,High
6862,4814,SSD,3.0,2025-01-02,North,412.91,1238.73,High
6863,2332,Monitor,1.0,2025-01-23,East,1648.44,1648.44,High
6864,2654,Webcam,3.0,2023-02-27,West,399.78,1199.34,High
6865,4339,Mouse,1.0,2023-05-20,South,98.31,98.31,Low
6866,1944,Webcam,1.0,2025-11-12,North,305.86,305.86,High
6867,4856,Monitor,3.0,2025-06-19,North,1065.74,3197.2200000000003,High
6868,4135,Keyboard,2.0,2024-01-13,North,138.01,276.02,High
6869,3857,Monitor,4.0,2025-07-10,East,1776.38,7105.52,High
6870,4421,SSD,2.0,2024-01-08,North,408.64,817.28,High
6871,1924,Webcam,3.0,2025-12-22,West,118.6,355.79999999999995,High
6872,2938,Keyboard,3.0,2025-02-16,West,150.88,452.64,High
6873,1493,Keyboard,2.0,2023-06-16,South,249.14,498.28,High
6874,2546,Headphones,3.0,2024-06-06,South,570.0,1710.0,High
6875,4169,Mouse,1.0,2024-08-06,East,134.45,134.45,High
6876,2969,Laptop,5.0,2024-05-15,West,3182.64,15913.199999999999,High
6877,2094,Keyboard,3.0,2025-06-14,North,113.0,339.0,High
6878,3411,Webcam,3.0,2025-09-25,West,215.05,645.1500000000001,High
6879,3617,Mouse,2.0,2024-07-13,East,126.16,252.32,High
6880,2825,Phone,1.0,2025-10-08,South,807.51,807.51,High
6881,1762,Monitor,2.0,2023-08-21,East,903.02,1806.04,High
6882,3323,SSD,2.0,2024-07-13,South,452.18,904.36,High
6883,1049,Webcam,3.0,2025-07-09,South,295.43,886.29,High
6884,4429,Phone,1.0,2025-05-10,East,1910.11,1910.11,High
6885,3775,Webcam,3.0,2025-05-21,North,383.98,1151.94,High
6886,1905,Monitor,3.0,2023-03-22,North,1352.82,4058.46,High
6887,3975,Headphones,3.0,2024-09-05,North,234.86,704.58,High
6888,1563,Webcam,3.0,2024-12-03,South,339.72,1019.1600000000001,High
6889,1782,Keyboard,5.0,2024-06-24,South,147.34,736.7,High
6890,3532,Laptop,4.0,2025-02-03,East,2717.87,10871.48,High
6891,4155,Keyboard,1.0,2025-01-07,North,189.19,189.19,High
6893,4876,Webcam,4.0,2024-09-13,North,206.77,827.08,High
6894,4709,Laptop,4.0,2025-10-18,North,4079.47,16317.88,High
6895,3040,Keyboard,4.0,2023-07-15,North,298.99,1195.96,High
6896,2831,Laptop,5.0,2025-09-21,West,3934.19,19670.95,High
6897,1583,SSD,1.0,2025-08-03,East,274.42,274.42,High
6898,2319,Monitor,2.0,2023-02-13,West,635.7,1271.4,High
6899,1235,Headphones,4.0,2024-01-28,North,280.98,1123.92,High
6900,3103,Headphones,2.0,2023-06-04,West,109.66,219.32,High
6901,2942,Webcam,2.0,2025-09-04,East,228.72,457.44,High
6902,1359,Keyboard,3.0,2023-02-28,East,215.0,645.0,High
6903,2930,Phone,2.0,2023-04-20,South,1670.05,3340.1,High
6904,1109,Monitor,3.0,2024-04-23,South,1797.92,5393.76,High
6905,1191,Keyboard,1.0,2024-09-09,West,173.51,173.51,High
6906,1903,Keyboard,1.0,2025-02-22,East,165.6,165.6,High
6907,2116,Headphones,3.0,2025-12-08,East,254.84,764.52,High
6908,1861,Webcam,1.0,2025-11-21,North,348.04,348.04,High
6909,3615,Laptop,4.0,2024-08-23,North,4710.8,18843.2,High
6910,2083,Monitor,1.0,2025-07-28,West,1966.88,1966.88,High
6911,1649,SSD,3.0,2025-09-18,South,591.54,1774.62,High
6912,1038,Laptop,4.0,2024-06-14,East,4941.27,19765.08,High
6913,4611,Mouse,2.0,2025-10-23,South,151.03,302.06,High
6914,4120,Mouse,2.0,2024-01-13,East,125.65,251.3,High
6915,4491,Monitor,2.0,2024-07-25,North,758.52,1517.04,High
6916,1636,Webcam,3.0,2024-08-09,North,325.46,976.3799999999999,High
6917,2036,Phone,2.0,2023-12-23,South,2049.3,4098.6,High
6918,1035,Mouse,1.0,2024-11-15,East,173.21,173.21,High
6919,3148,Headphones,2.0,2025-05-07,South,331.23,662.46,High
6920,4865,Phone,5.0,2024-10-20,East,2317.12,11585.599999999999,High
6921,4157,Keyboard,5.0,2023-02-04,South,229.67,1148.35,High
6922,4587,Mouse,2.0,2025-10-03,West,59.09,118.18,High
6923,4294,Headphones,2.0,2024-04-05,North,203.45,406.9,High
6924,2361,Keyboard,5.0,2024-12-18,North,253.57,1267.85,High
6925,2983,Phone,2.0,2024-05-26,West,1523.68,3047.36,High
6926,1165,Monitor,4.0,2025-12-07,East,873.52,3494.08,High
6927,3430,Keyboard,5.0,2024-05-05,East,155.64,778.1999999999999,High
6928,2879,Laptop,3.0,2023-09-30,North,2484.13,7452.39,High
6929,4966,Monitor,5.0,2025-10-09,West,1837.61,9188.05,High
6930,4447,Monitor,1.0,2024-06-10,East,607.31,607.31,High
6931,4542,Phone,4.0,2023-07-29,East,1400.51,5602.04,High
6932,3837,Phone,3.0,2024-09-15,West,1746.78,5240.34,High
6933,4713,Headphones,2.0,2023-06-22,East,536.82,1073.64,High
6934,1030,Headphones,1.0,2024-03-22,South,490.77,490.77,High
6935,4446,Laptop,1.0,2023-01-11,South,2067.27,2067.27,High
6936,1010,Monitor,4.0,2025-01-30,East,1737.87,6951.48,High
6937,3011,SSD,3.0,2023-11-19,East,437.15,1311.4499999999998,High
6938,4373,Webcam,1.0,2025-09-03,East,122.67,122.67,High
6939,3143,Laptop,3.0,2024-03-20,North,3852.43,11557.289999999999,High
6940,4261,Laptop,3.0,2023-12-08,West,4453.68,13361.04,High
6941,3500,Webcam,1.0,2023-08-09,East,272.68,272.68,High
6942,3239,Webcam,3.0,2023-04-20,North,399.73,1199.19,High
6943,1485,Webcam,4.0,2024-02-14,South,242.24,968.96,High
6944,2289,Phone,1.0,2024-05-19,West,1944.32,1944.32,High
6945,2447,Laptop,4.0,2023-02-09,South,2211.12,8844.48,High
6946,4199,Laptop,4.0,2023-09-20,North,4439.59,17758.36,High
6947,3285,Keyboard,3.0,2024-12-08,North,206.03,618.09,High
6948,2943,Webcam,3.0,2025-04-02,North,259.6,778.8000000000001,High
6949,4426,Webcam,1.0,2024-04-05,North,306.82,306.82,High
6950,2963,Headphones,2.0,2023-08-05,West,380.25,760.5,High
6951,4183,Headphones,1.0,2023-03-18,North,483.23,483.23,High
6952,2851,Monitor,4.0,2025-06-10,West,1375.27,5501.08,High
6953,2469,Headphones,3.0,2024-01-25,North,360.03,1080.09,High
6954,2366,Mouse,4.0,2025-11-15,West,52.95,211.8,High
6955,4216,Monitor,5.0,2024-01-09,North,1207.75,6038.75,High
6956,4136,SSD,5.0,2024-10-15,East,392.21,1961.05,High
6957,4318,Webcam,4.0,2025-06-22,North,279.86,1119.44,High
6958,3782,Keyboard,2.0,2025-11-13,South,163.97,327.94,High
6959,1990,Headphones,2.0,2025-01-13,North,173.32,346.64,High
6960,4561,Keyboard,1.0,2024-02-27,East,87.59,87.59,Low
6961,1824,Headphones,1.0,2025-05-02,South,460.49,460.49,High
6962,2462,Headphones,1.0,2025-04-10,West,430.72,430.72,High
6963,3153,Keyboard,3.0,2025-08-30,North,114.87,344.61,High
6964,3228,Laptop,2.0,2024-09-20,North,3337.57,6675.14,High
6965,3231,Laptop,4.0,2024-07-23,North,2920.87,11683.48,High
6966,1225,Laptop,5.0,2023-05-02,East,2543.07,12715.35,High
6967,1776,Mouse,2.0,2023-06-08,North,85.45,170.9,High
6968,3837,Laptop,2.0,2023-11-03,North,2788.07,5576.14,High
6969,4980,Headphones,2.0,2025-01-20,East,141.21,282.42,High
6970,2112,Webcam,1.0,2025-11-27,North,241.44,241.44,High
6971,1687,Phone,3.0,2024-08-13,East,1566.5,4699.5,High
6973,4442,Webcam,1.0,2023-05-29,East,278.5,278.5,High
6974,1971,Phone,3.0,2025-11-05,West,1383.74,4151.22,High
6975,1935,Webcam,2.0,2025-04-14,North,238.82,477.64,High
6976,4984,Mouse,3.0,2025-02-19,North,121.13,363.39,High
6977,2422,Phone,1.0,2023-04-28,West,2359.83,2359.83,High
6978,3153,SSD,2.0,2024-12-04,East,591.76,1183.52,High
6979,2294,Monitor,1.0,2023-11-13,South,1723.31,1723.31,High
6980,2998,Laptop,4.0,2023-10-15,East,3686.31,14745.24,High
6981,3878,SSD,2.0,2025-06-26,North,567.65,1135.3,High
6982,2526,Mouse,3.0,2023-10-24,West,60.28,180.84,High
6983,1678,Webcam,1.0,2024-03-18,East,302.88,302.88,High
6984,4596,Headphones,5.0,2025-06-19,East,330.23,1651.15,High
6985,3896,Laptop,3.0,2023-10-28,West,2434.25,7302.75,High
6986,4103,SSD,3.0,2025-06-16,East,183.84,551.52,High
6987,3440,Laptop,2.0,2024-03-01,East,3442.23,6884.46,High
6988,1039,Phone,3.0,2023-09-07,West,1206.25,3618.75,High
6990,4289,Laptop,5.0,2025-01-21,North,2960.65,14803.25,High
6991,4802,Webcam,4.0,2025-09-24,North,309.88,1239.52,High
6992,4028,Webcam,5.0,2024-02-10,West,132.51,662.55,High
6994,1844,Keyboard,2.0,2023-09-01,South,245.68,491.36,High
6995,2743,Laptop,1.0,2024-01-02,North,3783.44,3783.44,High
6996,3248,Phone,3.0,2023-04-30,North,1220.85,3662.5499999999997,High
6997,1446,Phone,2.0,2025-04-29,North,887.61,1775.22,High
6998,4915,Headphones,4.0,2024-03-08,West,303.97,1215.88,High
6999,4499,Mouse,4.0,2023-07-02,East,174.07,696.28,High
7000,4109,Mouse,1.0,2025-01-28,West,47.32,47.32,Low
7001,2234,SSD,3.0,2023-01-31,South,485.17,1455.51,High
7002,3491,Mouse,4.0,2025-09-03,East,109.54,438.16,High
7003,2350,Monitor,5.0,2024-06-11,South,1848.25,9241.25,High
7004,3808,Phone,2.0,2025-05-13,West,1405.54,2811.08,High
7005,1226,Headphones,5.0,2023-04-12,West,452.37,2261.85,High
7006,1047,Keyboard,4.0,2025-12-31,West,235.03,940.12,High
7007,4089,Webcam,4.0,2024-09-14,East,143.6,574.4,High
7008,3959,Mouse,1.0,2025-03-15,North,56.88,56.88,Low
7009,2462,Keyboard,1.0,2024-02-12,East,73.18,73.18,Low
7010,2830,Keyboard,2.0,2025-04-09,North,225.4,450.8,High
7011,4779,Laptop,1.0,2025-02-27,North,3644.45,3644.45,High
7012,1186,Monitor,3.0,2024-09-09,North,630.08,1890.2400000000002,High
7013,3392,Headphones,2.0,2024-07-02,South,254.17,508.34,High
7014,3271,Monitor,3.0,2023-10-18,East,713.52,2140.56,High
7015,3877,Laptop,1.0,2024-02-26,South,2278.04,2278.04,High
7016,3535,Headphones,2.0,2023-06-30,South,249.39,498.78,High
7017,2932,Headphones,4.0,2024-10-16,North,148.15,592.6,High
7018,3924,Phone,5.0,2023-04-24,East,1242.32,6211.599999999999,High
7019,1848,Monitor,4.0,2023-09-17,East,1329.08,5316.32,High
7020,3032,Monitor,3.0,2023-09-01,North,1341.36,4024.08,High
7021,2252,Phone,4.0,2024-02-27,East,1085.6,4342.4,High
7022,2413,SSD,4.0,2023-12-01,East,235.96,943.84,High
7023,1978,Keyboard,5.0,2025-11-12,South,263.74,1318.7,High
7024,2612,Laptop,5.0,2023-09-28,East,2500.8,12504.0,High
7025,2016,Monitor,4.0,2024-03-29,East,568.61,2274.44,High
7026,3235,Phone,5.0,2024-08-16,North,1216.2,6081.0,High
7027,2881,Webcam,4.0,2025-10-06,East,264.46,1057.84,High
7028,1269,SSD,2.0,2025-05-05,East,153.25,306.5,High
7029,2630,Headphones,4.0,2023-05-12,North,592.49,2369.96,High
7030,1309,Mouse,1.0,2025-02-06,East,69.17,69.17,Low
7031,4203,Webcam,5.0,2024-05-15,East,156.2,781.0,High
7032,3043,Phone,5.0,2023-05-15,North,2055.65,10278.25,High
7033,2574,Mouse,3.0,2025-02-05,East,72.19,216.57,High
7034,2095,Keyboard,3.0,2025-03-22,South,149.04,447.12,High
7035,4864,Laptop,1.0,2025-02-08,North,3631.76,3631.76,High
7036,3892,Mouse,5.0,2023-04-04,East,33.72,168.6,High
7037,2695,SSD,5.0,2023-06-14,East,526.78,2633.8999999999996,High
7038,4258,Keyboard,3.0,2023-11-21,North,178.01,534.03,High
7039,3533,Mouse,3.0,2025-07-28,West,83.2,249.60000000000002,High
7040,4262,Headphones,4.0,2024-09-11,West,299.89,1199.56,High
7041,2445,Headphones,5.0,2023-08-19,West,127.91,639.55,High
7042,3167,SSD,5.0,2024-08-04,South,473.09,2365.45,High
7043,1219,Headphones,4.0,2025-01-02,West,369.75,1479.0,High
7044,1052,Headphones,5.0,2024-11-01,West,557.0,2785.0,High
7045,2757,Phone,1.0,2024-02-07,West,1589.12,1589.12,High
7046,2474,Headphones,3.0,2025-11-21,West,514.2,1542.6000000000001,High
7047,4483,Webcam,3.0,2023-05-01,South,140.27,420.81000000000006,High
7048,2666,Headphones,3.0,2024-12-27,North,128.25,384.75,High
7049,2260,Webcam,2.0,2024-01-20,North,383.5,767.0,High
7050,3805,Phone,1.0,2024-04-20,South,1236.83,1236.83,High
7051,3785,Headphones,1.0,2024-07-13,West,516.79,516.79,High
7052,1719,SSD,4.0,2024-01-24,East,265.8,1063.2,High
7053,1405,Keyboard,2.0,2025-02-28,East,88.96,177.92,High
7054,3655,SSD,5.0,2025-01-22,South,479.64,2398.2,High
7055,4068,Keyboard,1.0,2024-12-04,North,244.6,244.6,High
7056,3469,Monitor,2.0,2023-02-22,North,1765.42,3530.84,High
7057,3759,Keyboard,2.0,2024-07-20,East,266.22,532.44,High
7058,3294,Laptop,1.0,2025-03-31,East,3449.39,3449.39,High
7059,1071,Laptop,4.0,2025-11-10,West,3200.65,12802.6,High
7060,2853,Laptop,2.0,2025-11-08,South,4252.91,8505.82,High
7061,3232,Phone,3.0,2025-05-11,West,1767.96,5303.88,High
7062,3053,SSD,2.0,2023-11-18,North,584.38,1168.76,High
7063,2229,Keyboard,5.0,2025-04-06,East,143.96,719.8000000000001,High
7064,2567,SSD,1.0,2024-03-08,North,169.29,169.29,High
7065,4682,Webcam,5.0,2025-12-18,North,268.58,1342.8999999999999,High
7066,3953,Laptop,4.0,2023-02-27,West,3060.41,12241.64,High
7067,1386,Monitor,3.0,2025-10-14,West,1014.01,3042.0299999999997,High
7068,2791,Phone,1.0,2025-01-20,North,1759.68,1759.68,High
7070,4147,Keyboard,3.0,2024-08-29,North,116.74,350.21999999999997,High
7071,2200,Headphones,2.0,2025-08-18,North,289.8,579.6,High
7072,1826,Monitor,4.0,2023-04-15,East,1836.87,7347.48,High
7073,2822,Headphones,1.0,2024-08-29,East,547.61,547.61,High
7074,1348,Phone,4.0,2025-09-16,South,1198.8,4795.2,High
7075,2278,Monitor,4.0,2024-04-28,North,1559.5,6238.0,High
7076,4908,Monitor,4.0,2023-05-09,North,1123.34,4493.36,High
7077,4773,Mouse,4.0,2023-11-15,South,189.12,756.48,High
7078,1307,Phone,2.0,2024-12-07,East,2044.82,4089.64,High
7079,4416,Phone,5.0,2024-05-23,West,1640.4,8202.0,High
7080,2150,Laptop,2.0,2023-01-20,North,4452.23,8904.46,High
7081,2960,Keyboard,3.0,2025-01-21,South,299.47,898.4100000000001,High
7082,3334,Monitor,4.0,2023-08-23,North,1170.56,4682.24,High
7084,1724,Monitor,2.0,2024-07-07,North,1410.55,2821.1,High
7085,3809,Webcam,4.0,2024-03-28,West,298.59,1194.36,High
7086,2619,Phone,2.0,2024-08-08,West,1997.56,3995.12,High
7087,4558,SSD,4.0,2025-09-10,North,363.11,1452.44,High
7088,1382,Phone,2.0,2024-02-27,South,1364.9,2729.8,High
7089,4477,Keyboard,1.0,2023-01-06,South,255.48,255.48,High
7090,3435,Phone,5.0,2024-04-02,North,2429.04,12145.2,High
7091,1524,Headphones,5.0,2024-07-07,East,531.99,2659.95,High
7092,4628,Headphones,4.0,2024-06-05,East,441.18,1764.72,High
7093,3686,Mouse,1.0,2025-04-25,South,91.23,91.23,Low
7094,3985,Headphones,3.0,2024-07-04,West,411.24,1233.72,High
7095,4697,Headphones,1.0,2023-01-11,East,150.58,150.58,High
7096,1275,Keyboard,4.0,2024-05-11,North,183.48,733.92,High
7097,3547,Monitor,1.0,2025-11-05,South,1671.83,1671.83,High
7098,3764,Headphones,3.0,2025-11-22,North,225.53,676.59,High
7099,1336,SSD,4.0,2025-01-14,East,375.69,1502.76,High
7100,2973,Mouse,5.0,2024-05-03,East,42.46,212.3,High
7101,3979,Phone,1.0,2025-01-05,West,2225.44,2225.44,High
7102,1480,Headphones,5.0,2024-04-02,West,275.12,1375.6,High
7104,1910,Keyboard,2.0,2024-04-08,East,144.63,289.26,High
7105,2996,Webcam,3.0,2023-02-12,East,271.23,813.69,High
7106,4344,Webcam,1.0,2024-06-22,East,318.14,318.14,High
7107,4991,Webcam,5.0,2024-07-21,North,184.58,922.9000000000001,High
7108,4129,Phone,5.0,2023-05-01,South,1682.74,8413.7,High
7109,2351,Mouse,3.0,2024-09-16,North,165.13,495.39,High
7110,3033,Headphones,5.0,2023-11-12,East,443.93,2219.65,High
7111,2754,Monitor,5.0,2025-10-18,West,585.61,2928.05,High
7112,1108,Phone,5.0,2024-09-12,North,1766.89,8834.45,High
7113,4350,Phone,5.0,2024-03-29,East,1439.77,7198.85,High
7114,4757,Webcam,2.0,2024-11-17,South,306.81,613.62,High
7115,1327,Monitor,2.0,2024-09-15,West,525.0,1050.0,High
7116,2799,Webcam,4.0,2024-09-03,East,185.79,743.16,High
7117,1314,Phone,1.0,2025-08-16,West,947.04,947.04,High
7118,4545,Headphones,3.0,2024-10-08,North,560.25,1680.75,High
7119,2134,Webcam,4.0,2025-02-01,West,360.48,1441.92,High
7120,3746,Webcam,2.0,2023-08-28,South,389.79,779.58,High
7121,1780,SSD,2.0,2025-01-03,East,439.56,879.12,High
7122,4300,Webcam,2.0,2024-01-12,North,338.26,676.52,High
7123,2520,Phone,4.0,2023-01-04,East,1840.18,7360.72,High
7124,1155,Headphones,2.0,2025-03-04,West,346.02,692.04,High
7125,2496,Monitor,4.0,2025-04-25,East,1750.73,7002.92,High
7126,2724,Laptop,2.0,2023-07-16,East,4328.5,8657.0,High
7127,4343,Monitor,5.0,2024-01-24,South,1599.92,7999.6,High
7128,1886,Headphones,5.0,2023-09-18,South,546.96,2734.8,High
7129,4073,Keyboard,1.0,2024-08-25,South,282.19,282.19,High
7130,3805,Webcam,2.0,2023-04-04,South,222.49,444.98,High
7131,1721,Monitor,1.0,2023-05-16,West,924.23,924.23,High
7132,4582,Keyboard,4.0,2024-06-08,West,177.95,711.8,High
7133,1912,Keyboard,1.0,2024-05-12,West,73.27,73.27,Low
7134,4357,Headphones,2.0,2023-04-22,South,569.08,1138.16,High
7135,1870,Headphones,4.0,2024-01-04,East,591.93,2367.72,High
7136,1012,SSD,4.0,2025-07-24,East,443.72,1774.88,High
7137,3655,Webcam,5.0,2025-02-06,East,318.77,1593.85,High
7138,1497,Laptop,4.0,2024-08-08,North,2971.02,11884.08,High
7139,2756,Mouse,4.0,2024-11-03,West,177.27,709.08,High
7140,3285,Phone,1.0,2024-05-25,North,2330.51,2330.51,High
7141,2117,Monitor,4.0,2024-12-13,South,615.35,2461.4,High
7142,4409,Headphones,3.0,2025-03-30,West,165.72,497.15999999999997,High
7143,3828,Monitor,5.0,2024-01-12,West,891.28,4456.4,High
7144,2194,Mouse,5.0,2024-06-28,East,149.62,748.1,High
7145,3004,Mouse,4.0,2023-03-14,North,61.17,244.68,High
7148,2647,Webcam,5.0,2025-03-15,West,275.72,1378.6000000000001,High
7149,2590,Phone,3.0,2024-12-10,North,2459.73,7379.1900000000005,High
7150,3896,Laptop,4.0,2023-11-21,West,4351.68,17406.72,High
7151,3983,Monitor,5.0,2024-01-23,West,1337.46,6687.3,High
7152,2490,Phone,5.0,2025-04-07,West,883.96,4419.8,High
7153,3675,SSD,5.0,2023-08-28,North,382.58,1912.8999999999999,High
7154,1142,Laptop,5.0,2025-09-02,North,2612.26,13061.300000000001,High
7155,2224,Monitor,1.0,2023-01-31,East,950.1,950.1,High
7156,4251,Phone,2.0,2024-04-23,West,1226.46,2452.92,High
7157,3761,Headphones,3.0,2025-11-03,West,273.72,821.1600000000001,High
7158,4435,Monitor,1.0,2024-12-17,North,593.39,593.39,High
7159,3526,Phone,3.0,2023-03-09,East,1780.62,5341.86,High
7160,1564,Mouse,5.0,2025-10-02,East,37.78,188.9,High
7161,3518,Laptop,3.0,2024-06-21,South,3981.75,11945.25,High
7162,3431,Phone,4.0,2023-10-18,East,2042.36,8169.44,High
7163,2715,Headphones,4.0,2025-09-01,East,343.03,1372.12,High
7164,3973,Webcam,2.0,2023-01-24,North,330.0,660.0,High
7165,1416,Monitor,2.0,2024-02-19,North,1951.09,3902.18,High
7166,2848,SSD,3.0,2025-04-30,South,303.02,909.06,High
7167,3355,Monitor,1.0,2025-08-19,South,1428.36,1428.36,High
7168,3696,Monitor,1.0,2024-11-11,South,985.6,985.6,High
7169,2717,Headphones,5.0,2025-11-25,North,321.69,1608.45,High
7170,2390,Laptop,1.0,2023-04-11,West,2062.48,2062.48,High
7171,4072,Monitor,2.0,2024-06-29,West,611.52,1223.04,High
7172,2067,Laptop,1.0,2023-02-08,West,4392.59,4392.59,High
7173,3786,Phone,5.0,2023-07-30,North,1037.84,5189.2,High
7174,2866,Mouse,4.0,2025-01-11,North,148.86,595.44,High
7176,4791,Mouse,1.0,2025-01-19,North,199.36,199.36,High
7177,2288,Laptop,2.0,2023-06-21,East,4086.79,8173.58,High
7178,4871,Laptop,3.0,2025-04-17,North,2386.24,7158.719999999999,High
7179,2806,Mouse,4.0,2024-03-17,South,136.51,546.04,High
7180,3187,Monitor,3.0,2025-12-18,West,1286.21,3858.63,High
7181,2504,Keyboard,5.0,2024-06-17,West,279.35,1396.75,High
7182,4308,Keyboard,5.0,2023-12-31,West,222.54,1112.7,High
7183,4021,Headphones,3.0,2024-01-02,West,359.24,1077.72,High
7184,2016,SSD,2.0,2023-10-23,East,430.9,861.8,High
7185,1952,Webcam,2.0,2024-08-28,South,221.91,443.82,High
7186,3951,Mouse,2.0,2025-01-25,North,116.43,232.86,High
7187,1071,Mouse,4.0,2024-06-06,East,152.8,611.2,High
7188,2690,Headphones,5.0,2023-09-22,North,139.17,695.8499999999999,High
7189,4261,SSD,5.0,2025-11-27,West,426.9,2134.5,High
7190,2291,Keyboard,5.0,2024-01-17,East,72.05,360.25,High
7191,2344,Phone,4.0,2024-03-06,East,2253.63,9014.52,High
7192,3154,Monitor,5.0,2024-01-24,East,1913.7,9568.5,High
7193,4303,Monitor,3.0,2023-02-23,South,1670.3,5010.9,High
7194,4113,Phone,1.0,2023-01-24,East,2020.65,2020.65,High
7195,4773,Phone,4.0,2024-01-30,West,2404.37,9617.48,High
7196,1882,SSD,1.0,2024-09-24,East,248.34,248.34,High
7197,1138,Keyboard,3.0,2023-04-29,East,107.21,321.63,High
7198,3662,Headphones,2.0,2025-09-09,South,340.51,681.02,High
7199,4754,Phone,2.0,2023-07-11,West,812.69,1625.38,High
7200,3910,Headphones,2.0,2024-05-01,South,582.53,1165.06,High
7201,3320,SSD,4.0,2024-09-24,West,164.51,658.04,High
7202,2504,Webcam,2.0,2024-12-21,West,270.76,541.52,High
7203,3463,Laptop,4.0,2024-01-19,North,3061.92,12247.68,High
7204,3553,Monitor,4.0,2025-03-22,West,654.45,2617.8,High
7205,1732,Keyboard,1.0,2023-12-12,West,56.15,56.15,Low
7206,2748,Monitor,2.0,2024-04-17,East,893.63,1787.26,High
7207,4924,Keyboard,5.0,2024-11-06,East,76.67,383.35,High
7208,1423,SSD,2.0,2023-01-03,West,573.15,1146.3,High
7209,4478,Laptop,2.0,2025-12-09,North,2734.28,5468.56,High
7210,2591,Monitor,2.0,2025-07-13,West,641.2,1282.4,High
7211,1389,Laptop,5.0,2025-05-25,East,4309.05,21545.25,High
7212,1341,SSD,5.0,2025-09-10,West,336.41,1682.0500000000002,High
7213,1945,Keyboard,4.0,2025-08-30,East,260.92,1043.68,High
7214,1613,Phone,5.0,2024-01-14,East,2225.33,11126.65,High
7215,1492,Webcam,4.0,2023-05-18,West,397.56,1590.24,High
7216,1191,Monitor,1.0,2023-05-05,East,1705.74,1705.74,High
7217,1498,Laptop,4.0,2025-07-22,South,2642.46,10569.84,High
7218,1821,Mouse,2.0,2024-04-24,East,129.7,259.4,High
7219,2735,Monitor,3.0,2024-07-23,East,1289.38,3868.1400000000003,High
7220,2256,Monitor,3.0,2023-03-07,South,1262.28,3786.84,High
7221,2968,Monitor,2.0,2025-05-01,North,945.21,1890.42,High
7222,1226,Headphones,4.0,2024-03-07,South,205.07,820.28,High
7223,2394,Laptop,2.0,2024-08-23,North,4150.68,8301.36,High
7224,3186,Laptop,5.0,2025-05-05,South,2305.29,11526.45,High
7225,3903,Monitor,4.0,2023-01-06,East,574.42,2297.68,High
7226,1816,SSD,2.0,2023-06-07,East,321.56,643.12,High
7227,4220,SSD,5.0,2023-11-26,North,484.77,2423.85,High
7228,4186,Phone,5.0,2023-08-11,North,2276.51,11382.550000000001,High
7229,2473,Monitor,4.0,2024-02-06,East,1310.19,5240.76,High
7231,1103,Keyboard,1.0,2024-05-23,South,56.32,56.32,Low
7232,2874,Headphones,5.0,2023-07-03,North,327.68,1638.4,High
7233,1870,SSD,1.0,2025-07-03,South,210.02,210.02,High
7234,1667,Phone,5.0,2024-08-03,West,1790.62,8953.099999999999,High
7235,3042,SSD,1.0,2024-06-21,East,564.44,564.44,High
7236,1272,SSD,5.0,2024-06-01,North,153.24,766.2,High
7237,2029,SSD,5.0,2025-02-06,South,450.7,2253.5,High
7238,4218,Monitor,5.0,2023-10-22,West,1688.52,8442.6,High
7239,3231,SSD,5.0,2025-10-11,East,485.02,2425.1,High
7240,2051,Laptop,3.0,2023-09-17,North,2059.31,6177.93,High
7241,2573,Webcam,1.0,2025-04-05,West,135.64,135.64,High
7242,4190,Mouse,5.0,2023-11-12,South,46.05,230.25,High
7243,1292,Monitor,2.0,2025-01-15,East,628.18,1256.36,High
7244,4442,Phone,4.0,2024-12-19,North,2041.31,8165.24,High
7245,4315,Laptop,2.0,2024-11-10,North,3274.37,6548.74,High
7246,4651,Headphones,2.0,2025-05-03,East,462.41,924.82,High
7247,4797,SSD,3.0,2024-04-05,North,312.34,937.02,High
7249,3224,Keyboard,3.0,2025-03-17,West,229.61,688.83,High
7250,4370,Webcam,1.0,2025-03-03,North,280.34,280.34,High
7251,4747,Monitor,5.0,2025-07-18,East,669.46,3347.3,High
7252,3105,Headphones,3.0,2023-05-29,South,562.18,1686.54,High
7253,2292,Webcam,4.0,2025-02-06,West,178.85,715.4,High
7254,1307,Mouse,1.0,2023-12-11,West,141.3,141.3,High
7255,4641,Mouse,3.0,2025-08-31,South,35.44,106.32,High
7256,4359,Webcam,4.0,2025-07-10,East,221.77,887.08,High
7257,1976,Phone,2.0,2023-01-30,East,2439.42,4878.84,High
7258,4176,Keyboard,5.0,2024-12-30,North,271.63,1358.15,High
7259,2251,Headphones,5.0,2025-09-08,East,210.67,1053.35,High
7260,2270,Monitor,2.0,2023-08-19,West,1818.7,3637.4,High
7261,3747,SSD,3.0,2024-12-29,North,281.88,845.64,High
7262,2517,Laptop,2.0,2025-01-15,West,4556.7,9113.4,High
7263,3130,Monitor,4.0,2024-02-03,North,1593.84,6375.36,High
7264,2209,Monitor,1.0,2023-04-05,East,1028.08,1028.08,High
7265,3299,Headphones,3.0,2024-04-19,South,555.4,1666.1999999999998,High
7266,2378,Keyboard,1.0,2025-02-13,South,171.32,171.32,High
7267,2773,Headphones,2.0,2025-03-10,South,258.85,517.7,High
7268,4943,Laptop,5.0,2025-08-01,North,2839.06,14195.3,High
7269,2719,Webcam,1.0,2025-10-19,East,380.5,380.5,High
7270,3042,Headphones,1.0,2024-09-12,North,479.29,479.29,High
7271,1795,Phone,5.0,2025-05-09,South,1394.83,6974.15,High
7272,1896,Monitor,1.0,2025-08-21,North,881.25,881.25,High
7273,2961,Keyboard,1.0,2025-12-07,North,102.9,102.9,High
7274,1209,SSD,5.0,2025-03-23,East,260.02,1300.1,High
7275,3863,Mouse,5.0,2023-04-05,North,48.87,244.35,High
7276,4879,Laptop,2.0,2023-02-02,East,3454.2,6908.4,High
7277,3656,Mouse,2.0,2023-05-02,East,36.98,73.96,Low
7278,3494,Monitor,1.0,2023-08-06,West,517.27,517.27,High
7279,3507,Headphones,3.0,2025-12-12,North,409.04,1227.1200000000001,High
7280,1967,Mouse,2.0,2025-03-05,East,45.04,90.08,Low
7281,1471,Phone,2.0,2023-06-25,South,2236.86,4473.72,High
7282,4791,Headphones,3.0,2023-10-19,North,153.36,460.08000000000004,High
7283,3417,Monitor,3.0,2024-05-05,East,1314.0,3942.0,High
7284,3947,Mouse,5.0,2025-01-30,East,144.84,724.2,High
7285,4563,SSD,2.0,2024-09-25,North,253.12,506.24,High
7286,1922,Webcam,4.0,2023-05-05,West,364.24,1456.96,High
7287,1136,Laptop,4.0,2024-08-26,East,3444.16,13776.64,High
7288,1366,Mouse,1.0,2025-07-26,South,83.6,83.6,Low
7289,3959,SSD,2.0,2025-12-01,North,555.51,1111.02,High
7290,1183,Webcam,4.0,2024-05-05,South,354.67,1418.68,High
7291,4659,Webcam,2.0,2024-07-18,North,307.08,614.16,High
7292,4358,Mouse,2.0,2023-06-17,North,79.38,158.76,High
7293,3519,Keyboard,4.0,2025-01-28,South,147.55,590.2,High
7294,2398,Mouse,2.0,2023-09-06,North,147.25,294.5,High
7295,3701,Monitor,3.0,2023-06-29,South,777.93,2333.79,High
7296,3796,Webcam,1.0,2023-01-28,North,238.44,238.44,High
7297,1536,Laptop,5.0,2023-04-27,North,4213.17,21065.85,High
7298,4582,Monitor,4.0,2024-12-03,North,1486.57,5946.28,High
7299,3849,Phone,5.0,2024-10-18,East,2023.89,10119.45,High
7301,2273,Mouse,3.0,2023-09-19,East,194.61,583.83,High
7302,3967,Keyboard,3.0,2024-09-17,West,164.6,493.79999999999995,High
7303,3557,Laptop,3.0,2025-02-23,North,2179.95,6539.849999999999,High
7304,3677,Keyboard,3.0,2025-11-27,North,258.59,775.77,High
7305,4049,Keyboard,4.0,2023-07-16,East,79.49,317.96,High
7306,2096,Keyboard,4.0,2024-11-14,North,104.86,419.44,High
7307,2305,Mouse,2.0,2025-05-23,North,141.04,282.08,High
7308,1915,Laptop,2.0,2023-11-29,North,4237.21,8474.42,High
7309,4431,Laptop,1.0,2024-12-20,South,4083.94,4083.94,High
7311,4282,Keyboard,1.0,2023-07-16,West,279.52,279.52,High
7312,4906,Webcam,1.0,2023-08-14,South,346.3,346.3,High
7313,1151,Webcam,1.0,2024-08-17,East,292.38,292.38,High
7314,2028,Headphones,3.0,2025-07-01,South,320.54,961.6200000000001,High
7315,2218,Mouse,5.0,2025-01-04,North,108.85,544.25,High
7316,2977,Mouse,5.0,2025-07-07,North,59.91,299.54999999999995,High
7317,4354,Monitor,4.0,2024-06-20,West,1669.56,6678.24,High
7318,3511,SSD,1.0,2023-08-08,North,539.68,539.68,High
7319,4184,Webcam,3.0,2023-10-20,North,344.73,1034.19,High
7320,1270,Mouse,2.0,2023-07-21,North,123.01,246.02,High
7321,2186,Keyboard,2.0,2023-02-01,North,259.49,518.98,High
7322,1459,SSD,4.0,2024-12-16,North,505.68,2022.72,High
7323,1104,Phone,4.0,2025-01-22,East,2215.01,8860.04,High
7324,4764,Keyboard,1.0,2025-10-13,North,295.48,295.48,High
7325,4627,Laptop,1.0,2023-04-25,South,4430.0,4430.0,High
7326,4353,Mouse,2.0,2024-12-22,West,76.02,152.04,High
7328,3209,Mouse,2.0,2025-02-09,South,93.86,187.72,High
7329,3398,Monitor,2.0,2024-04-13,East,1274.29,2548.58,High
7330,1433,Webcam,5.0,2024-03-01,North,334.85,1674.25,High
7331,3899,Phone,1.0,2025-04-13,East,1338.42,1338.42,High
7332,1139,Mouse,1.0,2025-12-19,East,34.43,34.43,Low
7333,2494,Monitor,2.0,2024-04-29,East,1577.22,3154.44,High
7334,4203,Monitor,3.0,2023-01-11,East,1853.26,5559.78,High
7335,1086,Phone,2.0,2023-02-11,East,2377.41,4754.82,High
7336,2711,Keyboard,4.0,2023-05-03,East,249.73,998.92,High
7337,3230,Keyboard,3.0,2024-12-01,South,283.79,851.3700000000001,High
7338,3415,Keyboard,4.0,2023-09-09,South,255.16,1020.64,High
7339,1128,Headphones,3.0,2025-08-30,East,115.05,345.15,High
7340,2269,Webcam,4.0,2024-08-26,South,191.89,767.56,High
7341,4672,SSD,2.0,2023-08-01,North,301.25,602.5,High
7342,2601,Webcam,2.0,2023-09-25,East,150.13,300.26,High
7343,1669,Keyboard,3.0,2025-10-02,West,249.48,748.4399999999999,High
7344,4970,Phone,4.0,2024-12-07,North,1684.15,6736.6,High
7345,4449,Headphones,5.0,2024-06-23,West,518.14,2590.7,High
7346,1148,Webcam,3.0,2024-12-06,South,272.43,817.29,High
7348,1851,Headphones,1.0,2024-09-10,West,292.07,292.07,High
7349,2456,SSD,3.0,2024-05-12,East,505.32,1515.96,High
7350,1627,Phone,5.0,2025-10-17,West,1961.26,9806.3,High
7351,4797,Keyboard,2.0,2025-02-20,North,134.69,269.38,High
7352,2492,SSD,4.0,2023-05-06,North,597.11,2388.44,High
7353,3493,Laptop,1.0,2025-04-20,South,3388.37,3388.37,High
7354,3044,SSD,4.0,2025-09-09,West,292.47,1169.88,High
7355,4552,Mouse,2.0,2023-01-12,West,146.92,293.84,High
7356,1883,Phone,3.0,2024-05-30,North,1178.77,3536.31,High
7357,3341,SSD,5.0,2023-11-12,North,523.79,2618.95,High
7358,2788,SSD,1.0,2025-10-28,West,456.16,456.16,High
7359,4214,Monitor,5.0,2023-11-10,East,1805.1,9025.5,High
7360,1249,Monitor,5.0,2024-06-30,East,993.58,4967.900000000001,High
7361,3925,SSD,5.0,2023-02-08,West,534.49,2672.45,High
7362,1947,SSD,5.0,2025-11-10,North,375.42,1877.1000000000001,High
7363,1974,Phone,2.0,2023-09-10,North,900.57,1801.14,High
7364,2325,Monitor,5.0,2023-10-30,West,791.25,3956.25,High
7365,4096,Webcam,5.0,2025-09-05,North,149.65,748.25,High
7366,3836,Phone,2.0,2023-09-15,North,2105.58,4211.16,High
7367,1983,Laptop,4.0,2025-09-26,North,2609.38,10437.52,High
7368,1888,Phone,2.0,2024-06-25,South,1755.26,3510.52,High
7369,3937,Keyboard,3.0,2024-10-01,North,213.14,639.42,High
7370,4972,Keyboard,2.0,2024-07-05,East,243.46,486.92,High
7371,3117,Headphones,4.0,2024-04-05,West,491.94,1967.76,High
7372,3672,Monitor,3.0,2023-08-12,North,1576.41,4729.2300000000005,High
7373,1874,SSD,3.0,2023-04-02,East,245.93,737.79,High
7374,4183,Mouse,1.0,2023-10-07,North,122.39,122.39,High
7375,4435,Monitor,5.0,2023-09-05,North,935.25,4676.25,High
7376,2326,Webcam,3.0,2025-05-15,East,328.03,984.0899999999999,High
7377,1470,Phone,3.0,2023-03-19,West,2071.76,6215.280000000001,High
7378,2987,Mouse,4.0,2024-04-02,West,69.04,276.16,High
7379,1090,Mouse,3.0,2024-08-08,North,139.03,417.09000000000003,High
7380,1529,SSD,4.0,2025-11-03,North,176.29,705.16,High
7381,1660,SSD,5.0,2023-02-14,West,495.85,2479.25,High
7382,1738,Monitor,1.0,2023-02-07,North,1670.3,1670.3,High
7383,3773,Mouse,1.0,2024-02-20,East,88.99,88.99,Low
7384,1871,Mouse,5.0,2023-09-02,North,167.06,835.3,High
7385,2686,Keyboard,5.0,2025-12-21,East,264.57,1322.85,High
7386,1191,Laptop,2.0,2024-05-07,South,2570.17,5140.34,High
7387,2986,SSD,3.0,2023-11-19,South,307.9,923.6999999999999,High
7388,4623,Phone,3.0,2024-04-12,West,1243.84,3731.5199999999995,High
7389,4313,Monitor,3.0,2025-12-20,North,1061.54,3184.62,High
7390,3185,SSD,4.0,2023-03-28,South,351.11,1404.44,High
7391,1344,Keyboard,2.0,2023-03-21,South,177.49,354.98,High
7392,4251,Webcam,3.0,2023-08-16,North,91.23,273.69,High
7393,2008,SSD,4.0,2024-04-27,North,174.82,699.28,High
7394,4783,Webcam,4.0,2024-09-14,North,289.68,1158.72,High
7396,1202,Mouse,4.0,2024-04-29,West,45.26,181.04,High
7397,1572,Mouse,5.0,2025-04-19,South,95.66,478.29999999999995,High
7398,1191,Monitor,4.0,2023-01-25,East,1213.24,4852.96,High
7399,3052,Laptop,5.0,2025-02-17,East,3906.77,19533.85,High
7400,2913,Laptop,5.0,2025-07-19,East,2354.99,11774.949999999999,High
7401,4308,Monitor,1.0,2025-03-05,East,1992.21,1992.21,High
7402,2716,Monitor,1.0,2025-01-22,South,1212.06,1212.06,High
7403,1310,Keyboard,4.0,2024-03-01,South,220.2,880.8,High
7404,3596,Webcam,1.0,2025-12-26,North,370.63,370.63,High
7405,3103,Monitor,1.0,2024-10-21,West,547.74,547.74,High
7406,1442,Webcam,3.0,2024-11-15,East,272.43,817.29,High
7407,2260,SSD,4.0,2024-06-30,East,393.16,1572.64,High
7408,1869,SSD,4.0,2025-07-04,South,175.83,703.32,High
7409,4932,Headphones,4.0,2023-02-24,East,446.51,1786.04,High
7410,4268,Webcam,1.0,2023-11-10,South,150.65,150.65,High
7411,1584,Keyboard,1.0,2023-08-08,North,225.47,225.47,High
7412,2594,SSD,5.0,2023-02-18,North,313.18,1565.9,High
7413,3799,Mouse,2.0,2024-04-07,West,160.92,321.84,High
7414,2537,Mouse,2.0,2023-04-28,East,190.1,380.2,High
7415,4520,SSD,2.0,2023-03-23,North,537.23,1074.46,High
7416,1359,SSD,3.0,2024-05-10,South,367.16,1101.48,High
7417,2723,SSD,1.0,2024-09-25,South,251.37,251.37,High
7418,3866,Webcam,5.0,2025-04-16,East,397.58,1987.8999999999999,High
7419,3077,Mouse,5.0,2024-08-24,East,142.11,710.5500000000001,High
7420,2802,Mouse,2.0,2025-02-08,South,97.31,194.62,High
7421,3011,Phone,3.0,2024-11-03,West,1618.59,4855.7699999999995,High
7422,3155,SSD,3.0,2023-06-25,West,207.62,622.86,High
7423,1843,Headphones,2.0,2025-03-15,West,352.65,705.3,High
7424,2625,SSD,2.0,2024-09-30,South,227.92,455.84,High
7425,3764,Keyboard,1.0,2023-10-24,South,141.44,141.44,High
7426,1890,Keyboard,3.0,2024-04-19,South,172.94,518.8199999999999,High
7427,2991,Mouse,5.0,2024-06-19,South,191.13,955.65,High
7428,2982,SSD,2.0,2025-11-26,West,431.11,862.22,High
7429,1959,Laptop,1.0,2023-01-25,North,3115.67,3115.67,High
7431,3940,SSD,3.0,2024-09-28,East,486.23,1458.69,High
7432,2461,Headphones,2.0,2023-08-15,North,333.43,666.86,High
7433,1731,Monitor,2.0,2023-02-07,East,602.23,1204.46,High
7434,4961,SSD,1.0,2024-07-23,North,445.59,445.59,High
7435,1605,Headphones,1.0,2023-08-24,North,275.05,275.05,High
7436,3504,Mouse,3.0,2023-04-24,West,98.66,295.98,High
7437,1614,Mouse,2.0,2023-11-02,East,172.61,345.22,High
7438,4806,Phone,1.0,2023-05-12,North,1033.42,1033.42,High
7439,3745,Webcam,2.0,2023-12-14,West,188.92,377.84,High
7440,3004,Keyboard,3.0,2024-02-19,North,140.92,422.76,High
7441,2719,Webcam,2.0,2025-09-09,South,81.07,162.14,High
7442,4566,SSD,5.0,2025-01-01,North,530.4,2652.0,High
7443,1673,Webcam,2.0,2024-10-15,North,347.3,694.6,High
7444,2270,Keyboard,4.0,2024-01-20,North,215.46,861.84,High
7445,3590,Keyboard,4.0,2024-05-26,West,274.74,1098.96,High
7446,2587,SSD,3.0,2025-12-02,West,272.8,818.4000000000001,High
7447,3904,Mouse,3.0,2023-03-02,West,67.51,202.53000000000003,High
7448,2611,Keyboard,3.0,2024-07-06,East,67.13,201.39,High
7449,1896,Laptop,5.0,2023-07-07,East,3776.04,18880.2,High
7450,2462,Laptop,5.0,2024-03-28,East,3489.07,17445.350000000002,High
7451,1277,Monitor,2.0,2025-04-26,South,1715.59,3431.18,High
7452,1551,Keyboard,1.0,2023-07-06,East,170.32,170.32,High
7453,2636,Phone,4.0,2025-07-26,West,1145.5,4582.0,High
7454,3158,Monitor,4.0,2023-06-13,North,1714.4,6857.6,High
7455,3432,Mouse,4.0,2023-04-12,South,107.43,429.72,High
7456,4904,Keyboard,2.0,2024-11-21,South,288.96,577.92,High
7457,1760,Laptop,2.0,2024-07-31,South,3603.41,7206.82,High
7459,4561,SSD,1.0,2024-06-19,East,532.96,532.96,High
7460,3741,Monitor,3.0,2025-01-30,North,1817.62,5452.86,High
7461,2449,Phone,2.0,2025-06-14,South,1557.23,3114.46,High
7462,1404,Keyboard,5.0,2025-08-28,East,56.5,282.5,High
7463,2358,Headphones,3.0,2023-05-04,East,114.86,344.58,High
7464,2232,Phone,2.0,2024-10-29,West,1396.95,2793.9,High
7465,1021,Phone,2.0,2023-12-15,South,2017.59,4035.18,High
7466,1677,Mouse,5.0,2023-09-06,North,86.28,431.4,High
7467,3658,Laptop,5.0,2024-12-07,North,2023.19,10115.95,High
7468,3028,SSD,5.0,2024-12-13,North,531.86,2659.3,High
7469,2231,Keyboard,1.0,2025-10-03,North,292.18,292.18,High
7470,3055,Phone,2.0,2023-09-04,South,1388.83,2777.66,High
7471,3749,Keyboard,5.0,2024-04-25,East,68.27,341.34999999999997,High
7473,2808,Mouse,4.0,2023-11-25,West,165.83,663.32,High
7474,1528,Keyboard,4.0,2025-10-25,North,185.56,742.24,High
7475,3037,Webcam,4.0,2024-04-03,North,202.88,811.52,High
7476,3649,Laptop,2.0,2025-03-06,North,3002.68,6005.36,High
7477,2676,Laptop,1.0,2024-08-15,West,2346.18,2346.18,High
7478,1656,SSD,1.0,2024-05-12,South,302.78,302.78,High
7479,1165,Monitor,4.0,2023-03-28,South,1205.16,4820.64,High
7480,1848,Mouse,3.0,2024-02-06,North,144.43,433.29,High
7481,1495,Mouse,4.0,2023-07-16,East,74.55,298.2,High
7482,1589,SSD,2.0,2025-02-02,East,553.82,1107.64,High
7483,1428,Webcam,4.0,2023-01-27,South,235.14,940.56,High
7484,3821,Keyboard,4.0,2023-05-15,East,151.29,605.16,High
7486,3413,Webcam,4.0,2025-11-16,North,133.64,534.56,High
7487,4597,Monitor,5.0,2024-08-25,East,659.88,3299.4,High
7488,2262,Mouse,5.0,2025-12-27,West,88.91,444.54999999999995,High
7489,1071,Laptop,3.0,2023-12-28,East,2119.8,6359.400000000001,High
7490,4516,Mouse,2.0,2024-10-19,North,94.19,188.38,High
7491,1654,Webcam,2.0,2025-12-22,North,294.88,589.76,High
7492,4893,Headphones,1.0,2025-08-29,West,506.06,506.06,High
7493,4580,Phone,2.0,2025-09-06,South,1785.6,3571.2,High
7494,4866,Phone,3.0,2025-07-29,East,1975.26,5925.78,High
7495,1268,SSD,5.0,2025-06-26,East,524.91,2624.5499999999997,High
7496,2776,Mouse,1.0,2023-09-03,East,161.43,161.43,High
7497,3462,Mouse,5.0,2023-10-05,North,84.4,422.0,High
7498,2268,Monitor,3.0,2023-12-13,North,1360.13,4080.3900000000003,High
7499,2015,Mouse,1.0,2024-01-07,South,75.03,75.03,Low
7500,3722,Headphones,4.0,2025-03-19,West,388.17,1552.68,High
7501,2083,Mouse,2.0,2025-04-28,North,102.42,204.84,High
7502,1005,Keyboard,3.0,2023-05-03,East,143.2,429.59999999999997,High
7503,4780,Webcam,1.0,2025-12-16,East,138.74,138.74,High
7504,1981,SSD,5.0,2023-06-09,South,402.79,2013.95,High
7505,3617,Headphones,1.0,2025-01-06,East,464.66,464.66,High
7507,1406,Keyboard,3.0,2025-07-23,West,67.31,201.93,High
7508,4288,Keyboard,1.0,2025-01-15,South,281.08,281.08,High
7509,2953,Webcam,3.0,2023-10-15,West,81.76,245.28000000000003,High
7510,3073,Phone,3.0,2024-02-24,South,2304.6,6913.799999999999,High
7511,4886,Headphones,5.0,2023-05-20,East,483.04,2415.2000000000003,High
7512,4076,Webcam,2.0,2024-12-07,North,110.9,221.8,High
7513,1985,Keyboard,4.0,2024-11-28,South,109.14,436.56,High
7514,4603,Monitor,1.0,2025-09-13,North,1023.45,1023.45,High
7515,1389,Webcam,2.0,2024-04-19,South,371.3,742.6,High
7516,1709,Phone,5.0,2024-01-24,North,2465.87,12329.349999999999,High
7517,3618,Keyboard,2.0,2024-05-25,West,71.79,143.58,High
7518,2471,Webcam,3.0,2024-06-21,East,207.02,621.0600000000001,High
7519,1753,Headphones,3.0,2023-08-01,East,174.64,523.92,High
7520,3193,Phone,4.0,2025-06-15,South,1273.34,5093.36,High
7521,2411,Headphones,1.0,2025-11-27,West,590.54,590.54,High
7522,3832,Headphones,1.0,2023-08-21,West,592.21,592.21,High
7523,2272,Headphones,5.0,2023-09-17,South,336.07,1680.35,High
7524,1525,Webcam,4.0,2023-11-04,South,138.6,554.4,High
7525,2485,Phone,1.0,2024-02-07,East,1729.93,1729.93,High
7526,3060,Webcam,3.0,2025-09-23,North,182.62,547.86,High
7527,3950,Webcam,4.0,2025-01-19,West,377.23,1508.92,High
7528,3431,Webcam,2.0,2023-10-31,South,341.83,683.66,High
7529,1555,Keyboard,4.0,2023-12-09,South,127.21,508.84,High
7530,3934,Mouse,4.0,2025-11-27,East,33.11,132.44,High
7531,4470,Laptop,1.0,2025-05-04,North,4994.15,4994.15,High
7532,1018,Keyboard,5.0,2025-12-05,North,220.84,1104.2,High
7533,1574,Phone,5.0,2023-09-13,North,1523.74,7618.7,High
7534,4562,Laptop,1.0,2023-05-17,East,2865.37,2865.37,High
7535,3798,Laptop,1.0,2025-03-28,North,2013.27,2013.27,High
7536,2003,Laptop,1.0,2025-08-30,East,2461.88,2461.88,High
7537,3466,Mouse,5.0,2023-02-07,South,31.0,155.0,High
7538,4408,Webcam,1.0,2023-04-15,East,271.23,271.23,High
7540,2938,Monitor,2.0,2024-05-02,North,1650.19,3300.38,High
7541,2939,Phone,3.0,2024-04-02,East,1117.9,3353.7000000000003,High
7542,2635,SSD,2.0,2024-06-11,North,193.19,386.38,High
7543,2698,Mouse,4.0,2024-08-13,East,140.58,562.32,High
7544,4999,Mouse,3.0,2024-06-08,North,114.98,344.94,High
7545,3169,Monitor,2.0,2024-01-05,East,1813.53,3627.06,High
7546,1431,Laptop,4.0,2023-04-12,East,3599.8,14399.2,High
7547,3091,Webcam,2.0,2025-07-04,East,222.34,444.68,High
7548,2895,Monitor,4.0,2024-10-25,West,1232.04,4928.16,High
7549,2943,SSD,1.0,2024-11-20,South,502.04,502.04,High
7550,2340,SSD,4.0,2024-08-21,West,158.24,632.96,High
7551,3428,Monitor,1.0,2024-08-22,North,1877.32,1877.32,High
7552,1144,Mouse,4.0,2024-06-24,South,151.41,605.64,High
7553,4398,Phone,4.0,2024-01-24,North,2304.99,9219.96,High
7554,3410,Headphones,2.0,2023-12-29,East,579.8,1159.6,High
7556,2088,SSD,2.0,2024-09-03,South,410.25,820.5,High
7557,3402,SSD,4.0,2024-12-22,East,368.72,1474.88,High
7558,1799,Monitor,5.0,2023-12-09,West,1306.43,6532.150000000001,High
7559,4235,Webcam,3.0,2023-05-15,East,95.13,285.39,High
7560,4212,Monitor,2.0,2025-07-28,North,1870.98,3741.96,High
7561,3873,Laptop,2.0,2025-09-04,South,4864.05,9728.1,High
7562,2151,Webcam,1.0,2024-01-15,South,299.24,299.24,High
7563,3445,Laptop,5.0,2023-02-07,North,2774.83,13874.15,High
7565,3927,Mouse,5.0,2023-11-06,North,154.24,771.2,High
7566,1462,Laptop,5.0,2023-04-16,West,3723.77,18618.85,High
7567,2774,Webcam,4.0,2024-07-09,East,134.48,537.92,High
7568,3045,Keyboard,1.0,2024-02-01,West,100.29,100.29,High
7569,4907,Webcam,3.0,2023-06-02,West,268.61,805.83,High
7570,1807,Monitor,5.0,2024-06-19,East,693.24,3466.2,High
7571,1186,Laptop,5.0,2025-09-22,North,4171.79,20858.95,High
7572,2743,Phone,2.0,2025-08-23,East,1161.42,2322.84,High
7573,1731,Keyboard,4.0,2025-06-11,North,277.62,1110.48,High
7574,2935,Mouse,3.0,2024-08-05,North,182.95,548.8499999999999,High
7575,2213,Headphones,5.0,2023-07-20,North,246.8,1234.0,High
7576,2411,Monitor,2.0,2023-01-12,North,625.08,1250.16,High
7577,1428,Monitor,1.0,2025-12-11,East,1417.12,1417.12,High
7579,2307,Headphones,2.0,2025-07-08,North,171.85,343.7,High
7580,4935,SSD,1.0,2024-06-04,North,389.17,389.17,High
7581,3284,Headphones,4.0,2023-04-10,North,596.36,2385.44,High
7582,2217,Mouse,1.0,2025-05-20,East,41.73,41.73,Low
7583,2310,Mouse,5.0,2024-01-01,South,74.86,374.3,High
7584,1770,Keyboard,3.0,2024-10-18,West,184.65,553.95,High
7585,1757,SSD,1.0,2023-06-10,North,507.01,507.01,High
7586,1135,Monitor,3.0,2025-01-30,West,528.14,1584.42,High
7587,1791,Laptop,3.0,2023-06-24,North,4198.28,12594.84,High
7588,4854,Mouse,1.0,2024-06-28,South,53.78,53.78,Low
7589,1170,Phone,4.0,2024-04-21,North,2212.16,8848.64,High
7590,3206,Phone,1.0,2023-10-10,East,1976.7,1976.7,High
7591,3248,Phone,2.0,2025-08-14,North,1576.07,3152.14,High
7592,4558,Webcam,3.0,2024-03-27,West,342.91,1028.73,High
7593,2580,SSD,5.0,2023-03-23,North,479.87,2399.35,High
7594,1961,SSD,3.0,2025-03-26,East,491.63,1474.8899999999999,High
7595,4847,Mouse,5.0,2024-06-03,North,79.31,396.55,High
7596,3630,Mouse,2.0,2023-05-14,South,135.3,270.6,High
7597,4575,Phone,2.0,2024-03-22,North,1039.88,2079.76,High
7598,1875,SSD,2.0,2023-04-28,West,519.39,1038.78,High
7599,3418,SSD,1.0,2025-01-18,North,387.03,387.03,High
7600,1102,Mouse,3.0,2024-10-07,South,170.23,510.68999999999994,High
7601,2001,Webcam,5.0,2024-01-14,South,147.57,737.8499999999999,High
7602,2148,Laptop,2.0,2024-08-30,East,2391.02,4782.04,High
7603,4384,Laptop,2.0,2025-08-23,North,4066.91,8133.82,High
7604,4023,Keyboard,5.0,2024-06-08,West,64.6,323.0,High
7605,3845,SSD,3.0,2024-07-29,South,259.79,779.3700000000001,High
7606,2481,Monitor,3.0,2025-07-25,South,1863.07,5589.21,High
7607,4301,Laptop,5.0,2024-10-23,North,2398.27,11991.35,High
7608,1657,Keyboard,4.0,2025-05-25,South,143.89,575.56,High
7609,3929,Headphones,3.0,2023-01-12,South,572.79,1718.37,High
7610,2220,Monitor,5.0,2024-01-23,North,530.0,2650.0,High
7611,4956,SSD,5.0,2023-03-24,North,350.39,1751.9499999999998,High
7612,3780,Laptop,2.0,2025-09-02,East,4359.38,8718.76,High
7613,1422,Webcam,5.0,2024-01-31,North,370.87,1854.35,High
7614,3619,Headphones,1.0,2024-06-28,North,467.79,467.79,High
7615,4681,Keyboard,2.0,2024-10-22,East,272.1,544.2,High
7616,1170,Laptop,2.0,2024-10-01,North,2103.1,4206.2,High
7617,4453,SSD,3.0,2023-04-10,South,194.94,584.8199999999999,High
7618,3220,Laptop,4.0,2024-04-01,East,4213.18,16852.72,High
7619,3710,Mouse,3.0,2025-05-23,North,158.07,474.21,High
7620,1452,Headphones,1.0,2023-11-24,South,402.64,402.64,High
7621,3397,Laptop,2.0,2024-12-24,North,4190.83,8381.66,High
7622,4973,Phone,2.0,2023-03-15,South,2258.69,4517.38,High
7623,2975,Webcam,5.0,2023-04-02,West,254.55,1272.75,High
7624,2657,Mouse,4.0,2023-11-26,South,191.05,764.2,High
7625,3541,Mouse,4.0,2023-06-24,East,148.02,592.08,High
7626,3667,Laptop,5.0,2023-11-11,East,3415.95,17079.75,High
7627,4075,Webcam,1.0,2024-05-11,East,214.89,214.89,High
7628,4164,Mouse,4.0,2024-03-03,East,157.53,630.12,High
7629,3966,Monitor,2.0,2023-02-04,North,1445.7,2891.4,High
7630,3053,Headphones,1.0,2023-04-29,South,508.72,508.72,High
7631,1287,Monitor,3.0,2025-07-13,West,1671.48,5014.4400000000005,High
7632,2641,Keyboard,3.0,2025-04-07,East,181.05,543.1500000000001,High
7633,4217,Monitor,1.0,2024-01-25,North,1918.55,1918.55,High
7634,4854,Webcam,2.0,2023-06-25,North,305.36,610.72,High
7635,2447,Phone,3.0,2023-04-16,North,1141.43,3424.29,High
7636,2913,Mouse,2.0,2024-08-14,West,135.14,270.28,High
7637,1607,Webcam,5.0,2025-07-02,East,144.58,722.9000000000001,High
7638,1456,Mouse,4.0,2025-08-12,East,125.0,500.0,High
7639,2764,SSD,1.0,2025-08-10,South,505.47,505.47,High
7640,2225,Phone,4.0,2025-05-10,North,2181.26,8725.04,High
7641,2235,Mouse,5.0,2023-05-07,North,140.64,703.1999999999999,High
7642,2029,Monitor,3.0,2025-04-03,South,1674.96,5024.88,High
7643,3671,SSD,2.0,2023-08-22,North,362.51,725.02,High
7644,3423,SSD,2.0,2024-10-28,North,397.8,795.6,High
7645,4962,Keyboard,5.0,2025-07-19,North,269.9,1349.5,High
7646,1446,SSD,1.0,2023-05-17,East,371.89,371.89,High
7647,1834,SSD,4.0,2024-07-09,North,307.92,1231.68,High
7648,4177,Laptop,3.0,2025-01-28,South,4390.98,13172.939999999999,High
7649,4722,Phone,1.0,2023-02-25,West,885.81,885.81,High
7650,1810,Monitor,5.0,2023-12-22,North,1937.54,9687.7,High
7651,2424,Webcam,5.0,2025-07-11,South,188.82,944.0999999999999,High
7652,4167,Monitor,2.0,2025-03-23,West,1444.42,2888.84,High
7653,2411,Monitor,3.0,2025-12-22,East,1528.18,4584.54,High
7654,1958,Laptop,1.0,2025-12-22,East,2411.23,2411.23,High
7656,3896,Mouse,3.0,2025-11-18,West,127.26,381.78000000000003,High
7657,1808,Mouse,4.0,2024-08-22,North,85.75,343.0,High
7658,1978,Webcam,4.0,2024-07-21,West,352.22,1408.88,High
7659,4972,SSD,2.0,2024-12-05,West,431.29,862.58,High
7660,3463,Keyboard,1.0,2024-09-03,East,246.44,246.44,High
7661,1725,Webcam,3.0,2023-05-21,East,397.54,1192.6200000000001,High
7662,4575,Headphones,4.0,2024-07-14,East,165.14,660.56,High
7663,3501,Mouse,4.0,2024-05-13,South,157.43,629.72,High
7664,4362,Keyboard,1.0,2024-09-18,East,239.42,239.42,High
7665,4605,Webcam,2.0,2024-05-16,West,359.9,719.8,High
7666,2216,Keyboard,5.0,2025-01-10,North,152.02,760.1,High
7667,3197,Monitor,3.0,2025-02-02,West,1804.48,5413.4400000000005,High
7669,3806,Monitor,5.0,2023-02-18,East,603.16,3015.7999999999997,High
7670,1778,Laptop,1.0,2024-09-18,North,2094.55,2094.55,High
7671,1972,SSD,2.0,2024-11-10,North,366.67,733.34,High
7672,3810,Mouse,3.0,2023-10-04,West,163.59,490.77,High
7673,4049,Keyboard,1.0,2023-02-16,North,146.06,146.06,High
7674,2538,Webcam,2.0,2025-07-14,East,352.59,705.18,High
7675,2416,SSD,1.0,2023-08-04,East,371.45,371.45,High
7676,4387,Phone,4.0,2023-08-18,North,844.69,3378.76,High
7677,3123,Webcam,4.0,2023-11-19,East,391.57,1566.28,High
7678,1598,Mouse,5.0,2023-08-13,North,113.23,566.15,High
7679,4341,Keyboard,1.0,2023-02-15,South,212.53,212.53,High
7680,1224,Keyboard,4.0,2025-11-03,South,99.82,399.28,High
7681,2553,Monitor,2.0,2024-09-24,East,946.0,1892.0,High
7682,3160,Phone,5.0,2024-01-10,West,1623.28,8116.4,High
7683,3298,Phone,3.0,2024-12-03,North,2255.52,6766.5599999999995,High
7684,4304,Mouse,1.0,2025-09-13,South,47.33,47.33,Low
7685,1840,Keyboard,4.0,2023-11-29,South,245.08,980.32,High
7686,2814,SSD,2.0,2023-06-15,South,410.71,821.42,High
7687,1713,Phone,1.0,2024-05-21,South,1649.43,1649.43,High
7688,2106,Phone,2.0,2023-04-27,West,2290.2,4580.4,High
7689,1124,Webcam,5.0,2025-07-31,West,117.8,589.0,High
7690,4246,Mouse,4.0,2024-09-27,North,198.43,793.72,High
7692,4118,Webcam,5.0,2025-05-18,East,184.24,921.2,High
7693,3931,Webcam,2.0,2023-08-04,West,224.5,449.0,High
7694,2279,Headphones,1.0,2023-04-23,North,112.5,112.5,High
7695,2750,Laptop,2.0,2025-11-05,West,3582.81,7165.62,High
7696,1029,Headphones,1.0,2023-08-04,West,373.86,373.86,High
7697,3328,Phone,5.0,2024-03-02,West,2375.18,11875.9,High
7698,3971,Keyboard,3.0,2025-12-02,East,146.98,440.93999999999994,High
7699,3017,Laptop,1.0,2025-02-02,South,3711.85,3711.85,High
7700,4308,Laptop,4.0,2023-10-11,East,4221.85,16887.4,High
7701,4319,Keyboard,4.0,2025-04-13,South,202.13,808.52,High
7702,3415,Laptop,4.0,2025-12-19,South,2468.52,9874.08,High
7703,1494,Keyboard,2.0,2023-08-18,South,92.95,185.9,High
7704,4096,Laptop,2.0,2024-01-20,South,2415.02,4830.04,High
7705,2609,Webcam,2.0,2023-06-08,South,149.67,299.34,High
7706,1717,SSD,4.0,2025-04-03,North,297.75,1191.0,High
7707,4561,Mouse,1.0,2024-04-15,North,155.74,155.74,High
7708,2016,Mouse,4.0,2023-07-27,South,40.36,161.44,High
7709,4565,Headphones,1.0,2023-06-23,North,510.22,510.22,High
7710,2337,Webcam,2.0,2025-11-07,West,163.99,327.98,High
7711,1605,Laptop,3.0,2025-10-13,East,3840.27,11520.81,High
7712,1374,Monitor,2.0,2024-12-08,East,1329.15,2658.3,High
7713,3686,Keyboard,5.0,2025-09-01,North,88.51,442.55,High
7714,2960,Webcam,1.0,2024-02-01,West,171.94,171.94,High
7715,2048,Laptop,3.0,2025-08-31,West,2887.76,8663.28,High
7716,2357,Mouse,2.0,2025-02-04,South,136.05,272.1,High
7717,4426,Mouse,3.0,2024-11-07,North,164.05,492.15000000000003,High
7718,1115,Keyboard,4.0,2024-05-31,East,299.07,1196.28,High
7719,3095,Monitor,1.0,2024-10-23,East,643.85,643.85,High
7720,4809,Laptop,5.0,2023-11-02,North,4816.0,24080.0,High
7721,2801,Laptop,4.0,2023-12-24,West,3684.58,14738.32,High
7722,3146,Monitor,3.0,2024-02-23,South,1035.15,3105.4500000000003,High
7723,2482,Monitor,2.0,2024-10-03,East,926.86,1853.72,High
7724,2546,Monitor,1.0,2024-05-21,South,813.56,813.56,High
7725,2620,Mouse,5.0,2023-11-08,North,124.7,623.5,High
7726,3452,Keyboard,2.0,2024-12-04,North,286.5,573.0,High
7727,4285,Webcam,5.0,2023-09-02,North,138.29,691.4499999999999,High
7728,1684,SSD,1.0,2024-04-21,West,346.28,346.28,High
7729,3950,Monitor,3.0,2024-09-06,East,805.77,2417.31,High
7730,3550,Keyboard,5.0,2024-03-11,West,93.91,469.54999999999995,High
7731,4792,Headphones,1.0,2023-09-07,West,533.37,533.37,High
7732,2471,Laptop,5.0,2025-11-11,North,2785.89,13929.449999999999,High
7733,3941,Laptop,2.0,2024-04-21,North,2743.92,5487.84,High
7734,2599,SSD,5.0,2024-05-25,West,559.41,2797.0499999999997,High
7735,3305,SSD,2.0,2025-02-12,East,323.72,647.44,High
7736,3891,Phone,2.0,2025-07-12,East,814.82,1629.64,High
7737,3168,Headphones,1.0,2025-12-01,South,460.59,460.59,High
7738,1809,Webcam,4.0,2023-03-15,West,245.44,981.76,High
7739,1977,SSD,5.0,2025-03-19,East,498.36,2491.8,High
7740,3101,Monitor,3.0,2025-04-10,West,1355.44,4066.32,High
7741,4066,Monitor,2.0,2025-11-11,West,1026.9,2053.8,High
7742,2354,Webcam,4.0,2023-08-08,East,101.3,405.2,High
7743,1783,Mouse,2.0,2023-03-20,East,177.21,354.42,High
7744,1240,Headphones,4.0,2023-08-23,South,203.54,814.16,High
7745,2778,Monitor,4.0,2023-06-06,North,1957.02,7828.08,High
7746,2553,SSD,3.0,2023-11-23,East,260.63,781.89,High
7747,1482,Phone,4.0,2024-10-03,North,2205.96,8823.84,High
7748,2012,Keyboard,3.0,2024-09-12,West,247.19,741.5699999999999,High
7749,1186,Laptop,1.0,2025-09-11,East,3388.24,3388.24,High
7750,2881,Headphones,2.0,2025-11-09,West,300.85,601.7,High
7751,3703,Laptop,3.0,2024-08-28,North,4109.78,12329.34,High
7752,3309,Keyboard,2.0,2025-05-13,West,182.14,364.28,High
7753,1952,Headphones,5.0,2025-01-18,East,415.98,2079.9,High
7754,2387,SSD,1.0,2025-07-03,West,361.6,361.6,High
7755,1490,Keyboard,5.0,2025-06-17,North,189.29,946.4499999999999,High
7756,1430,Monitor,5.0,2025-09-24,East,783.73,3918.65,High
7757,1238,Webcam,4.0,2025-05-09,East,97.73,390.92,High
7758,3351,Monitor,4.0,2024-07-26,South,1033.89,4135.56,High
7759,3345,SSD,5.0,2023-02-07,North,359.64,1798.1999999999998,High
7761,4771,Monitor,2.0,2024-01-25,North,1120.91,2241.82,High
7762,2356,Keyboard,4.0,2024-11-10,North,158.48,633.92,High
7763,2923,Keyboard,5.0,2024-01-12,South,218.71,1093.55,High
7764,4046,Keyboard,4.0,2025-04-28,West,101.7,406.8,High
7765,2781,Laptop,4.0,2024-01-11,East,4614.92,18459.68,High
7766,3689,SSD,3.0,2024-08-17,South,342.44,1027.32,High
7767,4545,Keyboard,3.0,2025-01-16,South,282.7,848.0999999999999,High
7769,4994,Phone,2.0,2024-04-02,North,1591.51,3183.02,High
7770,3330,SSD,1.0,2025-11-17,North,500.17,500.17,High
7771,1590,Keyboard,1.0,2025-01-10,North,188.98,188.98,High
7772,3119,Phone,5.0,2024-09-20,South,1924.12,9620.599999999999,High
7773,4334,Webcam,2.0,2023-11-22,East,169.82,339.64,High
7774,3750,Monitor,2.0,2024-09-10,East,992.69,1985.38,High
7775,2902,Keyboard,2.0,2023-11-21,East,176.9,353.8,High
7776,2910,Laptop,3.0,2024-05-30,North,2607.44,7822.32,High
7777,1574,Laptop,5.0,2025-01-15,North,2378.92,11894.6,High
7778,4047,Webcam,1.0,2023-09-05,North,350.02,350.02,High
7779,1891,Phone,2.0,2024-02-02,North,2117.25,4234.5,High
7780,3059,Mouse,5.0,2024-08-04,North,188.45,942.25,High
7781,1140,Laptop,1.0,2023-07-22,East,3759.66,3759.66,High
7782,2789,SSD,3.0,2023-08-09,South,339.12,1017.36,High
7783,4626,Laptop,4.0,2025-05-16,East,2309.06,9236.24,High
7784,1016,Laptop,1.0,2023-09-20,East,4551.4,4551.4,High
7785,2086,Monitor,1.0,2023-10-23,North,1184.39,1184.39,High
7786,1252,Laptop,1.0,2025-10-16,South,3683.4,3683.4,High
7787,1464,Headphones,4.0,2023-10-19,East,256.76,1027.04,High
7788,1375,Keyboard,2.0,2024-11-14,West,180.97,361.94,High
7789,2827,Webcam,4.0,2025-05-25,West,330.16,1320.64,High
7790,4028,Laptop,1.0,2025-11-20,South,4136.78,4136.78,High
7791,1519,Mouse,3.0,2025-12-03,East,198.12,594.36,High
7792,2860,SSD,1.0,2024-07-08,North,373.04,373.04,High
7793,1089,Mouse,3.0,2023-12-15,East,120.05,360.15,High
7794,1719,Laptop,5.0,2023-08-07,West,2158.18,10790.9,High
7795,3851,Laptop,3.0,2025-10-19,East,3168.15,9504.45,High
7796,3843,Headphones,1.0,2024-03-25,South,561.05,561.05,High
7797,1629,Laptop,4.0,2024-05-18,East,3051.43,12205.72,High
7798,2884,Laptop,1.0,2023-03-27,West,4298.34,4298.34,High
7799,4246,Keyboard,1.0,2024-06-06,North,294.4,294.4,High
7800,1075,Mouse,5.0,2024-04-05,South,51.56,257.8,High
7801,4684,Headphones,2.0,2025-10-10,South,267.0,534.0,High
7802,1925,Mouse,1.0,2024-09-21,North,110.64,110.64,High
7803,4734,Headphones,5.0,2023-09-09,South,218.69,1093.45,High
7804,3447,Mouse,4.0,2023-01-18,South,32.11,128.44,High
7805,2805,Laptop,5.0,2024-05-14,North,3405.81,17029.05,High
7806,1969,Mouse,5.0,2024-04-02,South,121.22,606.1,High
7807,2094,Mouse,3.0,2023-04-25,East,136.32,408.96,High
7808,3028,Headphones,2.0,2025-01-22,North,513.61,1027.22,High
7809,4251,Webcam,2.0,2025-02-07,West,160.97,321.94,High
7810,4195,Phone,4.0,2024-03-22,North,903.76,3615.04,High
7811,2404,Headphones,5.0,2023-12-19,East,144.92,724.5999999999999,High
7812,4364,Headphones,4.0,2024-09-16,North,348.7,1394.8,High
7813,3844,Headphones,4.0,2024-06-24,South,561.12,2244.48,High
7814,1194,Monitor,2.0,2023-11-18,East,1973.32,3946.64,High
7815,4982,Webcam,2.0,2023-08-14,East,145.62,291.24,High
7816,1227,Monitor,2.0,2023-12-27,East,727.95,1455.9,High
7817,4502,Monitor,1.0,2025-04-13,East,1030.21,1030.21,High
7818,2459,Headphones,5.0,2023-04-22,East,331.94,1659.7,High
7819,4858,Phone,4.0,2023-07-31,North,2173.71,8694.84,High
7820,1460,Headphones,5.0,2025-08-05,East,487.3,2436.5,High
7821,1617,Laptop,4.0,2023-06-08,South,4768.0,19072.0,High
7822,4092,Phone,4.0,2024-07-25,North,2258.77,9035.08,High
7823,1063,Monitor,4.0,2024-10-31,North,1158.19,4632.76,High
7824,3212,SSD,4.0,2025-06-29,South,158.56,634.24,High
7825,3074,Mouse,3.0,2025-10-19,North,70.22,210.66,High
7826,4382,Mouse,3.0,2024-02-08,South,133.71,401.13,High
7827,4059,Webcam,1.0,2024-02-08,East,240.48,240.48,High
7828,1284,SSD,2.0,2024-08-23,South,258.07,516.14,High
7829,2683,Keyboard,4.0,2023-07-12,West,82.9,331.6,High
7830,3328,Webcam,5.0,2025-09-26,North,149.12,745.6,High
7831,1837,Phone,3.0,2024-06-06,North,1241.57,3724.71,High
7832,1830,Monitor,2.0,2023-12-16,East,1800.94,3601.88,High
7833,2187,Phone,1.0,2023-11-12,West,2007.45,2007.45,High
7834,4969,Phone,2.0,2025-07-31,East,1738.97,3477.94,High
7835,3965,Mouse,4.0,2025-07-01,East,33.56,134.24,High
7836,1223,Headphones,2.0,2024-10-13,West,510.6,1021.2,High
7837,1783,Laptop,4.0,2024-09-26,East,3657.39,14629.56,High
7838,4217,Keyboard,3.0,2025-10-07,East,206.84,620.52,High
7839,4012,Monitor,3.0,2024-08-15,West,598.47,1795.41,High
7841,4939,Keyboard,5.0,2024-09-12,West,258.01,1290.05,High
7842,4101,Phone,3.0,2025-01-25,North,2301.68,6905.039999999999,High
7843,1044,SSD,5.0,2024-05-11,West,387.64,1938.1999999999998,High
7844,2810,Mouse,4.0,2025-02-11,North,96.99,387.96,High
7845,1470,Laptop,4.0,2024-01-09,South,2219.14,8876.56,High
7846,3081,Mouse,3.0,2023-07-03,West,62.96,188.88,High
7847,3700,Keyboard,5.0,2023-02-01,North,106.39,531.95,High
7848,4498,Monitor,4.0,2023-10-10,East,594.03,2376.12,High
7849,1829,Phone,3.0,2025-04-15,South,1062.44,3187.32,High
7850,2909,Laptop,4.0,2025-05-22,North,4660.41,18641.64,High
7851,3268,SSD,2.0,2024-11-16,West,395.43,790.86,High
7852,2891,Mouse,2.0,2024-04-06,North,159.96,319.92,High
7853,3581,SSD,3.0,2025-05-20,East,273.76,821.28,High
7854,1691,Keyboard,4.0,2025-09-10,South,83.65,334.6,High
7855,2390,Mouse,3.0,2024-01-03,West,93.45,280.35,High
7856,1931,Phone,1.0,2024-10-19,East,2148.07,2148.07,High
7857,1840,Phone,3.0,2023-06-15,East,1305.46,3916.38,High
7858,4814,SSD,3.0,2025-09-26,West,242.04,726.12,High
7860,2938,Laptop,2.0,2024-08-16,East,3872.03,7744.06,High
7861,2573,Headphones,4.0,2023-05-06,East,317.91,1271.64,High
7862,3629,Mouse,3.0,2023-02-07,South,73.99,221.96999999999997,High
7863,4187,Phone,3.0,2023-12-14,East,1683.58,5050.74,High
7864,3286,Keyboard,4.0,2025-01-06,East,225.16,900.64,High
7865,4406,Mouse,5.0,2025-01-03,East,72.07,360.34999999999997,High
7866,3488,Monitor,4.0,2024-03-01,North,1413.16,5652.64,High
7867,1147,Monitor,2.0,2024-10-09,North,890.23,1780.46,High
7868,2032,Phone,2.0,2023-10-13,North,2477.32,4954.64,High
7869,2311,Phone,3.0,2023-11-16,North,2045.06,6135.18,High
7870,1387,SSD,2.0,2024-05-26,North,421.2,842.4,High
7871,4121,Phone,4.0,2023-08-13,East,1092.96,4371.84,High
7872,2873,SSD,3.0,2024-05-20,South,413.88,1241.6399999999999,High
7873,4588,Webcam,4.0,2025-01-11,West,336.15,1344.6,High
7874,1915,Headphones,4.0,2025-10-25,East,468.55,1874.2,High
7875,2878,Phone,3.0,2024-04-12,North,2122.64,6367.92,High
7876,3685,Mouse,5.0,2025-07-26,North,84.03,420.15,High
7877,4658,Mouse,2.0,2025-02-03,East,85.8,171.6,High
7878,4748,SSD,1.0,2023-06-12,West,392.5,392.5,High
7879,1277,Webcam,1.0,2024-10-14,East,169.17,169.17,High
7880,2977,Webcam,1.0,2025-06-19,East,116.16,116.16,High
7881,2859,Laptop,2.0,2025-03-18,North,3383.37,6766.74,High
7882,4036,Keyboard,5.0,2023-03-23,South,50.48,252.39999999999998,High
7883,4371,Phone,4.0,2024-04-25,East,2093.29,8373.16,High
7884,2825,SSD,3.0,2024-05-30,North,487.36,1462.08,High
7885,3636,Mouse,5.0,2023-07-06,South,123.83,619.15,High
7886,2833,Webcam,1.0,2023-05-26,North,319.24,319.24,High
7887,3696,Mouse,2.0,2025-10-02,East,136.17,272.34,High
7888,1617,Mouse,2.0,2023-06-01,East,148.57,297.14,High
7889,2630,Webcam,3.0,2023-04-03,East,100.69,302.07,High
7890,3182,Headphones,4.0,2025-11-20,South,540.63,2162.52,High
7891,1579,Webcam,5.0,2024-06-23,East,286.06,1430.3,High
7892,2170,Webcam,5.0,2024-10-10,West,275.4,1377.0,High
7893,1489,Keyboard,5.0,2024-08-24,East,146.81,734.05,High
7894,3525,SSD,4.0,2023-02-18,East,162.66,650.64,High
7895,2182,SSD,4.0,2024-06-24,North,555.66,2222.64,High
7896,1383,Webcam,4.0,2023-06-05,East,395.41,1581.64,High
7897,1162,Monitor,3.0,2025-02-13,North,1711.68,5135.04,High
7898,3488,SSD,2.0,2024-06-29,North,561.77,1123.54,High
7899,2876,SSD,1.0,2024-10-11,South,204.43,204.43,High
7900,2212,SSD,4.0,2025-09-27,South,207.9,831.6,High
7901,3462,Webcam,2.0,2025-12-16,East,361.47,722.94,High
7902,2362,Mouse,4.0,2023-06-24,West,39.78,159.12,High
7903,2630,Phone,1.0,2023-01-27,East,958.45,958.45,High
7904,2204,Mouse,4.0,2023-05-27,North,168.86,675.44,High
7905,1287,Keyboard,2.0,2025-05-17,East,189.24,378.48,High
7906,2857,Monitor,3.0,2023-09-22,East,1087.59,3262.7699999999995,High
7908,2907,Headphones,2.0,2025-04-06,South,539.37,1078.74,High
7909,2161,Laptop,5.0,2025-01-12,North,4271.4,21357.0,High
7910,1129,Webcam,5.0,2024-12-10,East,301.31,1506.55,High
7911,3241,Phone,5.0,2025-12-29,East,2460.71,12303.55,High
7912,3363,Laptop,3.0,2025-11-14,West,3563.92,10691.76,High
7913,4856,Headphones,4.0,2023-08-07,North,103.16,412.64,High
7914,2887,Keyboard,4.0,2024-07-14,East,157.26,629.04,High
7915,1143,Keyboard,4.0,2025-06-10,South,74.14,296.56,High
7916,1015,Headphones,3.0,2025-11-29,South,158.23,474.68999999999994,High
7917,4373,Mouse,5.0,2024-08-19,East,73.33,366.65,High
7918,3470,Headphones,4.0,2023-12-09,West,290.68,1162.72,High
7919,1244,SSD,3.0,2024-05-17,East,366.72,1100.16,High
7920,1926,SSD,3.0,2024-03-25,North,226.42,679.26,High
7921,4178,Webcam,2.0,2023-12-02,South,179.75,359.5,High
7922,4159,Phone,4.0,2023-01-04,North,1270.12,5080.48,High
7923,3176,SSD,5.0,2025-01-28,South,314.36,1571.8000000000002,High
7924,1906,Monitor,1.0,2024-05-31,East,661.99,661.99,High
7925,1886,Webcam,3.0,2023-08-26,East,207.15,621.45,High
7926,1340,Webcam,2.0,2023-04-13,East,257.39,514.78,High
7927,3051,Webcam,1.0,2025-10-06,East,111.02,111.02,High
7928,4398,Laptop,3.0,2025-11-23,East,3562.31,10686.93,High
7929,2433,Laptop,2.0,2024-06-01,East,4267.74,8535.48,High
7930,4950,Keyboard,4.0,2024-03-15,South,52.06,208.24,High
7931,1305,Webcam,2.0,2023-08-13,South,95.21,190.42,High
7932,1907,Mouse,3.0,2024-07-18,North,109.3,327.9,High
7933,3654,SSD,4.0,2025-12-18,West,542.75,2171.0,High
7934,4792,Keyboard,5.0,2023-09-03,West,299.45,1497.25,High
7935,4296,Phone,2.0,2025-07-16,East,958.77,1917.54,High
7936,2371,Headphones,1.0,2025-08-10,East,109.17,109.17,High
7937,4039,Laptop,4.0,2025-03-29,East,2686.31,10745.24,High
7938,1320,Webcam,4.0,2023-08-04,South,229.59,918.36,High
7939,1558,Phone,5.0,2023-10-10,North,1772.05,8860.25,High
7940,2204,Keyboard,2.0,2024-07-26,South,293.37,586.74,High
7941,3665,Keyboard,1.0,2024-01-17,West,272.12,272.12,High
7942,3758,Laptop,5.0,2025-12-04,North,3686.3,18431.5,High
7943,2409,Keyboard,2.0,2023-06-21,East,140.43,280.86,High
7944,2641,Mouse,1.0,2023-02-13,West,84.62,84.62,Low
7945,4863,Keyboard,1.0,2023-08-16,South,193.16,193.16,High
7946,4843,Monitor,3.0,2024-07-27,East,1582.03,4746.09,High
7947,2131,SSD,1.0,2023-11-13,West,366.75,366.75,High
7948,3578,Headphones,2.0,2024-12-31,East,252.2,504.4,High
7949,3457,Keyboard,5.0,2024-08-23,East,203.29,1016.4499999999999,High
7951,1817,SSD,3.0,2024-04-11,East,342.32,1026.96,High
7952,2194,Monitor,2.0,2023-10-24,North,1622.53,3245.06,High
7953,4402,Phone,1.0,2024-06-28,North,1279.78,1279.78,High
7954,3540,Keyboard,3.0,2024-05-03,East,171.23,513.6899999999999,High
7955,4266,Mouse,4.0,2025-10-16,South,189.86,759.44,High
7956,1011,Phone,2.0,2023-08-03,West,2028.81,4057.62,High
7957,1194,SSD,3.0,2025-10-22,South,324.59,973.77,High
7958,3537,SSD,5.0,2024-10-22,East,395.78,1978.8999999999999,High
7959,3842,Webcam,3.0,2024-10-15,North,209.75,629.25,High
7960,3928,Keyboard,4.0,2025-03-12,West,78.14,312.56,High
7961,3229,Laptop,2.0,2023-12-07,South,3004.81,6009.62,High
7962,4009,Monitor,3.0,2024-12-04,North,1790.66,5371.9800000000005,High
7963,4888,Monitor,1.0,2024-02-11,East,1191.8,1191.8,High
7965,2921,Headphones,3.0,2023-11-02,West,190.72,572.16,High
7966,4387,SSD,3.0,2025-05-23,North,310.3,930.9000000000001,High
7967,3741,Webcam,2.0,2024-05-09,East,377.35,754.7,High
7968,3077,Mouse,5.0,2024-07-31,East,83.42,417.1,High
7969,2619,Monitor,1.0,2024-06-24,East,875.84,875.84,High
7970,4749,Phone,2.0,2025-02-06,South,895.03,1790.06,High
7971,4867,SSD,1.0,2025-06-14,South,193.75,193.75,High
7972,4864,Mouse,1.0,2024-03-30,West,129.41,129.41,High
7973,2119,Monitor,2.0,2023-10-26,West,1490.05,2980.1,High
7974,4452,Webcam,3.0,2024-03-02,East,285.31,855.9300000000001,High
7975,1777,Headphones,5.0,2024-12-16,East,369.91,1849.5500000000002,High
7976,1443,Webcam,1.0,2025-01-26,East,237.11,237.11,High
7977,1297,Phone,1.0,2023-01-31,North,922.64,922.64,High
7978,1807,Webcam,3.0,2023-11-28,East,349.02,1047.06,High
7979,2760,Mouse,2.0,2023-02-21,East,117.22,234.44,High
7980,1844,SSD,5.0,2023-08-31,South,209.36,1046.8000000000002,High
7981,2015,Phone,1.0,2025-02-13,West,1030.94,1030.94,High
7982,2384,SSD,1.0,2024-11-16,West,380.83,380.83,High
7983,2397,Laptop,2.0,2024-07-26,West,2733.73,5467.46,High
7984,1553,Keyboard,3.0,2025-05-21,South,280.49,841.47,High
7985,3350,Laptop,4.0,2024-11-30,East,3496.85,13987.4,High
7986,1420,Mouse,3.0,2024-06-02,West,196.33,588.99,High
7987,2269,Keyboard,1.0,2024-08-17,South,233.54,233.54,High
7988,4791,Laptop,1.0,2023-10-10,East,4432.1,4432.1,High
7989,2260,Keyboard,5.0,2024-08-21,West,147.22,736.1,High
7990,4605,Monitor,3.0,2023-05-28,East,701.03,2103.09,High
7991,1184,Webcam,4.0,2023-03-11,West,300.7,1202.8,High
7992,1467,Phone,5.0,2023-08-22,East,1492.02,7460.1,High
7993,3801,Keyboard,4.0,2024-11-09,North,287.22,1148.88,High
7994,3410,Monitor,5.0,2024-09-27,North,790.45,3952.25,High
7995,2306,Webcam,3.0,2024-04-11,East,280.48,841.44,High
7996,2576,Webcam,1.0,2024-07-10,North,357.14,357.14,High
7997,1335,Headphones,4.0,2025-06-12,East,301.41,1205.64,High
7998,3209,SSD,3.0,2025-04-15,North,579.15,1737.4499999999998,High
7999,4231,Laptop,4.0,2024-09-09,West,2229.85,8919.4,High
8000,2497,Headphones,3.0,2023-05-14,North,393.46,1180.3799999999999,High
8001,4672,SSD,5.0,2023-01-08,East,499.82,2499.1,High
8002,4393,SSD,3.0,2023-01-28,East,240.81,722.4300000000001,High
8003,3059,Mouse,5.0,2025-02-21,West,39.84,199.20000000000002,High
8004,2447,Monitor,1.0,2024-06-24,South,619.85,619.85,High
8005,4144,Headphones,5.0,2024-09-18,West,259.61,1298.0500000000002,High
8007,2881,SSD,1.0,2023-01-07,North,250.75,250.75,High
8008,1200,Webcam,3.0,2023-02-09,East,226.73,680.1899999999999,High
8009,1521,Monitor,3.0,2025-06-27,East,627.4,1882.1999999999998,High
8010,2887,Webcam,2.0,2023-03-03,East,398.56,797.12,High
8011,3552,Phone,3.0,2024-01-14,East,1982.87,5948.61,High
8012,4809,Keyboard,1.0,2023-11-18,South,57.57,57.57,Low
8013,2711,Mouse,1.0,2025-01-02,North,147.62,147.62,High
8014,1787,Mouse,5.0,2025-04-18,North,164.61,823.0500000000001,High
8015,4110,Laptop,4.0,2024-02-23,West,2572.29,10289.16,High
8016,1059,Webcam,3.0,2023-01-20,East,348.89,1046.67,High
8017,1577,Keyboard,2.0,2024-02-16,North,202.94,405.88,High
8018,1320,SSD,1.0,2024-07-02,North,519.39,519.39,High
8019,2458,Laptop,1.0,2024-08-27,South,4150.08,4150.08,High
8020,4707,Mouse,1.0,2023-12-23,West,149.79,149.79,High
8021,4747,Keyboard,4.0,2023-07-20,North,89.56,358.24,High
8022,4479,Headphones,4.0,2025-12-07,East,257.9,1031.6,High
8023,3037,Phone,3.0,2025-02-03,North,1689.52,5068.5599999999995,High
8024,1922,SSD,2.0,2023-08-19,East,200.65,401.3,High
8025,2409,Headphones,4.0,2023-10-30,North,339.25,1357.0,High
8026,2694,Phone,5.0,2024-01-22,North,1557.04,7785.2,High
8027,1568,SSD,4.0,2024-12-15,East,254.37,1017.48,High
8028,2101,Webcam,1.0,2025-07-13,East,143.91,143.91,High
8029,4265,Monitor,2.0,2023-02-27,East,871.06,1742.12,High
8030,4356,Laptop,3.0,2024-03-09,North,3815.32,11445.960000000001,High
8031,1526,Laptop,4.0,2024-06-05,East,3244.86,12979.44,High
8032,3571,Monitor,1.0,2025-02-06,North,1120.94,1120.94,High
8033,3660,Keyboard,5.0,2025-04-08,East,95.43,477.15000000000003,High
8034,4227,Monitor,5.0,2024-04-27,North,1681.05,8405.25,High
8035,4411,Webcam,3.0,2024-01-02,North,304.12,912.36,High
8036,3172,Mouse,3.0,2025-06-07,South,102.94,308.82,High
8037,1870,Monitor,4.0,2025-06-01,South,713.3,2853.2,High
8038,1279,Phone,3.0,2024-02-15,South,2014.99,6044.97,High
8039,3964,Mouse,1.0,2023-07-02,East,182.8,182.8,High
8040,4977,Monitor,1.0,2023-06-07,South,767.39,767.39,High
8041,3669,Laptop,1.0,2023-01-13,North,3807.98,3807.98,High
8042,3893,Headphones,4.0,2024-07-19,South,312.15,1248.6,High
8043,2892,Phone,4.0,2025-05-21,North,949.01,3796.04,High
8044,4729,Webcam,3.0,2024-07-08,North,312.26,936.78,High
8045,2751,Phone,4.0,2024-11-08,North,920.95,3683.8,High
8046,4981,SSD,1.0,2025-05-12,North,466.0,466.0,High
8047,1673,Keyboard,2.0,2024-09-09,West,120.29,240.58,High
8048,2151,Headphones,1.0,2023-07-23,East,382.83,382.83,High
8049,3361,Phone,2.0,2025-08-14,East,1072.77,2145.54,High
8050,1331,SSD,3.0,2023-10-29,East,316.9,950.6999999999999,High
8051,2173,Monitor,5.0,2025-12-02,West,656.13,3280.65,High
8052,3039,Phone,4.0,2025-03-05,South,1594.42,6377.68,High
8053,2477,Phone,4.0,2024-08-19,South,1162.59,4650.36,High
8054,1035,Phone,1.0,2024-12-29,West,1119.48,1119.48,High
8055,2708,Keyboard,1.0,2024-05-20,East,76.79,76.79,Low
8056,2443,Phone,2.0,2024-09-30,East,2101.24,4202.48,High
8057,4093,Phone,4.0,2023-07-10,East,1887.18,7548.72,High
8058,3253,Keyboard,3.0,2025-06-17,East,89.23,267.69,High
8059,3686,SSD,1.0,2023-03-01,East,362.59,362.59,High
8060,3895,Mouse,4.0,2023-03-03,East,142.35,569.4,High
8061,2379,Headphones,5.0,2023-10-29,South,539.03,2695.1499999999996,High
8063,3776,Webcam,1.0,2025-09-25,West,195.95,195.95,High
8064,2119,Mouse,1.0,2023-06-21,East,134.71,134.71,High
8065,3988,Laptop,3.0,2023-03-04,South,2046.85,6140.549999999999,High
8066,1163,Keyboard,1.0,2025-02-10,East,110.88,110.88,High
8067,1147,Keyboard,4.0,2023-01-16,North,236.23,944.92,High
8068,4601,Phone,4.0,2024-11-21,West,1404.75,5619.0,High
8069,3341,Phone,4.0,2025-04-21,East,943.64,3774.56,High
8070,1194,Webcam,5.0,2025-06-17,North,280.51,1402.55,High
8071,1662,Laptop,5.0,2025-07-21,East,2750.16,13750.8,High
8072,1479,Phone,1.0,2023-06-24,East,1992.81,1992.81,High
8073,4948,Monitor,5.0,2024-02-21,North,1850.26,9251.3,High
8074,1122,Phone,5.0,2024-03-26,North,1697.36,8486.8,High
8075,2423,Phone,3.0,2025-04-15,South,1818.54,5455.62,High
8076,3746,Monitor,5.0,2023-10-07,West,1271.61,6358.049999999999,High
8077,1964,Laptop,2.0,2023-09-01,North,4452.33,8904.66,High
8078,4523,Monitor,2.0,2024-11-05,East,862.57,1725.14,High
8079,3708,Keyboard,2.0,2023-05-26,South,150.39,300.78,High
8080,4175,Monitor,1.0,2025-12-26,North,1842.55,1842.55,High
8081,2778,Headphones,4.0,2023-04-13,South,461.82,1847.28,High
8082,2485,Keyboard,3.0,2023-11-06,South,130.02,390.06000000000006,High
8083,4814,Phone,1.0,2023-04-27,West,2215.47,2215.47,High
8084,3014,Webcam,4.0,2025-02-01,West,156.42,625.68,High
8085,4789,Keyboard,3.0,2025-01-07,North,208.54,625.62,High
8086,1709,Laptop,3.0,2023-07-06,South,4869.37,14608.11,High
8087,3443,Laptop,3.0,2025-02-23,West,3724.13,11172.39,High
8088,1911,Monitor,2.0,2024-12-07,South,1699.2,3398.4,High
8089,2360,Keyboard,2.0,2025-05-25,South,233.86,467.72,High
8090,4052,Phone,2.0,2025-03-06,North,2271.73,4543.46,High
8091,4670,Laptop,3.0,2024-04-17,East,4906.29,14718.869999999999,High
8092,4213,Mouse,3.0,2024-07-09,South,33.79,101.37,High
8093,3364,Phone,2.0,2024-11-12,East,847.38,1694.76,High
8094,2734,Mouse,3.0,2023-04-04,East,131.05,393.15000000000003,High
8095,4629,Headphones,2.0,2025-01-05,North,577.12,1154.24,High
8097,4598,SSD,2.0,2023-02-07,West,527.9,1055.8,High
8098,2579,Laptop,4.0,2025-02-20,West,4303.72,17214.88,High
8099,4472,Monitor,3.0,2024-04-26,East,1247.38,3742.1400000000003,High
8100,1680,Headphones,1.0,2023-04-21,North,356.59,356.59,High
8101,2333,Keyboard,2.0,2024-02-14,South,159.01,318.02,High
8102,3542,Phone,1.0,2024-02-01,East,1228.74,1228.74,High
8103,1555,Laptop,4.0,2023-02-11,South,4576.14,18304.56,High
8104,1609,Headphones,3.0,2023-02-10,West,204.79,614.37,High
8105,4844,Headphones,2.0,2024-02-03,North,553.46,1106.92,High
8106,3156,SSD,2.0,2023-07-01,East,311.88,623.76,High
8107,4866,Laptop,2.0,2025-01-13,South,2079.49,4158.98,High
8108,1371,Keyboard,1.0,2024-12-18,East,92.09,92.09,Low
8109,3902,Keyboard,4.0,2024-04-08,East,271.96,1087.84,High
8110,1615,Monitor,3.0,2025-12-09,South,692.67,2078.0099999999998,High
8111,3815,Webcam,4.0,2023-10-25,North,316.41,1265.64,High
8112,2914,Mouse,2.0,2023-05-25,East,61.08,122.16,High
8113,3253,Keyboard,4.0,2023-01-16,West,174.73,698.92,High
8114,1846,SSD,1.0,2025-12-11,East,242.34,242.34,High
8115,1042,Monitor,5.0,2023-04-17,North,999.75,4998.75,High
8116,1864,Mouse,5.0,2023-08-07,West,51.22,256.1,High
8117,2268,Headphones,3.0,2025-07-23,North,378.0,1134.0,High
8118,4358,Laptop,3.0,2023-12-03,South,3097.48,9292.44,High
8119,2378,Keyboard,4.0,2025-07-09,South,141.37,565.48,High
8120,1784,Monitor,3.0,2024-01-06,South,557.86,1673.58,High
8121,1475,Headphones,1.0,2025-09-24,South,168.06,168.06,High
8122,1082,Keyboard,2.0,2025-03-20,East,226.88,453.76,High
8123,2133,Phone,2.0,2023-09-11,North,1296.94,2593.88,High
8124,3237,Webcam,4.0,2024-08-02,South,221.46,885.84,High
8125,1799,Headphones,2.0,2024-09-27,North,481.53,963.06,High
8126,1935,SSD,4.0,2025-11-19,East,350.14,1400.56,High
8127,4980,SSD,3.0,2023-07-04,North,251.52,754.5600000000001,High
8128,3298,Keyboard,3.0,2024-04-18,North,187.46,562.38,High
8129,4795,SSD,1.0,2025-09-11,South,510.54,510.54,High
8130,3338,Headphones,2.0,2025-09-10,North,399.82,799.64,High
8131,2668,Laptop,1.0,2024-05-16,South,3260.54,3260.54,High
8132,4272,Laptop,5.0,2025-05-23,South,2376.87,11884.349999999999,High
8133,4868,Webcam,1.0,2023-12-16,South,159.59,159.59,High
8134,1325,Laptop,4.0,2023-03-01,North,4838.36,19353.44,High
8135,2534,Mouse,4.0,2025-05-28,North,161.21,644.84,High
8136,4480,Phone,1.0,2024-04-09,East,948.87,948.87,High
8137,4678,Laptop,3.0,2023-11-07,East,2016.54,6049.62,High
8138,4861,SSD,5.0,2025-07-19,East,228.94,1144.7,High
8139,2985,Phone,1.0,2025-08-22,West,2404.61,2404.61,High
8140,2964,Laptop,3.0,2023-10-07,West,3740.12,11220.36,High
8141,1836,Mouse,1.0,2024-12-11,North,172.57,172.57,High
8142,1507,SSD,2.0,2025-08-24,North,359.35,718.7,High
8143,3778,Headphones,4.0,2024-11-25,West,513.32,2053.28,High
8144,4672,Keyboard,2.0,2025-06-28,North,58.48,116.96,High
8145,3119,Keyboard,2.0,2024-07-20,East,156.7,313.4,High
8146,2270,Laptop,5.0,2023-09-28,West,3132.78,15663.900000000001,High
8147,1640,Keyboard,3.0,2025-09-06,East,295.39,886.17,High
8149,3987,Laptop,2.0,2025-04-20,East,3250.75,6501.5,High
8150,2878,SSD,4.0,2025-09-30,South,491.46,1965.84,High
8151,1607,Webcam,3.0,2023-08-28,West,361.83,1085.49,High
8152,4658,Monitor,1.0,2023-12-27,North,1817.58,1817.58,High
8153,2958,Monitor,2.0,2025-01-03,South,1091.77,2183.54,High
8154,1565,Webcam,3.0,2025-05-01,East,383.54,1150.6200000000001,High
8155,2367,Monitor,4.0,2025-05-09,North,1480.26,5921.04,High
8156,4996,Phone,3.0,2024-12-01,North,2246.93,6740.789999999999,High
8157,3101,Monitor,1.0,2025-04-15,North,1889.42,1889.42,High
8158,2753,Laptop,3.0,2025-04-02,South,2700.8,8102.400000000001,High
8159,3575,Mouse,4.0,2023-04-07,West,114.86,459.44,High
8160,3658,Mouse,2.0,2023-11-23,North,129.93,259.86,High
8161,4603,Headphones,2.0,2023-03-14,North,501.22,1002.44,High
8162,2581,SSD,5.0,2025-09-20,East,330.52,1652.6,High
8163,2986,Monitor,4.0,2025-09-20,North,815.67,3262.68,High
8164,3240,Mouse,5.0,2023-11-29,East,156.35,781.75,High
8165,4966,Monitor,5.0,2024-04-02,South,1388.5,6942.5,High
8166,3105,SSD,1.0,2025-01-03,South,554.23,554.23,High
8167,4508,Headphones,4.0,2025-05-25,North,427.51,1710.04,High
8168,4182,Mouse,2.0,2025-05-07,North,32.86,65.72,Low
8169,1128,Laptop,4.0,2023-04-09,East,4899.95,19599.8,High
8170,2872,Phone,1.0,2025-01-01,North,1808.29,1808.29,High
8171,1705,Webcam,4.0,2025-07-13,West,270.68,1082.72,High
8172,4996,Webcam,4.0,2023-09-01,East,370.96,1483.84,High
8173,1851,Webcam,5.0,2024-10-23,North,292.42,1462.1000000000001,High
8174,4397,Monitor,4.0,2025-10-02,West,1218.98,4875.92,High
8175,1007,Mouse,5.0,2024-01-02,North,48.24,241.20000000000002,High
8176,3076,SSD,5.0,2024-05-13,East,582.99,2914.95,High
8178,3994,Mouse,1.0,2025-08-02,North,58.95,58.95,Low
8179,4744,Headphones,5.0,2025-11-13,West,509.77,2548.85,High
8180,3178,Laptop,4.0,2023-10-10,West,3471.22,13884.88,High
8182,2698,Mouse,5.0,2024-07-21,South,78.65,393.25,High
8183,3756,Phone,5.0,2025-12-13,West,2489.82,12449.1,High
8184,2498,Headphones,2.0,2024-12-14,East,392.01,784.02,High
8185,4435,Mouse,2.0,2024-02-26,North,98.27,196.54,High
8186,4275,Mouse,2.0,2025-04-28,South,178.96,357.92,High
8187,3259,Headphones,2.0,2024-04-19,West,339.85,679.7,High
8188,2644,Headphones,3.0,2024-02-09,West,253.97,761.91,High
8189,1275,Monitor,5.0,2023-02-05,West,746.33,3731.65,High
8190,4144,Mouse,3.0,2023-12-24,North,156.56,469.68,High
8191,2702,Keyboard,4.0,2024-07-11,East,199.06,796.24,High
8192,2795,Phone,1.0,2025-12-03,North,957.0,957.0,High
8193,1242,Laptop,3.0,2023-11-16,East,3774.92,11324.76,High
8194,4858,Laptop,2.0,2025-01-07,East,2478.35,4956.7,High
8195,4173,Keyboard,2.0,2024-10-19,North,295.43,590.86,High
8196,4034,SSD,4.0,2024-04-16,East,266.87,1067.48,High
8197,3732,Headphones,5.0,2024-06-08,North,448.01,2240.05,High
8198,1170,Headphones,1.0,2023-01-25,South,428.02,428.02,High
8199,1652,SSD,3.0,2024-10-01,South,461.11,1383.33,High
8200,2932,Headphones,5.0,2025-05-25,East,315.0,1575.0,High
8201,3235,SSD,5.0,2023-06-23,South,183.45,917.25,High
8202,4512,Mouse,3.0,2023-07-05,North,196.6,589.8,High
8203,2109,SSD,3.0,2025-09-27,North,236.19,708.5699999999999,High
8204,2499,Headphones,3.0,2024-06-11,East,484.86,1454.58,High
8205,3099,Headphones,3.0,2025-08-29,North,168.79,506.37,High
8206,3158,Mouse,2.0,2024-11-14,East,77.8,155.6,High
8208,3924,Mouse,5.0,2024-07-28,South,100.29,501.45000000000005,High
8209,4925,Keyboard,2.0,2023-11-05,East,289.57,579.14,High
8210,2066,Monitor,5.0,2024-06-21,South,1771.53,8857.65,High
8211,3258,Mouse,3.0,2025-05-07,South,186.7,560.0999999999999,High
8212,3035,Phone,1.0,2023-07-12,North,1889.18,1889.18,High
8213,4271,Headphones,5.0,2023-02-22,East,209.46,1047.3,High
8214,4881,Monitor,1.0,2024-04-19,West,1277.75,1277.75,High
8215,1857,Laptop,1.0,2023-06-23,West,4296.6,4296.6,High
8216,4823,Keyboard,2.0,2024-11-30,West,66.18,132.36,High
8217,3674,SSD,4.0,2024-01-25,West,538.4,2153.6,High
8218,2049,Monitor,5.0,2024-04-01,North,1447.03,7235.15,High
8219,4990,Mouse,2.0,2025-11-18,North,153.01,306.02,High
8220,1298,Headphones,2.0,2023-05-02,South,447.15,894.3,High
8221,4148,Headphones,1.0,2024-02-22,East,523.88,523.88,High
8222,1923,Headphones,5.0,2023-06-08,South,143.76,718.8,High
8223,1136,Monitor,2.0,2024-08-20,West,1065.57,2131.14,High
8224,2043,Headphones,3.0,2024-05-30,East,351.31,1053.93,High
8225,3487,Mouse,2.0,2025-10-22,East,122.92,245.84,High
8226,1210,SSD,3.0,2024-10-20,North,574.15,1722.4499999999998,High
8227,3799,Monitor,4.0,2024-11-08,North,563.7,2254.8,High
8228,2574,Headphones,3.0,2023-11-11,South,533.2,1599.6000000000001,High
8229,3482,Laptop,3.0,2023-11-24,West,3655.7,10967.099999999999,High
8230,1779,Laptop,1.0,2023-10-03,South,3663.88,3663.88,High
8231,2230,Phone,2.0,2024-12-16,East,1344.56,2689.12,High
8232,3486,Headphones,4.0,2024-03-27,West,421.81,1687.24,High
8233,2802,Headphones,2.0,2024-04-30,North,423.21,846.42,High
8234,3713,Monitor,3.0,2024-07-20,North,783.94,2351.82,High
8235,2065,Monitor,3.0,2023-09-03,East,1515.51,4546.53,High
8236,1410,Webcam,2.0,2025-07-23,East,165.35,330.7,High
8237,4594,SSD,4.0,2025-06-07,West,459.95,1839.8,High
8238,3853,Headphones,4.0,2023-06-13,North,405.97,1623.88,High
8239,3657,Phone,1.0,2024-06-10,South,2017.12,2017.12,High
8240,1426,SSD,3.0,2023-01-01,South,158.86,476.58000000000004,High
8241,4346,Headphones,3.0,2025-05-12,East,162.68,488.04,High
8242,2471,SSD,1.0,2023-05-17,North,528.09,528.09,High
8243,3949,Mouse,2.0,2023-05-31,East,94.72,189.44,High
8244,1941,Monitor,3.0,2025-09-30,South,1755.08,5265.24,High
8245,2907,Headphones,2.0,2025-11-07,East,131.34,262.68,High
8246,1741,SSD,4.0,2025-09-25,South,496.22,1984.88,High
8247,2392,Monitor,5.0,2024-11-28,South,625.65,3128.25,High
8248,2243,Headphones,1.0,2025-12-24,West,334.16,334.16,High
8249,2600,Keyboard,3.0,2023-11-29,North,284.39,853.17,High
8250,4938,Monitor,1.0,2024-01-07,North,616.52,616.52,High
8251,2255,SSD,4.0,2024-08-03,East,307.8,1231.2,High
8252,1327,Phone,4.0,2024-11-16,East,1681.19,6724.76,High
8253,2466,Keyboard,4.0,2024-12-09,South,274.86,1099.44,High
8254,3099,Mouse,4.0,2025-07-16,East,86.54,346.16,High
8255,4957,Headphones,5.0,2025-01-09,North,503.52,2517.6,High
8256,2966,Webcam,2.0,2023-09-28,North,309.82,619.64,High
8257,1375,Mouse,2.0,2024-12-11,North,82.2,164.4,High
8258,1262,Monitor,5.0,2023-11-21,West,1011.22,5056.1,High
8259,1266,Keyboard,2.0,2025-09-16,West,97.75,195.5,High
8260,3406,Mouse,4.0,2025-03-08,North,147.8,591.2,High
8261,4388,Phone,2.0,2025-07-08,North,1757.27,3514.54,High
8262,4395,Webcam,1.0,2024-06-30,North,129.58,129.58,High
8263,2944,Monitor,2.0,2025-12-28,North,1430.11,2860.22,High
8264,4979,Keyboard,1.0,2025-06-26,West,174.66,174.66,High
8265,4737,Mouse,3.0,2023-07-31,South,45.74,137.22,High
8266,2893,Keyboard,1.0,2024-08-19,North,288.43,288.43,High
8267,2901,Keyboard,1.0,2023-02-17,South,258.69,258.69,High
8268,3699,Mouse,4.0,2023-08-19,North,42.07,168.28,High
8269,4634,Laptop,4.0,2024-08-01,South,4793.8,19175.2,High
8270,2652,Headphones,4.0,2025-08-07,East,558.34,2233.36,High
8271,2444,SSD,1.0,2025-07-20,South,168.98,168.98,High
8272,1045,Monitor,5.0,2023-02-21,North,802.22,4011.1000000000004,High
8273,4892,Monitor,4.0,2024-02-26,South,1553.61,6214.44,High
8274,1599,Webcam,4.0,2024-09-02,East,379.06,1516.24,High
8275,1719,Webcam,1.0,2024-03-21,North,343.4,343.4,High
8276,2912,Webcam,3.0,2025-08-18,North,170.21,510.63,High
8277,2292,Monitor,3.0,2023-05-11,South,550.16,1650.48,High
8278,1600,Keyboard,2.0,2024-08-22,South,168.22,336.44,High
8279,1380,Webcam,3.0,2024-01-09,North,109.43,328.29,High
8280,1117,Mouse,4.0,2024-07-04,North,71.7,286.8,High
8281,4637,Headphones,5.0,2024-06-13,North,420.05,2100.25,High
8282,3163,Phone,2.0,2024-01-22,South,1641.53,3283.06,High
8283,4701,Monitor,5.0,2023-12-02,North,1065.08,5325.4,High
8284,1259,Mouse,5.0,2025-01-05,East,188.09,940.45,High
8285,2098,Headphones,4.0,2025-10-21,East,196.48,785.92,High
8286,2503,Headphones,1.0,2025-06-14,South,343.74,343.74,High
8287,3352,Laptop,1.0,2024-06-21,East,3720.49,3720.49,High
8288,3054,SSD,1.0,2024-05-10,East,294.87,294.87,High
8289,1365,Mouse,3.0,2025-11-01,West,149.9,449.70000000000005,High
8290,2657,Monitor,1.0,2024-05-22,East,1800.92,1800.92,High
8291,3570,Webcam,4.0,2024-11-11,East,253.27,1013.08,High
8292,4419,Keyboard,3.0,2024-07-18,East,245.33,735.99,High
8293,2461,Webcam,1.0,2025-02-19,South,99.51,99.51,Low
8294,3024,Headphones,5.0,2025-01-29,South,176.89,884.4499999999999,High
8295,4286,Headphones,4.0,2023-05-08,North,331.01,1324.04,High
8296,3476,Phone,4.0,2023-05-26,South,2365.73,9462.92,High
8297,1790,Webcam,2.0,2024-05-13,North,250.11,500.22,High
8298,4569,SSD,4.0,2025-08-23,North,344.54,1378.16,High
8299,4611,SSD,5.0,2024-07-13,North,420.05,2100.25,High
8300,1746,Laptop,4.0,2025-07-12,West,2373.4,9493.6,High
8301,3414,SSD,2.0,2024-02-07,North,444.16,888.32,High
8302,1312,Headphones,4.0,2025-09-02,East,147.01,588.04,High
8303,1537,Headphones,4.0,2023-12-08,West,388.4,1553.6,High
8304,1920,SSD,2.0,2025-12-07,East,471.48,942.96,High
8305,2077,Keyboard,4.0,2024-06-24,South,152.88,611.52,High
8306,4612,Keyboard,3.0,2024-05-25,East,277.73,833.19,High
8307,2490,SSD,4.0,2023-01-19,South,218.41,873.64,High
8308,3912,Phone,1.0,2024-05-09,North,1090.63,1090.63,High
8309,4235,Mouse,1.0,2023-12-21,West,117.88,117.88,High
8310,3829,Phone,3.0,2024-07-12,North,2383.81,7151.43,High
8311,3381,Phone,4.0,2023-12-11,West,1464.19,5856.76,High
8312,4618,SSD,5.0,2025-12-19,North,566.88,2834.4,High
8313,1797,Keyboard,4.0,2024-11-18,East,223.37,893.48,High
8315,1272,Webcam,2.0,2023-05-27,West,380.12,760.24,High
8316,4010,SSD,3.0,2023-11-28,South,407.55,1222.65,High
8318,2773,Mouse,5.0,2024-02-03,South,128.43,642.1500000000001,High
8319,4485,Keyboard,4.0,2025-04-15,East,246.21,984.84,High
8320,3547,SSD,5.0,2024-08-09,East,273.03,1365.1499999999999,High
8322,1684,Monitor,4.0,2025-01-26,East,1570.32,6281.28,High
8323,3126,Monitor,5.0,2023-12-12,North,1403.1,7015.5,High
8324,1621,SSD,1.0,2025-11-02,South,167.46,167.46,High
8325,3039,SSD,1.0,2025-01-07,East,498.54,498.54,High
8326,4288,Laptop,3.0,2024-01-15,West,2397.28,7191.84,High
8327,1946,Webcam,1.0,2024-02-25,East,387.83,387.83,High
8328,3405,Monitor,1.0,2025-10-07,East,622.24,622.24,High
8329,3665,Mouse,2.0,2024-02-22,East,152.45,304.9,High
8330,1506,SSD,1.0,2023-12-22,West,312.19,312.19,High
8331,2582,Keyboard,1.0,2023-01-16,West,233.92,233.92,High
8332,4252,Monitor,2.0,2023-11-11,East,1278.43,2556.86,High
8333,3623,Mouse,1.0,2024-06-16,South,137.02,137.02,High
8334,4317,Keyboard,1.0,2025-11-05,North,68.86,68.86,Low
8336,1505,Mouse,1.0,2024-11-24,West,30.65,30.65,Low
8337,1421,Laptop,1.0,2023-03-10,West,4823.48,4823.48,High
8338,4391,SSD,3.0,2024-02-15,East,405.71,1217.1299999999999,High
8339,4158,Phone,2.0,2025-12-11,West,1239.06,2478.12,High
8340,3264,Laptop,1.0,2025-12-24,South,3913.18,3913.18,High
8341,4561,Monitor,5.0,2025-03-22,East,1509.35,7546.75,High
8342,4590,Keyboard,2.0,2025-07-07,East,232.58,465.16,High
8343,4349,Mouse,2.0,2025-04-26,South,32.79,65.58,Low
8344,2872,Monitor,1.0,2025-01-09,East,1974.17,1974.17,High
8345,4793,Monitor,3.0,2024-03-14,South,1426.87,4280.61,High
8346,4056,SSD,2.0,2024-06-13,East,319.89,639.78,High
8347,2192,Phone,3.0,2024-12-30,East,1770.11,5310.33,High
8348,1329,Webcam,5.0,2023-09-30,West,137.09,685.45,High
8349,1649,Monitor,3.0,2024-04-03,East,870.9,2612.7,High
8350,2464,Phone,4.0,2025-03-30,South,945.83,3783.32,High
8351,1390,Keyboard,3.0,2024-07-21,South,269.81,809.4300000000001,High
8352,2519,Keyboard,2.0,2025-05-10,North,112.9,225.8,High
8353,1380,Mouse,3.0,2024-05-11,North,155.75,467.25,High
8354,4377,Webcam,3.0,2025-03-05,East,167.74,503.22,High
8355,1741,Phone,4.0,2025-03-15,North,1048.18,4192.72,High
8357,1819,Keyboard,1.0,2025-07-22,South,265.06,265.06,High
8358,1672,SSD,2.0,2025-09-18,North,203.88,407.76,High
8359,3560,Webcam,1.0,2025-04-19,South,107.89,107.89,High
8360,2771,Mouse,4.0,2024-09-26,North,31.59,126.36,High
8361,3996,Laptop,3.0,2024-08-25,North,3099.32,9297.960000000001,High
8362,2211,Keyboard,4.0,2025-01-05,North,285.67,1142.68,High
8363,1929,Keyboard,5.0,2025-09-17,North,277.16,1385.8000000000002,High
8364,2539,Mouse,3.0,2024-01-02,South,49.56,148.68,High
8365,1912,Mouse,1.0,2023-09-13,South,32.12,32.12,Low
8366,1643,Headphones,3.0,2024-03-15,South,475.5,1426.5,High
8367,1426,SSD,5.0,2024-03-10,North,287.91,1439.5500000000002,High
8368,1501,Monitor,4.0,2024-11-20,North,1752.02,7008.08,High
8369,1729,Monitor,2.0,2023-11-04,East,823.14,1646.28,High
8370,2283,Laptop,2.0,2024-02-13,South,3476.63,6953.26,High
8371,4584,Monitor,2.0,2025-04-05,East,549.42,1098.84,High
8373,3525,Webcam,2.0,2023-01-03,West,136.95,273.9,High
8374,4249,Keyboard,5.0,2024-01-07,South,123.68,618.4000000000001,High
8375,1456,Headphones,4.0,2024-10-03,East,339.85,1359.4,High
8376,3236,Headphones,2.0,2025-11-12,North,235.63,471.26,High
8377,1290,SSD,1.0,2023-04-08,East,168.07,168.07,High
8378,4591,SSD,4.0,2024-10-31,East,163.09,652.36,High
8379,4836,Keyboard,4.0,2023-11-17,North,288.8,1155.2,High
8380,1919,Mouse,3.0,2024-06-17,North,85.33,255.99,High
8381,3339,SSD,2.0,2025-03-30,West,300.48,600.96,High
8382,2969,SSD,1.0,2024-01-02,West,565.3,565.3,High
8383,1755,Phone,5.0,2024-02-21,East,2221.46,11107.3,High
8384,2658,Phone,4.0,2024-12-29,West,1967.8,7871.2,High
8386,2306,Mouse,5.0,2024-10-31,East,166.18,830.9000000000001,High
8388,2869,Webcam,3.0,2023-02-22,East,292.57,877.71,High
8389,1376,Headphones,5.0,2025-01-10,East,149.2,746.0,High
8390,4729,Monitor,2.0,2024-11-25,North,689.77,1379.54,High
8391,2179,SSD,2.0,2023-01-23,East,259.24,518.48,High
8392,1507,Keyboard,1.0,2024-04-04,South,227.45,227.45,High
8393,2436,Mouse,1.0,2024-10-11,South,181.73,181.73,High
8394,3575,SSD,5.0,2024-04-26,West,460.85,2304.25,High
8395,4426,Headphones,5.0,2023-04-30,West,308.31,1541.55,High
8396,1558,Laptop,3.0,2024-11-03,North,3540.98,10622.94,High
8397,4834,Laptop,5.0,2023-07-27,East,4136.98,20684.899999999998,High
8398,4258,Phone,5.0,2023-11-14,South,1842.58,9212.9,High
8399,4102,Monitor,5.0,2023-12-04,North,1294.2,6471.0,High
8400,3307,SSD,4.0,2023-06-04,West,256.56,1026.24,High
8401,1420,Keyboard,4.0,2025-05-17,North,204.24,816.96,High
8402,2552,Headphones,3.0,2024-01-29,North,109.33,327.99,High
8403,4622,SSD,3.0,2024-05-19,North,402.02,1206.06,High
8404,1303,Webcam,2.0,2025-08-28,South,342.64,685.28,High
8405,1941,Laptop,3.0,2023-11-09,North,2539.25,7617.75,High
8406,4110,SSD,2.0,2023-01-14,East,201.39,402.78,High
8407,4560,Headphones,5.0,2023-03-18,South,585.12,2925.6,High
8408,4715,Keyboard,3.0,2024-02-13,South,260.87,782.61,High
8409,3589,Headphones,3.0,2024-01-29,North,251.0,753.0,High
8410,4741,Monitor,3.0,2023-08-08,South,812.86,2438.58,High
8411,2301,Phone,2.0,2025-01-13,South,1367.87,2735.74,High
8412,4274,Headphones,2.0,2024-03-08,South,315.61,631.22,High
8413,2089,Mouse,1.0,2025-03-16,North,169.58,169.58,High
8414,3155,SSD,2.0,2025-09-14,North,257.64,515.28,High
8415,3315,Phone,2.0,2024-10-15,North,2025.44,4050.88,High
8417,2827,Phone,3.0,2025-01-24,North,1445.17,4335.51,High
8418,2553,Headphones,2.0,2024-11-06,South,113.02,226.04,High
8419,4161,Headphones,3.0,2025-04-11,East,513.81,1541.4299999999998,High
8420,1692,Mouse,3.0,2023-01-28,West,150.43,451.29,High
8421,1254,Laptop,4.0,2025-09-14,West,2447.21,9788.84,High
8422,2478,SSD,3.0,2024-02-20,West,418.61,1255.83,High
8423,3300,Mouse,2.0,2023-01-25,West,170.22,340.44,High
8424,1256,Headphones,3.0,2024-11-03,East,190.52,571.5600000000001,High
8425,3430,Webcam,1.0,2024-06-25,West,151.33,151.33,High
8426,1441,Phone,1.0,2023-06-14,East,1143.03,1143.03,High
8427,2881,Mouse,4.0,2023-07-27,South,199.58,798.32,High
8428,3646,Mouse,2.0,2025-08-06,South,69.02,138.04,High
8429,2113,SSD,4.0,2025-09-11,East,270.11,1080.44,High
8430,4820,Webcam,1.0,2024-09-05,West,95.34,95.34,Low
8431,3437,Webcam,2.0,2024-01-08,North,394.65,789.3,High
8432,1581,Webcam,3.0,2024-09-09,North,158.96,476.88,High
8433,4115,SSD,2.0,2023-03-10,East,476.35,952.7,High
8434,2735,Laptop,5.0,2023-04-11,East,2079.11,10395.550000000001,High
8435,4735,Headphones,2.0,2023-01-01,West,491.7,983.4,High
8436,3645,Headphones,3.0,2023-12-17,West,475.31,1425.93,High
8437,1018,Keyboard,5.0,2023-01-07,North,71.04,355.20000000000005,High
8438,2124,SSD,4.0,2023-11-14,North,205.17,820.68,High
8439,4985,Laptop,2.0,2024-09-14,South,2885.33,5770.66,High
8440,3654,Keyboard,4.0,2024-05-23,West,138.67,554.68,High
8441,4837,Keyboard,2.0,2023-07-05,North,245.87,491.74,High
8442,2380,Keyboard,1.0,2024-12-28,North,65.3,65.3,Low
8443,2565,SSD,1.0,2024-04-06,North,442.61,442.61,High
8444,4832,Monitor,3.0,2023-12-09,South,842.8,2528.3999999999996,High
8445,3080,Keyboard,1.0,2024-09-26,South,145.62,145.62,High
8446,2993,Mouse,5.0,2024-12-13,West,30.37,151.85,High
8447,4300,Phone,5.0,2025-10-28,East,1294.91,6474.55,High
8448,2547,Mouse,2.0,2024-07-29,West,59.13,118.26,High
8449,4701,Mouse,4.0,2023-05-16,South,115.68,462.72,High
8450,1861,Headphones,5.0,2024-01-18,East,179.1,895.5,High
8451,1154,Monitor,2.0,2023-07-05,East,1753.73,3507.46,High
8452,4494,SSD,4.0,2024-09-30,South,547.31,2189.24,High
8453,1904,Keyboard,1.0,2025-07-16,North,261.32,261.32,High
8454,2269,Headphones,2.0,2025-08-21,East,590.9,1181.8,High
8455,1404,Laptop,4.0,2024-07-14,East,4743.94,18975.76,High
8456,1843,Laptop,3.0,2025-06-16,North,2839.36,8518.08,High
8457,2782,SSD,3.0,2024-09-30,North,291.51,874.53,High
8458,2564,Headphones,5.0,2023-11-17,North,366.33,1831.6499999999999,High
8459,2184,Phone,4.0,2025-05-07,North,1454.43,5817.72,High
8460,1746,SSD,3.0,2025-09-24,South,586.46,1759.38,High
8461,2725,Headphones,5.0,2023-10-12,South,269.77,1348.85,High
8462,4188,Headphones,2.0,2025-11-17,North,470.04,940.08,High
8463,1270,Monitor,2.0,2023-12-17,East,1363.04,2726.08,High
8464,1769,SSD,4.0,2023-03-24,West,580.42,2321.68,High
8465,2715,Laptop,4.0,2024-10-27,North,4233.55,16934.2,High
8466,2510,Laptop,4.0,2024-06-24,North,2910.94,11643.76,High
8467,4956,Keyboard,4.0,2024-04-24,South,99.27,397.08,High
8468,1171,Mouse,3.0,2023-08-01,East,175.29,525.87,High
8469,1273,SSD,3.0,2025-07-18,East,559.96,1679.88,High
8470,3306,Headphones,5.0,2023-12-26,East,515.55,2577.75,High
8471,2158,SSD,3.0,2023-08-02,East,481.85,1445.5500000000002,High
8472,2706,Headphones,2.0,2023-10-31,West,260.87,521.74,High
8473,4793,Phone,5.0,2023-07-19,West,1659.13,8295.650000000001,High
8474,2771,SSD,3.0,2023-08-26,South,562.07,1686.21,High
8475,1421,Webcam,4.0,2024-11-01,West,123.17,492.68,High
8476,2444,Webcam,3.0,2025-05-28,East,238.37,715.11,High
8477,2209,Laptop,1.0,2023-09-08,East,3066.53,3066.53,High
8478,3411,Phone,5.0,2024-04-20,East,1951.73,9758.65,High
8479,4678,Monitor,3.0,2024-05-12,West,1451.1,4353.299999999999,High
8480,3425,Keyboard,3.0,2025-09-04,West,190.01,570.03,High
8481,4594,Phone,2.0,2025-09-23,North,1275.35,2550.7,High
8482,1579,Laptop,4.0,2024-12-01,South,2478.65,9914.6,High
8483,1890,Monitor,4.0,2025-02-22,West,1676.51,6706.04,High
8484,1721,Headphones,2.0,2024-03-04,South,595.87,1191.74,High
8485,4267,Monitor,2.0,2024-06-22,North,753.64,1507.28,High
8486,1880,Mouse,1.0,2025-06-19,North,42.88,42.88,Low
8487,2121,SSD,5.0,2025-08-25,East,485.58,2427.9,High
8488,3652,Phone,4.0,2023-07-29,East,1384.55,5538.2,High
8489,3007,Laptop,2.0,2024-05-05,North,2639.01,5278.02,High
8490,3069,Phone,2.0,2024-04-15,East,1692.71,3385.42,High
8491,2473,Headphones,5.0,2024-07-21,West,437.61,2188.05,High
8492,4243,Webcam,2.0,2024-10-25,North,148.75,297.5,High
8493,1382,Headphones,1.0,2024-07-03,North,597.25,597.25,High
8494,3181,Laptop,5.0,2023-07-17,West,2984.67,14923.35,High
8495,2449,Mouse,1.0,2024-06-04,West,83.54,83.54,Low
8496,4096,Keyboard,3.0,2024-11-18,North,155.75,467.25,High
8497,3550,SSD,4.0,2024-04-11,East,485.26,1941.04,High
8500,2590,Monitor,1.0,2025-10-11,West,678.12,678.12,High
8501,2786,Headphones,4.0,2023-08-30,South,228.07,912.28,High
8502,1143,Phone,4.0,2023-11-12,East,943.28,3773.12,High
8503,2886,Webcam,2.0,2024-10-28,South,281.71,563.42,High
8504,4981,Phone,4.0,2025-01-02,West,2059.18,8236.72,High
8505,2702,Mouse,2.0,2023-05-15,North,102.98,205.96,High
8506,2435,Keyboard,3.0,2024-08-01,South,288.2,864.5999999999999,High
8507,1223,SSD,2.0,2025-12-28,South,477.39,954.78,High
8508,1219,Phone,1.0,2024-03-14,North,1445.42,1445.42,High
8509,1178,SSD,4.0,2023-03-18,West,196.0,784.0,High
8510,2654,Monitor,4.0,2024-02-04,North,1240.56,4962.24,High
8511,1432,SSD,4.0,2024-01-09,East,376.73,1506.92,High
8512,1264,Webcam,2.0,2025-11-01,West,256.19,512.38,High
8513,1953,SSD,5.0,2025-01-27,East,457.1,2285.5,High
8514,1428,Phone,2.0,2025-01-18,South,1249.45,2498.9,High
8515,4733,Webcam,1.0,2025-02-02,East,80.8,80.8,Low
8516,3463,SSD,2.0,2024-02-21,South,515.78,1031.56,High
8517,4524,Keyboard,4.0,2023-07-26,North,255.88,1023.52,High
8518,3774,Monitor,3.0,2023-12-07,South,1867.43,5602.29,High
8519,3244,SSD,1.0,2024-12-21,East,586.07,586.07,High
8520,2577,Webcam,3.0,2023-11-07,East,130.93,392.79,High
8521,4124,Phone,1.0,2024-09-16,East,1401.58,1401.58,High
8522,1479,Monitor,1.0,2023-03-24,North,1777.04,1777.04,High
8523,4514,Headphones,4.0,2025-10-23,East,567.0,2268.0,High
8524,2353,Headphones,2.0,2025-05-22,South,107.26,214.52,High
8525,4322,Mouse,4.0,2023-08-24,North,95.88,383.52,High
8526,4878,Headphones,4.0,2024-01-24,West,156.69,626.76,High
8527,1889,Phone,4.0,2024-01-28,South,2140.38,8561.52,High
8528,4854,Keyboard,3.0,2025-01-16,South,236.78,710.34,High
8529,1924,Monitor,1.0,2023-01-30,West,1631.45,1631.45,High
8530,3170,Webcam,5.0,2025-09-08,North,204.88,1024.4,High
8531,2902,Laptop,2.0,2024-08-27,East,3218.74,6437.48,High
8532,2410,Headphones,4.0,2023-10-10,East,230.93,923.72,High
8533,2362,Headphones,1.0,2023-08-26,North,280.45,280.45,High
8534,1777,Laptop,2.0,2024-12-31,West,4949.24,9898.48,High
8535,3395,Webcam,5.0,2023-01-31,East,94.9,474.5,High
8536,1028,Webcam,5.0,2025-09-04,South,183.68,918.4000000000001,High
8537,4022,Laptop,4.0,2025-07-03,North,4369.77,17479.08,High
8538,1034,Webcam,5.0,2023-07-26,West,202.35,1011.75,High
8539,4589,Phone,5.0,2025-06-21,East,2414.97,12074.849999999999,High
8540,2419,Webcam,2.0,2024-08-05,East,186.29,372.58,High
8541,3670,Monitor,2.0,2024-04-04,West,1774.64,3549.28,High
8542,4365,Webcam,4.0,2023-05-16,South,340.83,1363.32,High
8543,1588,SSD,1.0,2025-09-04,East,154.14,154.14,High
8544,4420,SSD,4.0,2023-10-11,West,331.35,1325.4,High
8545,4218,Headphones,3.0,2025-04-29,South,240.32,720.96,High
8546,4138,Keyboard,5.0,2023-12-17,East,169.9,849.5,High
8547,1903,Phone,1.0,2023-01-17,North,1586.71,1586.71,High
8548,3567,Phone,2.0,2024-02-18,East,2339.4,4678.8,High
8549,3169,Webcam,3.0,2023-01-06,East,138.75,416.25,High
8550,1339,Keyboard,3.0,2025-02-18,North,95.55,286.65,High
8551,1174,Keyboard,5.0,2023-03-28,North,77.02,385.09999999999997,High
8552,2923,Mouse,2.0,2023-07-08,South,155.57,311.14,High
8553,2714,Keyboard,1.0,2024-02-24,East,279.47,279.47,High
8554,1596,Webcam,2.0,2025-12-26,East,197.92,395.84,High
8555,1450,Webcam,5.0,2023-09-05,West,99.78,498.9,High
8556,1556,Laptop,3.0,2025-05-09,South,2468.06,7404.18,High
8557,2159,Headphones,5.0,2023-07-26,West,151.19,755.95,High
8558,4926,SSD,4.0,2024-02-28,North,416.55,1666.2,High
8559,4087,Mouse,3.0,2024-07-02,South,77.99,233.96999999999997,High
8560,2356,Webcam,5.0,2024-05-01,North,367.18,1835.9,High
8561,4266,Laptop,1.0,2023-05-13,West,2486.85,2486.85,High
8562,4567,Mouse,1.0,2023-04-25,South,188.13,188.13,High
8563,3056,Headphones,1.0,2024-01-12,South,266.37,266.37,High
8564,4899,Mouse,4.0,2025-09-03,South,177.44,709.76,High
8565,3381,Laptop,2.0,2023-07-30,East,4846.99,9693.98,High
8566,4404,Monitor,1.0,2023-05-12,West,1979.55,1979.55,High
8567,2016,SSD,4.0,2023-06-03,East,511.62,2046.48,High
8568,3374,Webcam,1.0,2025-07-08,South,112.54,112.54,High
8569,3062,SSD,4.0,2025-08-09,West,174.92,699.68,High
8570,1838,Headphones,1.0,2025-03-16,West,469.86,469.86,High
8571,2637,Phone,2.0,2023-05-27,North,2324.97,4649.94,High
8572,1225,Headphones,5.0,2024-12-15,East,183.03,915.15,High
8573,4496,Headphones,1.0,2023-08-19,South,570.53,570.53,High
8574,2813,Headphones,5.0,2024-03-26,East,405.11,2025.5500000000002,High
8575,4479,Monitor,1.0,2025-06-25,East,686.01,686.01,High
8576,3160,Webcam,2.0,2025-12-08,South,133.45,266.9,High
8577,3020,Laptop,5.0,2023-04-17,West,2197.87,10989.349999999999,High
8578,2451,Webcam,4.0,2023-04-03,South,125.83,503.32,High
8579,3048,Phone,1.0,2025-04-08,East,2044.61,2044.61,High
8580,3313,Laptop,1.0,2023-05-20,West,2656.3,2656.3,High
8581,2514,Mouse,4.0,2023-01-11,North,125.48,501.92,High
8582,2231,Mouse,2.0,2024-03-23,South,152.58,305.16,High
8583,2645,Mouse,3.0,2025-07-15,North,182.2,546.5999999999999,High
8584,2735,Laptop,1.0,2024-01-30,East,3769.78,3769.78,High
8585,3999,Keyboard,4.0,2024-01-13,West,192.43,769.72,High
8586,4440,Monitor,3.0,2023-12-27,North,1869.23,5607.6900000000005,High
8587,1305,Keyboard,1.0,2024-11-13,North,123.73,123.73,High
8588,3059,Webcam,5.0,2025-10-13,South,145.18,725.9000000000001,High
8589,4416,Mouse,4.0,2024-10-03,East,178.38,713.52,High
8590,4536,Monitor,5.0,2024-07-26,East,611.78,3058.8999999999996,High
8591,2723,Laptop,2.0,2025-09-23,South,2569.05,5138.1,High
8592,2689,Mouse,3.0,2025-07-11,South,99.91,299.73,High
8593,2517,Laptop,4.0,2024-01-31,South,3083.75,12335.0,High
8594,2391,Monitor,1.0,2023-07-05,North,1559.14,1559.14,High
8595,4917,Laptop,1.0,2024-01-06,North,2275.42,2275.42,High
8596,3984,Laptop,3.0,2024-08-30,North,3431.47,10294.41,High
8597,1419,Phone,5.0,2023-10-09,East,2174.54,10872.7,High
8598,3936,Webcam,5.0,2025-11-22,North,298.67,1493.3500000000001,High
8599,4862,Keyboard,4.0,2023-03-23,South,207.91,831.64,High
8600,3218,SSD,4.0,2023-05-28,East,257.71,1030.84,High
8601,1133,Keyboard,5.0,2025-08-22,West,148.41,742.05,High
8602,3030,Keyboard,4.0,2025-09-18,East,95.18,380.72,High
8603,4012,Headphones,5.0,2025-08-05,North,354.46,1772.3,High
8604,2450,Phone,3.0,2024-05-09,West,1793.09,5379.2699999999995,High
8605,4096,SSD,4.0,2024-12-23,North,434.03,1736.12,High
8606,2553,Mouse,5.0,2024-12-03,South,178.91,894.55,High
8607,4261,Mouse,4.0,2025-10-27,West,40.51,162.04,High
8608,2164,Mouse,1.0,2025-04-05,East,96.01,96.01,Low
8609,4626,Keyboard,1.0,2024-03-09,East,197.74,197.74,High
8610,2869,Webcam,2.0,2025-11-23,South,262.44,524.88,High
8611,2819,Keyboard,5.0,2024-07-16,North,55.43,277.15,High
8612,3705,SSD,2.0,2023-05-18,South,235.19,470.38,High
8613,4386,Webcam,5.0,2024-01-02,South,350.64,1753.1999999999998,High
8614,4515,Phone,4.0,2023-04-16,North,1676.17,6704.68,High
8616,2464,SSD,1.0,2025-11-21,South,555.08,555.08,High
8617,4163,Laptop,4.0,2024-09-27,East,2224.86,8899.44,High
8618,3226,Keyboard,1.0,2025-09-13,West,280.58,280.58,High
8619,2079,Mouse,4.0,2025-08-15,East,34.72,138.88,High
8620,2178,Laptop,5.0,2025-05-04,East,3688.01,18440.050000000003,High
8621,2695,Keyboard,5.0,2023-03-19,South,188.77,943.85,High
8622,1110,Monitor,1.0,2023-07-28,North,1458.6,1458.6,High
8623,3184,Headphones,3.0,2023-01-08,North,114.81,344.43,High
8624,3279,Keyboard,5.0,2025-01-06,South,182.63,913.15,High
8625,4039,Monitor,3.0,2023-08-15,East,670.42,2011.2599999999998,High
8626,1467,SSD,4.0,2023-06-24,West,220.19,880.76,High
8627,3779,Phone,3.0,2023-03-22,West,1166.1,3498.2999999999997,High
8628,3528,Monitor,1.0,2025-12-16,North,1419.77,1419.77,High
8629,4139,Phone,2.0,2023-08-26,West,1463.15,2926.3,High
8630,1813,Keyboard,2.0,2025-11-15,South,71.33,142.66,High
8631,2272,Phone,1.0,2023-07-06,North,1291.32,1291.32,High
8632,1993,Monitor,2.0,2024-09-21,South,614.93,1229.86,High
8633,3031,Webcam,1.0,2025-10-10,East,292.52,292.52,High
8634,1322,Headphones,5.0,2025-03-25,East,378.73,1893.65,High
8635,3969,Laptop,3.0,2024-09-05,South,3223.06,9669.18,High
8636,1903,Laptop,2.0,2025-06-10,North,4783.03,9566.06,High
8637,2541,Headphones,5.0,2023-06-27,North,359.36,1796.8000000000002,High
8638,2999,Mouse,2.0,2025-09-11,North,180.88,361.76,High
8639,2815,Laptop,4.0,2023-10-07,West,3737.26,14949.04,High
8640,4503,SSD,1.0,2025-03-08,West,319.56,319.56,High
8641,4558,Keyboard,1.0,2025-12-13,West,184.75,184.75,High
8643,3476,Keyboard,4.0,2024-06-27,North,218.69,874.76,High
8644,4340,Monitor,3.0,2024-06-03,West,1973.2,5919.6,High
8645,4780,SSD,4.0,2024-05-13,West,261.35,1045.4,High
8646,4608,Monitor,4.0,2025-08-03,North,984.8,3939.2,High
8647,1147,Mouse,3.0,2024-12-27,East,99.04,297.12,High
8648,2141,Mouse,3.0,2025-12-05,North,112.19,336.57,High
8649,1849,SSD,4.0,2025-11-24,West,473.6,1894.4,High
8651,3897,Mouse,2.0,2025-08-04,West,81.42,162.84,High
8652,2089,Mouse,4.0,2023-05-16,North,121.57,486.28,High
8653,3038,Phone,2.0,2024-06-29,East,1802.28,3604.56,High
8655,4441,Mouse,3.0,2024-07-08,South,104.03,312.09000000000003,High
8656,1174,SSD,2.0,2025-06-12,South,470.16,940.32,High
8657,2854,Webcam,3.0,2025-08-03,East,145.43,436.29,High
8658,1587,Mouse,1.0,2024-06-08,North,78.06,78.06,Low
8659,1494,Monitor,3.0,2023-06-23,East,1166.73,3500.19,High
8660,4020,Keyboard,4.0,2024-09-28,North,223.88,895.52,High
8661,2137,Webcam,5.0,2023-07-26,North,106.35,531.75,High
8662,4182,Monitor,2.0,2025-08-06,East,673.51,1347.02,High
8664,4510,SSD,3.0,2025-11-29,West,267.43,802.29,High
8665,4786,Phone,3.0,2025-11-12,East,2437.93,7313.789999999999,High
8666,2170,Phone,5.0,2023-10-17,East,2434.39,12171.949999999999,High
8667,1034,Keyboard,5.0,2024-07-20,North,221.49,1107.45,High
8668,1998,Mouse,4.0,2025-08-21,North,151.87,607.48,High
8669,2332,Monitor,1.0,2025-04-17,West,1476.5,1476.5,High
8670,3585,Laptop,4.0,2024-02-15,North,2531.99,10127.96,High
8671,3797,Monitor,2.0,2025-05-31,West,1250.68,2501.36,High
8672,2037,SSD,3.0,2025-06-04,North,506.86,1520.58,High
8673,1373,SSD,4.0,2024-02-28,South,498.61,1994.44,High
8674,3604,Mouse,3.0,2023-06-04,East,182.79,548.37,High
8675,2451,Mouse,3.0,2023-05-31,West,183.14,549.42,High
8676,2751,SSD,4.0,2023-07-31,North,267.67,1070.68,High
8677,3280,Headphones,4.0,2025-05-30,North,460.86,1843.44,High
8678,1704,SSD,5.0,2025-01-24,East,443.1,2215.5,High
8679,1562,Monitor,1.0,2024-06-24,North,1828.75,1828.75,High
8680,3986,Keyboard,5.0,2024-12-01,North,95.87,479.35,High
8681,3934,Monitor,1.0,2023-06-21,North,1609.69,1609.69,High
8682,3773,Phone,4.0,2024-01-06,East,1519.66,6078.64,High
8683,4734,Laptop,1.0,2025-07-01,East,3183.46,3183.46,High
8684,4511,Webcam,2.0,2025-03-12,West,91.45,182.9,High
8685,4573,Keyboard,5.0,2023-09-13,North,290.37,1451.85,High
8686,4346,Headphones,5.0,2025-09-16,North,437.88,2189.4,High
8687,2873,Laptop,5.0,2024-11-06,South,3772.11,18860.55,High
8688,3123,Laptop,3.0,2025-05-13,North,2753.5,8260.5,High
8689,1438,Webcam,3.0,2024-02-20,South,290.7,872.0999999999999,High
8691,2883,Phone,4.0,2025-07-06,North,1077.59,4310.36,High
8692,2979,Phone,3.0,2025-08-19,East,2472.47,7417.41,High
8693,1698,Keyboard,5.0,2025-04-03,West,156.86,784.3000000000001,High
8694,2312,Monitor,3.0,2023-09-06,West,1967.34,5902.0199999999995,High
8695,3962,Laptop,1.0,2025-01-14,South,3901.6,3901.6,High
8697,3938,Monitor,3.0,2024-07-26,South,1061.67,3185.01,High
8699,3300,Monitor,3.0,2025-09-27,West,1002.17,3006.5099999999998,High
8700,4197,Laptop,2.0,2025-01-30,West,3939.61,7879.22,High
8701,2200,Laptop,3.0,2023-10-20,East,2049.82,6149.460000000001,High
8702,4108,Mouse,5.0,2024-02-14,North,194.5,972.5,High
8703,3457,Headphones,3.0,2023-07-17,West,484.26,1452.78,High
8704,2634,Keyboard,4.0,2023-03-21,West,285.25,1141.0,High
8705,2633,Monitor,1.0,2023-05-17,West,1576.31,1576.31,High
8706,1126,Keyboard,2.0,2023-08-01,South,170.26,340.52,High
8707,2506,Keyboard,5.0,2024-09-10,South,97.43,487.15000000000003,High
8708,2191,Keyboard,4.0,2025-08-17,North,179.08,716.32,High
8709,3639,Webcam,2.0,2023-06-15,West,307.74,615.48,High
8710,1293,SSD,3.0,2024-03-05,West,534.38,1603.1399999999999,High
8711,4916,Mouse,2.0,2023-05-01,North,85.1,170.2,High
8712,4709,Keyboard,1.0,2023-11-27,East,177.62,177.62,High
8713,2366,SSD,2.0,2025-12-27,North,428.99,857.98,High
8714,2019,SSD,2.0,2024-09-11,South,414.87,829.74,High
8715,3357,Mouse,3.0,2023-02-06,South,38.9,116.69999999999999,High
8716,3709,Laptop,3.0,2025-08-21,South,3450.18,10350.539999999999,High
8718,3587,Monitor,3.0,2025-03-07,South,1703.46,5110.38,High
8719,1418,Mouse,2.0,2023-10-13,East,116.21,232.42,High
8720,1443,Headphones,1.0,2025-06-05,South,576.18,576.18,High
8721,1684,SSD,3.0,2023-08-08,West,521.8,1565.3999999999999,High
8722,4629,Keyboard,5.0,2025-10-27,East,234.33,1171.65,High
8723,3887,SSD,5.0,2023-08-04,East,382.02,1910.1,High
8724,3283,Webcam,2.0,2024-11-11,West,269.02,538.04,High
8725,2462,Headphones,3.0,2023-10-20,North,211.62,634.86,High
8726,3261,Laptop,3.0,2023-02-12,South,3597.22,10791.66,High
8727,1084,Laptop,5.0,2024-11-23,North,3578.07,17890.350000000002,High
8728,3841,Phone,3.0,2025-08-16,South,1144.7,3434.1000000000004,High
8730,1084,Phone,1.0,2025-07-09,East,1216.08,1216.08,High
8731,2944,Webcam,2.0,2023-08-25,East,113.35,226.7,High
8732,4560,Headphones,3.0,2024-10-14,South,333.5,1000.5,High
8733,3112,SSD,2.0,2023-06-07,South,458.73,917.46,High
8734,2669,Monitor,4.0,2025-06-26,North,792.73,3170.92,High
8735,1662,Phone,4.0,2025-08-18,North,1110.92,4443.68,High
8736,1626,Laptop,3.0,2025-05-02,East,2784.41,8353.23,High
8737,1063,Keyboard,3.0,2025-06-04,North,125.68,377.04,High
8738,4414,SSD,1.0,2023-03-01,West,260.79,260.79,High
8739,3986,Headphones,2.0,2024-02-05,East,335.35,670.7,High
8740,4946,Mouse,1.0,2025-04-07,South,33.1,33.1,Low
8741,1918,Webcam,3.0,2024-04-20,North,108.01,324.03000000000003,High
8742,2375,Webcam,3.0,2024-10-16,South,313.4,940.1999999999999,High
8743,2181,Laptop,5.0,2025-04-24,West,3237.02,16185.1,High
8744,2612,Mouse,1.0,2025-07-12,West,91.25,91.25,Low
8745,1490,Webcam,3.0,2024-09-29,North,83.34,250.02,High
8746,4729,Monitor,4.0,2024-10-10,East,947.33,3789.32,High
8747,2878,SSD,5.0,2023-08-01,North,519.53,2597.6499999999996,High
8748,4534,Keyboard,2.0,2025-09-16,South,135.09,270.18,High
8749,4296,SSD,5.0,2025-03-14,East,583.66,2918.2999999999997,High
8751,1312,Webcam,4.0,2025-08-09,North,228.52,914.08,High
8752,3662,Monitor,2.0,2023-08-05,North,1702.86,3405.72,High
8753,1918,SSD,1.0,2024-12-11,East,592.36,592.36,High
8754,2882,Webcam,2.0,2023-01-20,West,198.91,397.82,High
8755,1812,Keyboard,2.0,2025-12-19,East,79.98,159.96,High
8756,3987,Keyboard,5.0,2024-11-05,South,180.76,903.8,High
8757,2489,Mouse,4.0,2024-12-14,West,130.6,522.4,High
8758,4159,Monitor,2.0,2025-01-08,West,1939.18,3878.36,High
8759,4954,Headphones,1.0,2024-07-10,East,306.96,306.96,High
8760,2326,Mouse,5.0,2023-07-16,West,45.44,227.2,High
8761,1679,Keyboard,4.0,2025-07-24,East,212.73,850.92,High
8762,1434,Laptop,4.0,2024-11-08,North,2063.34,8253.36,High
8763,1681,Webcam,3.0,2024-05-18,North,216.13,648.39,High
8764,2158,Mouse,1.0,2025-01-07,East,99.64,99.64,Low
8765,2073,Phone,5.0,2025-03-02,West,1233.19,6165.950000000001,High
8766,2455,Headphones,5.0,2023-07-16,West,582.15,2910.75,High
8767,3387,Webcam,1.0,2025-02-19,North,209.09,209.09,High
8768,3394,Mouse,4.0,2025-01-13,North,182.1,728.4,High
8769,3693,Keyboard,2.0,2024-02-26,West,178.78,357.56,High
8770,2370,SSD,1.0,2024-03-07,East,519.24,519.24,High
8771,1648,Keyboard,5.0,2025-07-14,South,162.85,814.25,High
8772,1244,Headphones,1.0,2023-08-23,East,595.77,595.77,High
8773,3156,Phone,4.0,2023-11-23,North,1888.05,7552.2,High
8774,4896,Mouse,3.0,2025-07-22,West,56.51,169.53,High
8775,4870,SSD,3.0,2024-04-23,West,152.89,458.66999999999996,High
8776,3580,Mouse,2.0,2024-03-03,West,187.91,375.82,High
8778,1295,Laptop,4.0,2025-05-07,West,2318.87,9275.48,High
8780,4884,Mouse,3.0,2025-03-21,South,68.62,205.86,High
8781,2612,Mouse,4.0,2025-12-02,South,167.57,670.28,High
8782,4248,Webcam,4.0,2024-07-28,West,275.18,1100.72,High
8783,3390,Webcam,4.0,2025-10-15,East,119.57,478.28,High
8784,4731,Mouse,1.0,2025-10-25,South,42.06,42.06,Low
8785,3148,Phone,2.0,2025-03-13,West,1592.4,3184.8,High
8786,4829,Laptop,5.0,2024-02-04,South,4810.68,24053.4,High
8787,3676,Mouse,3.0,2024-08-17,West,125.99,377.96999999999997,High
8788,2627,Headphones,2.0,2023-04-27,East,479.55,959.1,High
8789,4472,Keyboard,3.0,2024-01-18,East,167.37,502.11,High
8790,1027,Monitor,2.0,2025-05-08,East,1076.12,2152.24,High
8791,3984,Webcam,5.0,2023-03-23,North,343.11,1715.5500000000002,High
8792,2985,Headphones,3.0,2025-04-11,West,331.69,995.0699999999999,High
8793,2560,Keyboard,5.0,2025-05-22,North,85.39,426.95,High
8794,1057,SSD,3.0,2024-10-14,East,273.53,820.5899999999999,High
8795,2521,Webcam,1.0,2025-01-03,North,259.64,259.64,High
8796,1296,Phone,1.0,2023-03-11,North,1484.38,1484.38,High
8798,4402,Laptop,3.0,2024-06-07,West,4006.29,12018.869999999999,High
8799,3296,Laptop,5.0,2023-10-24,South,3908.96,19544.8,High
8800,4068,Keyboard,4.0,2024-09-08,North,128.51,514.04,High
8801,3597,Headphones,3.0,2024-12-19,East,279.71,839.1299999999999,High
8802,1901,Monitor,2.0,2025-12-24,East,1628.1,3256.2,High
8803,2964,Phone,2.0,2023-06-27,North,2366.19,4732.38,High
8804,2098,Keyboard,2.0,2025-10-28,East,131.05,262.1,High
8805,2677,SSD,1.0,2023-01-11,North,281.34,281.34,High
8806,3881,Phone,5.0,2025-02-23,South,1250.98,6254.9,High
8807,2191,Laptop,1.0,2024-02-15,South,2424.52,2424.52,High
8808,1770,Mouse,2.0,2025-06-10,East,94.12,188.24,High
8809,2526,Mouse,3.0,2024-08-29,South,117.72,353.15999999999997,High
8810,4956,Monitor,2.0,2023-06-04,South,1306.15,2612.3,High
8811,2378,Phone,3.0,2024-08-21,East,1974.75,5924.25,High
8813,4735,Monitor,4.0,2023-12-16,East,1342.11,5368.44,High
8814,2554,Webcam,3.0,2025-07-31,South,161.6,484.79999999999995,High
8815,1145,Webcam,1.0,2023-01-19,East,156.52,156.52,High
8816,2983,SSD,2.0,2023-11-09,West,505.38,1010.76,High
8817,2264,Headphones,2.0,2025-07-15,North,176.74,353.48,High
8818,2907,Mouse,2.0,2024-06-11,South,85.95,171.9,High
8819,3940,Keyboard,3.0,2024-07-10,East,209.41,628.23,High
8820,3391,Phone,5.0,2024-03-20,East,1892.88,9464.400000000001,High
8821,2772,Monitor,3.0,2023-08-19,East,572.13,1716.3899999999999,High
8822,2058,Keyboard,1.0,2024-09-16,East,68.14,68.14,Low
8824,3048,Monitor,3.0,2025-06-07,East,1929.73,5789.1900000000005,High
8825,3019,Monitor,2.0,2023-12-25,North,1997.75,3995.5,High
8826,1152,Phone,1.0,2023-02-13,North,2478.09,2478.09,High
8827,3476,Keyboard,4.0,2025-05-26,West,137.9,551.6,High
8828,1507,Laptop,4.0,2023-08-11,West,2725.43,10901.72,High
8829,4197,Laptop,4.0,2025-06-20,East,2295.95,9183.8,High
8830,1490,Phone,2.0,2023-09-28,South,1353.91,2707.82,High
8831,4553,Webcam,3.0,2023-07-31,East,168.59,505.77,High
8832,1344,Phone,2.0,2023-09-04,East,1780.55,3561.1,High
8833,2935,Mouse,5.0,2025-08-05,East,92.69,463.45,High
8834,2761,Monitor,3.0,2025-03-31,East,847.29,2541.87,High
8835,1220,Keyboard,1.0,2023-03-13,North,203.14,203.14,High
8836,2938,Keyboard,4.0,2023-10-22,North,130.77,523.08,High
8837,2942,Headphones,3.0,2023-06-20,East,276.82,830.46,High
8838,1722,Headphones,3.0,2023-09-03,West,399.22,1197.66,High
8839,4096,SSD,4.0,2024-09-08,West,203.2,812.8,High
8840,1527,Laptop,1.0,2023-08-28,East,4322.75,4322.75,High
8841,4253,Headphones,2.0,2023-11-07,North,582.72,1165.44,High
8842,2522,Headphones,2.0,2024-02-02,South,345.41,690.82,High
8843,3888,Laptop,3.0,2025-07-11,North,3679.58,11038.74,High
8844,2664,Mouse,4.0,2025-03-02,East,95.39,381.56,High
8845,4113,Webcam,5.0,2023-01-22,South,386.15,1930.75,High
8846,4986,Laptop,1.0,2025-03-23,East,2398.83,2398.83,High
8847,1480,Webcam,2.0,2025-06-22,West,340.33,680.66,High
8848,3977,SSD,1.0,2025-04-11,South,442.69,442.69,High
8849,2871,Headphones,1.0,2025-11-10,South,495.75,495.75,High
8850,4819,Keyboard,1.0,2024-05-21,North,287.61,287.61,High
8851,3919,Headphones,4.0,2023-06-09,North,348.08,1392.32,High
8852,2462,Monitor,4.0,2025-01-13,East,932.5,3730.0,High
8853,2425,SSD,4.0,2025-03-23,East,500.78,2003.12,High
8854,4617,Webcam,3.0,2023-06-29,East,350.26,1050.78,High
8855,1344,Webcam,4.0,2023-08-01,West,299.6,1198.4,High
8856,4964,Monitor,3.0,2024-06-13,South,1773.5,5320.5,High
8857,1044,Monitor,2.0,2023-01-27,East,1595.49,3190.98,High
8858,4717,Mouse,2.0,2025-07-27,East,192.77,385.54,High
8859,3068,Phone,2.0,2025-05-19,North,1770.16,3540.32,High
8860,2657,Monitor,2.0,2024-03-13,South,1070.71,2141.42,High
8861,4141,Webcam,2.0,2023-10-12,East,297.77,595.54,High
8862,2887,Keyboard,4.0,2024-10-22,North,67.28,269.12,High
8863,3920,Webcam,5.0,2024-10-10,West,239.49,1197.45,High
8864,3095,Webcam,4.0,2023-07-08,North,327.49,1309.96,High
8865,2514,Mouse,5.0,2024-04-23,North,58.72,293.6,High
8866,3598,Phone,4.0,2024-08-25,North,1480.69,5922.76,High
8867,3334,Phone,2.0,2025-10-11,East,1395.49,2790.98,High
8868,2001,Monitor,1.0,2024-05-31,South,1002.45,1002.45,High
8869,2033,SSD,5.0,2025-07-04,South,442.78,2213.8999999999996,High
8870,3589,Headphones,1.0,2023-08-18,North,348.75,348.75,High
8871,3040,Webcam,2.0,2025-05-18,North,335.14,670.28,High
8872,3803,Laptop,5.0,2025-01-28,North,2173.55,10867.75,High
8873,1273,Headphones,1.0,2023-02-03,North,326.95,326.95,High
8874,1955,Headphones,4.0,2023-10-23,East,107.0,428.0,High
8875,3647,Phone,2.0,2024-03-28,East,1175.46,2350.92,High
8876,2779,Phone,4.0,2023-05-22,South,2118.14,8472.56,High
8877,1380,Mouse,4.0,2024-10-09,North,48.03,192.12,High
8878,2352,Mouse,2.0,2023-05-08,West,47.95,95.9,Low
8879,1478,Phone,5.0,2025-04-14,East,1482.45,7412.25,High
8880,3062,Keyboard,3.0,2025-07-13,West,244.24,732.72,High
8881,1515,Keyboard,3.0,2024-12-30,North,209.51,628.53,High
8882,1190,Laptop,2.0,2024-04-07,North,4345.27,8690.54,High
8884,4592,Monitor,1.0,2024-05-28,North,1345.59,1345.59,High
8885,3668,Mouse,5.0,2023-01-01,South,107.06,535.3,High
8886,2160,Phone,4.0,2025-12-14,North,2323.24,9292.96,High
8887,3201,Keyboard,4.0,2023-12-04,North,234.33,937.32,High
8888,2411,Phone,2.0,2025-06-26,North,1521.38,3042.76,High
8889,4280,Keyboard,4.0,2025-03-28,East,188.46,753.84,High
8890,1271,Phone,1.0,2025-10-30,East,1522.22,1522.22,High
8891,1142,Webcam,1.0,2023-12-11,North,221.17,221.17,High
8892,4682,Monitor,2.0,2025-09-03,North,1451.12,2902.24,High
8893,2912,SSD,4.0,2025-06-01,East,247.44,989.76,High
8894,4891,Laptop,3.0,2023-07-17,South,2999.55,8998.650000000001,High
8895,2092,Webcam,3.0,2025-11-03,East,169.33,507.99,High
8896,3294,Monitor,5.0,2025-05-21,East,1701.2,8506.0,High
8897,4332,Keyboard,2.0,2024-06-25,North,285.49,570.98,High
8898,1787,Mouse,5.0,2024-04-01,South,100.43,502.15000000000003,High
8899,3126,Mouse,3.0,2025-01-19,East,43.11,129.32999999999998,High
8900,2681,Headphones,3.0,2024-01-01,South,146.78,440.34000000000003,High
8901,1622,Monitor,3.0,2024-02-05,North,1099.38,3298.1400000000003,High
8902,4841,Phone,5.0,2024-07-27,South,1471.47,7357.35,High
8903,4676,Laptop,2.0,2024-04-26,West,2438.47,4876.94,High
8904,3572,Phone,1.0,2023-04-20,West,2172.11,2172.11,High
8905,3819,Phone,1.0,2025-10-15,East,1650.23,1650.23,High
8906,1937,Monitor,3.0,2024-02-10,South,663.59,1990.77,High
8907,4692,SSD,2.0,2023-11-05,South,194.42,388.84,High
8908,4401,Laptop,2.0,2023-06-09,North,3337.89,6675.78,High
8909,4260,Headphones,4.0,2025-04-23,North,158.42,633.68,High
8910,2118,Webcam,4.0,2023-02-24,South,259.58,1038.32,High
8911,1616,Phone,5.0,2025-01-30,East,1454.53,7272.65,High
8912,2031,Laptop,4.0,2023-09-13,North,4759.02,19036.08,High
8913,1066,Headphones,5.0,2024-06-17,West,309.46,1547.3,High
8914,4567,Webcam,1.0,2024-02-26,North,276.62,276.62,High
8915,1190,Phone,3.0,2025-08-03,East,2179.3,6537.900000000001,High
8916,4437,Laptop,2.0,2025-08-19,East,2908.63,5817.26,High
8917,3815,Webcam,1.0,2025-03-23,North,243.8,243.8,High
8918,1520,Monitor,1.0,2025-06-05,North,681.41,681.41,High
8919,1989,SSD,5.0,2023-09-21,North,344.75,1723.75,High
8920,2140,Mouse,3.0,2025-01-17,West,93.89,281.67,High
8921,3314,Mouse,5.0,2025-04-12,South,102.79,513.95,High
8922,2634,Phone,1.0,2023-08-21,North,982.6,982.6,High
8923,3532,Phone,2.0,2024-11-10,West,1477.28,2954.56,High
8924,4580,Webcam,4.0,2023-08-21,East,358.49,1433.96,High
8925,4369,Laptop,5.0,2025-12-04,North,4811.17,24055.85,High
8926,4980,Mouse,1.0,2024-07-11,South,71.09,71.09,Low
8927,2187,Phone,4.0,2025-07-01,South,1310.85,5243.4,High
8928,1375,Headphones,4.0,2024-11-11,North,104.78,419.12,High
8929,1652,Phone,1.0,2023-12-01,South,996.49,996.49,High
8930,4339,Mouse,3.0,2024-02-08,North,88.67,266.01,High
8931,1548,Keyboard,1.0,2023-09-13,East,221.28,221.28,High
8932,2097,SSD,2.0,2025-12-25,North,281.49,562.98,High
8933,4579,Mouse,4.0,2025-10-16,North,42.82,171.28,High
8934,1072,Headphones,2.0,2025-07-29,West,465.43,930.86,High
8935,3355,Laptop,5.0,2025-02-10,South,3400.3,17001.5,High
8936,1198,Headphones,4.0,2025-08-03,North,359.6,1438.4,High
8937,4201,Keyboard,3.0,2023-11-07,East,131.51,394.53,High
8938,2781,Keyboard,1.0,2024-11-12,West,203.26,203.26,High
8939,4895,Phone,5.0,2023-05-09,North,2314.32,11571.6,High
8940,1571,Phone,2.0,2025-02-19,East,1741.39,3482.78,High
8941,1790,Mouse,5.0,2023-11-22,East,129.88,649.4,High
8942,2638,Monitor,3.0,2025-02-28,East,1060.34,3181.0199999999995,High
8943,2831,SSD,1.0,2023-01-17,East,187.18,187.18,High
8944,2855,Headphones,5.0,2024-11-29,East,314.27,1571.35,High
8945,2510,Mouse,2.0,2025-10-05,West,187.19,374.38,High
8946,4924,Monitor,5.0,2023-12-08,West,1520.32,7601.599999999999,High
8947,2174,Mouse,1.0,2025-09-29,North,113.34,113.34,High
8948,4740,SSD,5.0,2025-04-17,West,429.4,2147.0,High
8949,4277,SSD,2.0,2024-09-19,South,401.34,802.68,High
8950,1178,Keyboard,1.0,2025-02-09,East,278.1,278.1,High
8951,3244,Phone,3.0,2025-05-27,West,1180.54,3541.62,High
8952,1734,Phone,3.0,2024-12-10,South,2310.77,6932.3099999999995,High
8953,3136,SSD,4.0,2025-04-28,North,459.81,1839.24,High
8954,1798,Mouse,5.0,2025-01-08,West,51.72,258.6,High
8955,4505,SSD,2.0,2023-06-26,North,317.36,634.72,High
8956,1787,Phone,5.0,2025-08-03,South,1541.71,7708.55,High
8957,3795,Laptop,1.0,2023-12-23,East,2248.8,2248.8,High
8958,4254,Mouse,4.0,2024-05-09,North,124.21,496.84,High
8959,1208,Keyboard,2.0,2023-02-04,West,114.84,229.68,High
8960,1492,Webcam,5.0,2025-03-28,North,226.6,1133.0,High
8961,4201,Mouse,2.0,2023-01-10,West,104.59,209.18,High
8962,3712,Mouse,1.0,2025-09-12,West,118.68,118.68,High
8963,4084,Phone,4.0,2024-06-14,East,2238.55,8954.2,High
8964,2657,Keyboard,2.0,2023-04-05,East,245.19,490.38,High
8965,3918,Mouse,1.0,2024-07-29,East,178.41,178.41,High
8966,1731,Phone,3.0,2024-03-25,South,1772.99,5318.97,High
8967,2129,SSD,2.0,2025-10-14,South,427.11,854.22,High
8968,4446,Headphones,4.0,2023-04-06,West,315.24,1260.96,High
8969,2605,Keyboard,2.0,2025-05-14,East,229.3,458.6,High
8970,4778,Monitor,2.0,2024-10-30,West,807.34,1614.68,High
8971,3745,Laptop,1.0,2023-07-26,East,3425.55,3425.55,High
8972,4170,Monitor,5.0,2025-04-29,South,1571.26,7856.3,High
8973,1593,Webcam,5.0,2023-09-03,North,328.92,1644.6000000000001,High
8974,4658,SSD,2.0,2025-06-02,South,261.58,523.16,High
8975,3933,Keyboard,4.0,2023-03-24,West,95.39,381.56,High
8976,3899,Mouse,4.0,2023-11-13,East,79.05,316.2,High
8977,2215,Phone,1.0,2024-10-06,East,2364.26,2364.26,High
8978,1324,Webcam,2.0,2024-01-05,East,121.32,242.64,High
8979,1978,Keyboard,2.0,2025-01-18,North,288.27,576.54,High
8980,2749,Laptop,5.0,2024-09-21,North,4984.44,24922.199999999997,High
8981,2850,Keyboard,1.0,2023-06-29,South,245.86,245.86,High
8982,4003,Webcam,3.0,2024-08-24,South,323.34,970.02,High
8983,2490,Phone,4.0,2024-08-22,North,2420.59,9682.36,High
8984,1893,Monitor,4.0,2025-04-20,North,935.8,3743.2,High
8985,2390,Headphones,2.0,2023-12-14,West,164.49,328.98,High
8986,4389,Monitor,1.0,2023-11-27,East,1734.65,1734.65,High
8987,1143,Phone,3.0,2024-09-01,South,1090.58,3271.74,High
8988,1383,Webcam,4.0,2025-01-13,East,94.53,378.12,High
8989,3263,Phone,1.0,2024-07-22,North,1133.98,1133.98,High
8990,4432,SSD,3.0,2024-01-24,East,347.06,1041.18,High
8991,3371,Laptop,2.0,2025-08-28,North,3485.31,6970.62,High
8992,4086,Keyboard,5.0,2025-01-16,West,65.63,328.15,High
8993,1216,SSD,4.0,2023-05-17,North,349.53,1398.12,High
8994,2515,Keyboard,4.0,2023-10-09,West,201.08,804.32,High
8995,3998,Monitor,3.0,2025-10-15,East,1897.71,5693.13,High
8996,4618,Webcam,5.0,2025-01-13,East,152.74,763.7,High
8997,3230,Headphones,1.0,2024-06-14,West,205.49,205.49,High
8998,3317,Headphones,2.0,2023-01-16,North,294.71,589.42,High
8999,3992,Laptop,1.0,2025-10-01,North,4950.96,4950.96,High
9000,2490,Phone,3.0,2024-07-21,South,1371.58,4114.74,High
9001,3917,Laptop,4.0,2025-12-27,West,2131.6,8526.4,High
9002,2635,Keyboard,4.0,2023-01-30,North,116.4,465.6,High
9003,4590,Mouse,1.0,2024-10-25,North,124.91,124.91,High
9004,4613,Mouse,2.0,2025-09-25,South,100.13,200.26,High
9005,3514,Mouse,3.0,2025-05-24,East,161.62,484.86,High
9006,3352,Phone,2.0,2023-01-22,North,1832.36,3664.72,High
9007,2167,Laptop,3.0,2025-11-19,South,3678.37,11035.11,High
9008,1110,SSD,2.0,2025-08-13,South,295.35,590.7,High
9009,2013,Webcam,1.0,2024-10-21,North,256.59,256.59,High
9010,1231,Monitor,5.0,2025-12-08,East,1423.39,7116.950000000001,High
9011,2714,Keyboard,3.0,2023-11-21,South,94.8,284.4,High
9012,4655,Mouse,1.0,2023-06-30,West,155.1,155.1,High
9013,4793,Webcam,4.0,2023-05-02,East,205.74,822.96,High
9014,2755,Headphones,4.0,2023-05-04,North,471.14,1884.56,High
9015,4663,SSD,2.0,2023-09-23,East,229.97,459.94,High
9016,4571,Laptop,4.0,2023-01-28,West,3969.56,15878.24,High
9017,3642,Keyboard,5.0,2023-03-18,South,56.72,283.6,High
9018,2577,Keyboard,3.0,2024-03-07,South,89.74,269.21999999999997,High
9019,2296,Headphones,2.0,2025-05-28,East,545.56,1091.12,High
9020,4774,SSD,3.0,2025-06-12,North,357.66,1072.98,High
9021,3220,Headphones,3.0,2025-11-24,East,353.93,1061.79,High
9022,1972,Headphones,1.0,2024-03-11,East,553.79,553.79,High
9023,2030,Mouse,4.0,2025-12-21,South,112.44,449.76,High
9024,4226,SSD,3.0,2023-02-21,North,444.56,1333.68,High
9025,4593,Mouse,5.0,2023-04-26,West,67.73,338.65000000000003,High
9026,3593,Laptop,5.0,2023-02-16,North,2244.72,11223.599999999999,High
9027,3595,Headphones,4.0,2024-03-13,South,276.68,1106.72,High
9028,4992,Monitor,4.0,2023-04-11,East,1698.02,6792.08,High
9029,1517,Keyboard,2.0,2023-04-17,North,161.71,323.42,High
9030,4991,SSD,2.0,2025-09-09,West,225.67,451.34,High
9031,1913,Headphones,2.0,2025-11-24,East,372.55,745.1,High
9032,3262,SSD,4.0,2025-09-27,East,268.73,1074.92,High
9033,3181,Keyboard,3.0,2023-12-25,South,286.67,860.01,High
9034,3332,Phone,1.0,2025-06-05,West,1781.6,1781.6,High
9035,4197,Webcam,2.0,2025-03-10,West,394.55,789.1,High
9036,2944,Phone,1.0,2025-10-22,South,873.22,873.22,High
9037,2462,Headphones,5.0,2024-03-10,East,105.78,528.9,High
9038,2872,Keyboard,4.0,2024-08-26,South,169.27,677.08,High
9039,3733,Webcam,5.0,2024-07-19,South,355.84,1779.1999999999998,High
9040,4223,Phone,2.0,2025-07-04,North,1691.49,3382.98,High
9041,3378,Headphones,3.0,2023-08-16,East,538.09,1614.27,High
9042,4609,Keyboard,2.0,2024-06-28,West,82.64,165.28,High
9043,4454,Headphones,1.0,2024-10-09,East,449.66,449.66,High
9044,4186,Mouse,2.0,2023-09-05,East,142.18,284.36,High
9045,3941,Keyboard,3.0,2025-12-12,West,186.24,558.72,High
9046,4553,Phone,3.0,2023-11-10,West,1488.68,4466.04,High
9047,2307,Headphones,4.0,2023-02-06,East,423.53,1694.12,High
9048,1898,SSD,4.0,2024-12-24,West,397.54,1590.16,High
9049,2098,Phone,3.0,2025-09-06,North,1263.46,3790.38,High
9050,2189,Headphones,3.0,2023-03-25,North,152.31,456.93,High
9051,2212,SSD,1.0,2025-06-18,North,323.99,323.99,High
9052,3125,SSD,2.0,2024-12-19,North,380.6,761.2,High
9053,3994,Laptop,4.0,2024-07-03,South,3525.55,14102.2,High
9054,4673,SSD,1.0,2024-12-15,West,341.51,341.51,High
9056,3068,Phone,4.0,2023-06-01,East,1395.84,5583.36,High
9057,1565,Monitor,1.0,2025-11-27,South,898.77,898.77,High
9058,2207,Webcam,5.0,2023-06-14,East,265.57,1327.85,High
9059,2894,Mouse,5.0,2025-07-26,South,174.48,872.4,High
9060,4293,Phone,4.0,2023-07-31,East,2295.47,9181.88,High
9061,1826,Keyboard,1.0,2024-06-09,East,298.43,298.43,High
9062,2351,Webcam,2.0,2025-01-11,East,108.42,216.84,High
9063,3226,SSD,2.0,2023-05-12,South,246.42,492.84,High
9064,2811,Headphones,1.0,2023-04-06,West,465.1,465.1,High
9065,4183,Laptop,5.0,2025-10-09,North,3935.72,19678.6,High
9066,4807,Keyboard,1.0,2024-06-05,South,83.47,83.47,Low
9067,4797,Webcam,5.0,2024-01-09,West,281.93,1409.65,High
9068,2082,Keyboard,5.0,2025-11-05,West,151.62,758.1,High
9069,2350,Keyboard,2.0,2024-08-30,North,289.21,578.42,High
9070,3952,Keyboard,4.0,2023-01-18,East,263.81,1055.24,High
9071,2644,Webcam,3.0,2025-10-27,South,103.44,310.32,High
9073,3716,SSD,5.0,2025-05-28,East,337.68,1688.4,High
9074,1190,Monitor,1.0,2024-08-16,South,512.56,512.56,High
9075,2223,Mouse,4.0,2024-10-04,East,46.05,184.2,High
9076,2335,SSD,4.0,2023-05-09,North,569.67,2278.68,High
9077,1707,Phone,3.0,2025-03-11,West,2147.13,6441.39,High
9079,1378,Keyboard,5.0,2025-05-25,East,257.56,1287.8,High
9080,1386,SSD,3.0,2024-07-24,East,262.52,787.56,High
9081,4829,Phone,5.0,2025-12-31,West,2033.46,10167.3,High
9082,3284,Webcam,2.0,2025-10-10,West,276.98,553.96,High
9083,1615,Phone,5.0,2024-02-05,East,2242.7,11213.5,High
9084,2542,Keyboard,3.0,2024-04-06,East,120.67,362.01,High
9086,3048,Webcam,3.0,2025-04-02,South,352.85,1058.5500000000002,High
9087,2754,Phone,4.0,2023-01-06,North,1733.31,6933.24,High
9089,4301,Phone,2.0,2023-03-25,East,2412.71,4825.42,High
9090,1966,Mouse,5.0,2025-12-31,North,58.72,293.6,High
9091,1171,Keyboard,4.0,2024-09-12,East,59.07,236.28,High
9092,4158,Laptop,5.0,2023-06-21,South,2537.42,12687.1,High
9093,4624,Phone,5.0,2024-11-29,East,1961.87,9809.349999999999,High
9094,2146,Monitor,3.0,2023-09-30,West,1683.42,5050.26,High
9095,1842,Headphones,1.0,2024-06-13,North,458.41,458.41,High
9096,2321,Headphones,4.0,2023-11-15,East,309.93,1239.72,High
9097,2908,Laptop,2.0,2024-03-04,East,4902.72,9805.44,High
9098,1689,SSD,2.0,2025-04-26,North,349.94,699.88,High
9099,3622,Mouse,1.0,2023-09-06,East,196.82,196.82,High
9100,2507,Laptop,1.0,2024-01-22,South,4754.35,4754.35,High
9101,3212,Mouse,3.0,2023-12-29,South,99.21,297.63,High
9102,3024,Phone,2.0,2023-03-09,South,1073.71,2147.42,High
9103,2722,Keyboard,4.0,2024-03-13,West,72.46,289.84,High
9104,1382,Monitor,1.0,2025-10-12,West,1297.21,1297.21,High
9105,3256,Headphones,1.0,2023-10-23,West,481.6,481.6,High
9106,4810,Laptop,1.0,2024-10-08,West,2528.14,2528.14,High
9107,4503,Monitor,4.0,2023-02-02,North,977.32,3909.28,High
9108,2412,Mouse,2.0,2023-02-01,South,137.19,274.38,High
9109,2583,Keyboard,4.0,2024-07-08,West,165.22,660.88,High
9110,3271,Headphones,4.0,2023-11-01,East,401.93,1607.72,High
9111,3050,Headphones,3.0,2025-03-03,South,438.18,1314.54,High
9112,1371,Mouse,1.0,2023-04-06,East,94.72,94.72,Low
9113,2710,Keyboard,2.0,2025-12-25,North,246.49,492.98,High
9114,2469,Headphones,3.0,2024-06-04,East,451.43,1354.29,High
9115,1610,Keyboard,3.0,2023-08-18,East,221.89,665.67,High
9116,1115,Headphones,5.0,2025-01-02,East,174.74,873.7,High
9117,4341,Phone,1.0,2023-12-24,East,1606.2,1606.2,High
9118,1446,Mouse,2.0,2024-02-06,West,128.12,256.24,High
9119,2391,Keyboard,2.0,2025-02-28,North,106.6,213.2,High
9120,4324,Monitor,2.0,2023-04-09,East,1637.85,3275.7,High
9121,2340,SSD,1.0,2023-09-28,East,204.49,204.49,High
9122,1414,Phone,2.0,2023-12-28,East,1054.76,2109.52,High
9123,4166,Webcam,4.0,2024-06-11,South,212.26,849.04,High
9124,2808,Monitor,4.0,2025-11-10,West,703.02,2812.08,High
9125,3939,Mouse,1.0,2024-06-23,South,31.98,31.98,Low
9126,2047,Headphones,2.0,2024-08-17,North,305.7,611.4,High
9127,4699,Webcam,5.0,2025-04-12,East,287.54,1437.7,High
9129,2873,Phone,5.0,2025-11-25,South,888.71,4443.55,High
9130,2073,Webcam,4.0,2024-05-09,North,154.39,617.56,High
9131,4573,Webcam,5.0,2023-11-10,East,247.79,1238.95,High
9132,1717,Keyboard,2.0,2024-05-04,South,234.52,469.04,High
9133,4569,Laptop,2.0,2023-08-21,North,4381.75,8763.5,High
9134,2358,Monitor,5.0,2025-10-26,East,1279.05,6395.25,High
9135,4150,Laptop,3.0,2024-10-25,South,3938.38,11815.14,High
9136,2605,Mouse,5.0,2023-09-01,South,183.58,917.9000000000001,High
9137,4098,Monitor,3.0,2023-08-29,West,597.8,1793.3999999999999,High
9138,3318,Monitor,1.0,2024-07-11,East,648.76,648.76,High
9139,1561,Keyboard,1.0,2023-03-16,East,164.47,164.47,High
9140,3851,Headphones,2.0,2023-10-10,South,404.87,809.74,High
9141,3294,Phone,4.0,2023-03-28,East,807.88,3231.52,High
9143,4662,Phone,2.0,2025-07-18,North,1093.69,2187.38,High
9145,1701,Mouse,2.0,2024-03-21,East,75.52,151.04,High
9146,3606,Webcam,4.0,2023-03-23,South,368.62,1474.48,High
9147,1972,Headphones,2.0,2025-10-27,East,131.92,263.84,High
9148,2384,Laptop,1.0,2023-07-01,South,4427.62,4427.62,High
9149,4937,Phone,3.0,2025-05-19,East,1466.96,4400.88,High
9150,1983,SSD,2.0,2025-08-23,East,535.72,1071.44,High
9151,2511,Laptop,3.0,2024-04-22,North,4445.37,13336.11,High
9152,1351,Headphones,5.0,2023-07-02,East,219.65,1098.25,High
9153,2724,Mouse,2.0,2023-06-23,West,38.6,77.2,Low
9154,2951,Headphones,1.0,2023-01-14,South,447.76,447.76,High
9155,2279,Keyboard,4.0,2023-03-14,West,101.1,404.4,High
9156,4293,Webcam,1.0,2024-05-28,South,377.76,377.76,High
9157,2907,Phone,3.0,2024-08-24,West,914.29,2742.87,High
9158,1752,Mouse,4.0,2023-12-09,North,85.08,340.32,High
9159,3828,Keyboard,1.0,2023-11-29,North,53.16,53.16,Low
9160,2024,Phone,1.0,2023-12-21,North,1338.93,1338.93,High
9161,1545,Headphones,1.0,2025-04-26,West,370.63,370.63,High
9162,2469,Headphones,4.0,2023-06-12,East,427.43,1709.72,High
9163,1078,SSD,1.0,2023-04-26,East,476.9,476.9,High
9164,2259,Monitor,1.0,2025-10-28,West,1750.18,1750.18,High
9165,3381,Monitor,3.0,2025-11-12,North,666.18,1998.54,High
9166,1888,Headphones,1.0,2025-03-01,South,480.94,480.94,High
9167,4420,Headphones,1.0,2024-06-26,East,239.18,239.18,High
9168,4169,Laptop,5.0,2024-02-18,South,2414.74,12073.699999999999,High
9169,2105,SSD,4.0,2024-11-12,North,269.54,1078.16,High
9170,3549,Webcam,5.0,2024-10-03,East,354.56,1772.8,High
9171,2990,Laptop,3.0,2024-10-30,South,3882.18,11646.539999999999,High
9172,2500,Webcam,5.0,2023-01-22,North,271.16,1355.8000000000002,High
9173,4998,Keyboard,2.0,2025-08-26,North,196.16,392.32,High
9174,4775,Monitor,4.0,2023-11-26,North,1112.94,4451.76,High
9175,3812,Monitor,1.0,2025-11-11,East,1125.51,1125.51,High
9176,1920,SSD,5.0,2025-06-20,North,216.75,1083.75,High
9177,1549,Headphones,5.0,2024-12-24,South,266.31,1331.55,High
9179,1391,Keyboard,1.0,2023-07-24,West,201.5,201.5,High
9180,4418,Mouse,3.0,2025-04-11,East,42.18,126.53999999999999,High
9181,3357,Mouse,5.0,2025-03-01,East,86.75,433.75,High
9182,3433,SSD,5.0,2025-12-20,East,302.74,1513.7,High
9183,4280,Mouse,2.0,2024-04-09,East,117.56,235.12,High
9184,2380,Monitor,2.0,2024-01-29,West,1565.05,3130.1,High
9185,1973,Laptop,5.0,2025-10-17,West,3905.7,19528.5,High
9186,4672,Mouse,2.0,2024-10-21,East,127.05,254.1,High
9187,4639,Phone,5.0,2025-06-30,South,1295.41,6477.05,High
9188,4165,SSD,4.0,2024-06-13,East,527.58,2110.32,High
9189,4164,Keyboard,3.0,2025-11-24,North,246.32,738.96,High
9190,1339,Mouse,2.0,2023-02-26,West,61.21,122.42,High
9191,3644,Phone,5.0,2024-06-05,East,1913.72,9568.6,High
9192,4516,Mouse,2.0,2023-12-27,East,184.13,368.26,High
9193,1756,Laptop,3.0,2023-08-22,North,3306.8,9920.400000000001,High
9194,2045,Laptop,4.0,2023-08-11,North,4774.31,19097.24,High
9195,3338,Mouse,1.0,2023-11-23,North,33.73,33.73,Low
9196,4556,SSD,1.0,2025-04-15,North,382.31,382.31,High
9197,4855,SSD,2.0,2024-05-03,East,265.32,530.64,High
9198,3353,Phone,5.0,2024-04-22,North,1245.67,6228.35,High
9199,3681,Keyboard,3.0,2025-09-11,West,269.39,808.17,High
9200,4199,Phone,4.0,2025-03-02,South,1329.55,5318.2,High
9201,3672,Keyboard,4.0,2024-05-26,South,55.83,223.32,High
9202,1938,Mouse,4.0,2025-10-09,East,121.75,487.0,High
9203,4344,Keyboard,1.0,2024-01-17,North,292.72,292.72,High
9204,1847,Headphones,3.0,2024-03-27,West,139.55,418.65000000000003,High
9205,1441,Monitor,1.0,2023-08-02,South,929.45,929.45,High
9206,3550,Webcam,2.0,2024-07-18,North,230.24,460.48,High
9207,1129,Monitor,4.0,2025-01-01,North,1745.72,6982.88,High
9208,4203,Laptop,3.0,2024-03-14,South,2806.69,8420.07,High
9209,1596,Headphones,4.0,2025-01-24,East,271.84,1087.36,High
9210,2958,Monitor,1.0,2024-09-20,South,1076.74,1076.74,High
9211,2505,Mouse,1.0,2025-06-21,East,94.54,94.54,Low
9212,1861,Keyboard,1.0,2025-12-01,East,100.09,100.09,High
9213,4461,Keyboard,4.0,2024-01-30,East,278.92,1115.68,High
9214,3640,Phone,3.0,2023-09-04,South,2147.95,6443.849999999999,High
9215,1998,Phone,3.0,2025-06-23,East,2458.59,7375.77,High
9216,3372,SSD,2.0,2023-09-05,North,316.95,633.9,High
9217,4140,Keyboard,4.0,2024-08-21,East,61.32,245.28,High
9218,4731,SSD,2.0,2025-05-14,North,201.98,403.96,High
9219,3495,Mouse,2.0,2023-03-25,North,90.77,181.54,High
9220,2551,Keyboard,2.0,2025-02-11,East,277.77,555.54,High
9221,3866,Phone,2.0,2023-02-20,East,2467.84,4935.68,High
9222,2640,Monitor,1.0,2024-07-03,North,1733.0,1733.0,High
9223,4236,SSD,2.0,2025-02-09,North,257.29,514.58,High
9224,2511,SSD,3.0,2025-09-07,West,446.86,1340.58,High
9225,2736,Laptop,2.0,2024-04-09,South,3789.82,7579.64,High
9226,3756,Phone,1.0,2024-02-23,North,2199.53,2199.53,High
9227,2449,Mouse,5.0,2023-03-28,North,116.66,583.3,High
9228,4768,SSD,5.0,2023-09-16,East,293.16,1465.8000000000002,High
9229,2857,Monitor,5.0,2023-11-07,East,528.92,2644.6,High
9230,1264,Monitor,4.0,2023-06-22,North,1692.54,6770.16,High
9231,4946,Monitor,3.0,2025-07-28,East,1295.37,3886.1099999999997,High
9232,3659,Headphones,1.0,2024-05-19,East,367.09,367.09,High
9233,4413,Headphones,5.0,2023-11-25,East,578.53,2892.6499999999996,High
9235,4797,Monitor,1.0,2023-03-03,North,973.7,973.7,High
9237,3721,Mouse,5.0,2024-07-15,West,32.0,160.0,High
9238,2462,Keyboard,2.0,2025-06-15,South,80.59,161.18,High
9239,1156,Mouse,1.0,2025-12-11,West,37.45,37.45,Low
9240,2445,Headphones,5.0,2025-04-23,East,221.63,1108.15,High
9241,3298,Phone,1.0,2023-02-09,West,909.91,909.91,High
9242,3925,SSD,4.0,2024-12-28,East,299.0,1196.0,High
9243,2632,Webcam,4.0,2024-04-01,North,120.36,481.44,High
9244,3577,Headphones,2.0,2025-05-27,East,558.96,1117.92,High
9245,3374,Keyboard,4.0,2025-02-26,North,284.6,1138.4,High
9246,4008,Laptop,5.0,2023-01-02,North,3810.37,19051.85,High
9247,1894,Webcam,4.0,2023-08-04,East,337.76,1351.04,High
9248,3144,Headphones,2.0,2025-02-15,West,438.61,877.22,High
9249,1512,Mouse,3.0,2024-11-09,East,167.89,503.66999999999996,High
9250,1215,Webcam,1.0,2024-02-18,East,284.74,284.74,High
9251,4203,SSD,1.0,2023-07-29,North,343.59,343.59,High
9252,4331,Mouse,5.0,2025-12-17,East,178.54,892.6999999999999,High
9253,3172,Monitor,2.0,2023-02-12,East,1157.1,2314.2,High
9254,4153,Monitor,2.0,2023-05-18,North,1094.32,2188.64,High
9255,4354,Monitor,2.0,2024-09-29,North,1436.57,2873.14,High
9256,2706,Webcam,1.0,2024-04-13,East,380.14,380.14,High
9257,3106,Laptop,4.0,2024-12-26,South,3326.61,13306.44,High
9258,2567,Keyboard,1.0,2023-07-21,South,193.74,193.74,High
9259,3208,SSD,1.0,2023-07-11,West,371.55,371.55,High
9260,3331,Webcam,1.0,2023-04-17,West,371.11,371.11,High
9261,3153,Phone,4.0,2023-11-23,East,1950.47,7801.88,High
9262,2128,SSD,3.0,2025-01-19,East,338.82,1016.46,High
9263,4510,Mouse,5.0,2024-10-05,North,133.17,665.8499999999999,High
9264,1227,Mouse,3.0,2023-12-23,North,56.53,169.59,High
9265,4771,Webcam,3.0,2024-08-17,West,189.42,568.26,High
9266,4653,Webcam,1.0,2024-05-15,East,315.58,315.58,High
9267,3365,Keyboard,3.0,2024-04-12,East,190.6,571.8,High
9269,1801,Webcam,1.0,2023-04-16,West,195.94,195.94,High
9271,2905,Keyboard,2.0,2023-07-14,North,185.22,370.44,High
9272,3921,Phone,1.0,2023-02-16,North,1205.89,1205.89,High
9273,1471,Monitor,3.0,2025-10-05,East,945.22,2835.66,High
9274,2079,Phone,5.0,2024-06-20,East,1595.4,7977.0,High
9275,3672,Headphones,3.0,2025-04-26,East,481.42,1444.26,High
9276,3060,Phone,2.0,2024-12-09,North,2495.65,4991.3,High
9277,4511,Monitor,4.0,2025-03-18,West,778.64,3114.56,High
9278,2041,Headphones,2.0,2024-09-03,West,477.46,954.92,High
9279,3741,Monitor,5.0,2023-04-25,North,1425.83,7129.15,High
9280,4020,Mouse,2.0,2024-11-10,West,120.3,240.6,High
9281,3160,Monitor,2.0,2024-09-22,West,1949.69,3899.38,High
9282,1228,Headphones,5.0,2023-08-07,South,261.38,1306.9,High
9283,1170,Phone,5.0,2023-07-16,North,1100.86,5504.299999999999,High
9284,1294,Mouse,3.0,2024-02-05,West,179.19,537.5699999999999,High
9285,1188,Laptop,1.0,2025-01-18,North,2206.07,2206.07,High
9286,1425,Laptop,4.0,2024-11-11,North,4451.36,17805.44,High
9287,1976,SSD,4.0,2023-03-17,East,415.16,1660.64,High
9289,3705,Laptop,2.0,2025-05-10,East,2682.09,5364.18,High
9290,1918,Keyboard,5.0,2025-01-11,East,88.96,444.79999999999995,High
9291,4253,Laptop,5.0,2023-10-21,East,4155.02,20775.100000000002,High
9292,1498,Headphones,5.0,2025-03-19,South,173.66,868.3,High
9293,2821,Webcam,1.0,2025-06-04,South,298.04,298.04,High
9294,3809,Laptop,5.0,2024-02-18,South,2384.45,11922.25,High
9295,1865,Monitor,5.0,2024-03-06,West,1703.4,8517.0,High
9296,1825,Webcam,2.0,2023-06-20,West,374.24,748.48,High
9297,4779,Laptop,3.0,2024-06-27,South,3677.94,11033.82,High
9298,2858,Webcam,4.0,2025-09-15,North,389.18,1556.72,High
9299,3118,Phone,2.0,2023-03-13,West,1463.65,2927.3,High
9300,3295,Headphones,2.0,2025-10-19,North,222.3,444.6,High
9301,1145,Headphones,2.0,2024-06-15,North,188.65,377.3,High
9302,2641,SSD,4.0,2023-08-27,West,365.53,1462.12,High
9303,4846,Webcam,2.0,2024-12-11,East,121.84,243.68,High
9304,2319,SSD,3.0,2024-07-30,South,544.11,1632.33,High
9305,3629,Mouse,5.0,2024-12-13,West,163.41,817.05,High
9306,1469,Keyboard,3.0,2024-10-03,West,190.53,571.59,High
9307,4577,Monitor,5.0,2024-08-12,South,1582.19,7910.950000000001,High
9308,1192,Webcam,5.0,2023-07-09,West,96.0,480.0,High
9309,2091,Headphones,2.0,2025-03-22,East,201.76,403.52,High
9310,3541,SSD,2.0,2025-10-11,North,429.55,859.1,High
9311,4888,Phone,4.0,2024-09-16,West,1611.7,6446.8,High
9312,1051,Laptop,1.0,2024-09-20,North,3813.87,3813.87,High
9313,3929,Headphones,3.0,2025-06-07,South,144.48,433.43999999999994,High
9314,3410,Phone,4.0,2025-11-24,South,1909.12,7636.48,High
9315,2820,Laptop,4.0,2025-02-22,East,4410.85,17643.4,High
9316,3964,Keyboard,3.0,2024-11-01,North,186.57,559.71,High
9317,3521,Headphones,3.0,2024-12-22,West,278.7,836.0999999999999,High
9318,2869,SSD,5.0,2024-06-09,East,228.59,1142.95,High
9319,3568,Headphones,1.0,2024-06-20,North,232.68,232.68,High
9320,2786,Webcam,2.0,2025-04-26,East,247.21,494.42,High
9321,2454,Webcam,1.0,2025-09-22,East,161.77,161.77,High
9322,2867,Phone,1.0,2025-07-02,South,2122.51,2122.51,High
9323,4369,SSD,2.0,2023-06-27,North,209.28,418.56,High
9324,4506,Mouse,1.0,2023-10-03,East,117.79,117.79,High
9325,4767,Webcam,4.0,2023-11-08,North,238.71,954.84,High
9326,3738,Monitor,4.0,2025-03-01,West,708.34,2833.36,High
9327,4269,Keyboard,2.0,2024-11-28,North,298.75,597.5,High
9328,4199,Monitor,2.0,2023-01-27,South,1734.7,3469.4,High
9329,3579,Headphones,3.0,2025-07-01,South,293.27,879.81,High
9330,3007,Monitor,3.0,2024-02-26,East,1527.36,4582.08,High
9331,2434,Laptop,1.0,2025-11-03,North,4149.74,4149.74,High
9332,1839,Keyboard,1.0,2024-05-15,North,212.79,212.79,High
9333,4136,Monitor,2.0,2025-06-26,North,1148.73,2297.46,High
9334,4765,Laptop,1.0,2023-11-21,East,4655.33,4655.33,High
9335,1240,Phone,5.0,2023-10-12,North,2111.64,10558.199999999999,High
9336,4440,Monitor,4.0,2025-12-04,North,1313.03,5252.12,High
9337,1535,Keyboard,1.0,2024-05-12,North,50.64,50.64,Low
9338,2407,Laptop,1.0,2025-06-30,West,2670.12,2670.12,High
9339,4502,Monitor,3.0,2023-05-25,West,1263.24,3789.7200000000003,High
9340,1082,Phone,5.0,2025-08-05,East,2328.18,11640.9,High
9341,1981,Monitor,1.0,2023-03-23,South,1442.93,1442.93,High
9342,4902,Laptop,4.0,2025-09-06,North,3253.59,13014.36,High
9344,1950,Keyboard,2.0,2023-03-23,South,199.32,398.64,High
9345,4899,Headphones,5.0,2023-04-04,South,275.38,1376.9,High
9346,1610,SSD,1.0,2023-12-09,South,391.82,391.82,High
9347,1573,SSD,5.0,2025-03-07,South,494.9,2474.5,High
9348,3333,Laptop,1.0,2023-12-27,North,4411.22,4411.22,High
9349,1988,Laptop,4.0,2025-12-25,North,4592.83,18371.32,High
9350,4605,Laptop,4.0,2024-09-15,North,3908.14,15632.56,High
9351,1458,Laptop,5.0,2025-05-17,North,4716.85,23584.25,High
9352,4283,Monitor,3.0,2024-03-04,North,1535.94,4607.82,High
9353,3173,Keyboard,3.0,2023-06-20,North,245.98,737.9399999999999,High
9354,4484,SSD,2.0,2024-07-31,North,458.47,916.94,High
9355,2522,Phone,3.0,2023-03-09,North,2282.17,6846.51,High
9356,3472,SSD,5.0,2025-11-23,North,250.3,1251.5,High
9357,3601,Keyboard,3.0,2023-01-01,North,239.97,719.91,High
9359,2984,Mouse,1.0,2025-06-20,East,45.64,45.64,Low
9360,2566,Monitor,3.0,2023-09-15,West,1237.43,3712.29,High
9361,4229,Mouse,5.0,2025-01-19,West,81.04,405.20000000000005,High
9362,3159,Monitor,5.0,2024-09-19,South,1345.04,6725.2,High
9363,3449,Laptop,2.0,2025-03-05,South,4033.2,8066.4,High
9364,4830,Monitor,2.0,2023-01-19,North,839.84,1679.68,High
9365,1121,Laptop,4.0,2023-02-04,West,4099.78,16399.12,High
9366,1272,Keyboard,4.0,2024-01-06,East,298.86,1195.44,High
9367,2317,Webcam,4.0,2024-05-05,West,323.19,1292.76,High
9368,1397,Headphones,1.0,2025-03-27,North,186.89,186.89,High
9369,3518,Monitor,5.0,2023-01-07,South,1450.54,7252.7,High
9370,1984,Laptop,4.0,2024-07-02,North,2028.45,8113.8,High
9371,2230,Mouse,5.0,2024-01-06,West,109.85,549.25,High
9372,2133,Laptop,2.0,2025-01-26,North,3599.92,7199.84,High
9373,4511,Mouse,1.0,2024-07-27,East,195.3,195.3,High
9374,2301,SSD,2.0,2024-11-11,North,481.74,963.48,High
9375,4639,Monitor,5.0,2023-03-29,West,1558.94,7794.700000000001,High
9376,2910,Phone,4.0,2024-04-07,North,1705.09,6820.36,High
9377,4986,Mouse,2.0,2025-12-07,West,117.24,234.48,High
9378,3616,Laptop,3.0,2024-04-25,South,4976.25,14928.75,High
9379,2505,Monitor,1.0,2025-04-02,East,531.9,531.9,High
9380,4874,Laptop,5.0,2024-06-07,North,2909.62,14548.099999999999,High
9381,4185,Phone,4.0,2023-07-30,West,1027.43,4109.72,High
9382,2916,Headphones,2.0,2023-09-01,East,257.49,514.98,High
9383,3944,Webcam,1.0,2023-08-27,South,228.36,228.36,High
9384,1819,Webcam,4.0,2025-02-07,East,189.42,757.68,High
9385,3900,Phone,2.0,2023-08-23,North,2436.6,4873.2,High
9386,4548,Keyboard,5.0,2023-07-06,North,220.15,1100.75,High
9387,3757,Monitor,3.0,2024-12-13,East,1592.07,4776.21,High
9388,2956,Phone,3.0,2024-05-11,East,2061.9,6185.700000000001,High
9389,3368,Headphones,5.0,2023-07-06,East,549.61,2748.05,High
9390,1178,Laptop,1.0,2025-07-24,East,4304.06,4304.06,High
9391,1896,Monitor,5.0,2023-11-09,East,524.31,2621.5499999999997,High
9392,3266,SSD,2.0,2025-03-29,West,267.63,535.26,High
9393,3836,Mouse,1.0,2023-01-22,South,198.15,198.15,High
9394,2972,Phone,3.0,2023-03-09,East,1908.61,5725.83,High
9395,2551,SSD,2.0,2024-01-27,West,180.65,361.3,High
9396,1491,SSD,4.0,2025-12-24,South,359.99,1439.96,High
9397,4962,Headphones,4.0,2024-12-29,South,590.42,2361.68,High
9398,1060,SSD,4.0,2024-06-24,East,596.78,2387.12,High
9399,2077,Phone,3.0,2024-07-21,West,1535.16,4605.4800000000005,High
9400,2703,Keyboard,5.0,2025-06-18,East,273.26,1366.3,High
9401,3585,Webcam,1.0,2023-07-31,North,269.44,269.44,High
9402,3895,Webcam,3.0,2023-07-19,South,243.02,729.0600000000001,High
9403,4035,Monitor,2.0,2025-09-13,North,1117.91,2235.82,High
9404,1064,Laptop,2.0,2023-06-27,South,4676.39,9352.78,High
9405,4683,Headphones,4.0,2025-07-19,South,410.56,1642.24,High
9406,1585,Phone,1.0,2023-02-13,North,1367.46,1367.46,High
9407,2727,Monitor,4.0,2023-06-17,East,1237.9,4951.6,High
9409,4344,Monitor,2.0,2024-12-09,West,1176.73,2353.46,High
9410,4960,Webcam,5.0,2023-12-03,North,179.72,898.6,High
9411,4770,SSD,5.0,2024-08-08,South,434.83,2174.15,High
9412,1534,Keyboard,5.0,2023-07-02,South,63.06,315.3,High
9413,4462,Phone,4.0,2023-01-16,North,2306.48,9225.92,High
9414,3740,Keyboard,1.0,2025-06-05,South,153.85,153.85,High
9415,4398,Mouse,5.0,2025-04-16,West,166.15,830.75,High
9416,3155,Mouse,3.0,2023-04-20,North,154.01,462.03,High
9417,2870,SSD,5.0,2023-11-02,South,362.33,1811.6499999999999,High
9418,4233,Webcam,4.0,2025-09-06,South,143.59,574.36,High
9419,3861,Headphones,1.0,2023-01-06,North,381.11,381.11,High
9420,2004,Keyboard,5.0,2025-04-22,North,287.02,1435.1,High
9422,2229,Headphones,3.0,2024-10-17,West,228.01,684.03,High
9423,3637,Phone,2.0,2025-09-10,East,2488.11,4976.22,High
9424,2039,Phone,1.0,2024-12-24,East,2317.37,2317.37,High
9425,1326,Monitor,5.0,2023-04-25,East,1324.32,6621.599999999999,High
9426,1607,Laptop,4.0,2023-10-03,North,4084.22,16336.88,High
9427,3706,SSD,4.0,2023-03-21,East,349.38,1397.52,High
9428,1001,Laptop,4.0,2023-06-28,South,3212.28,12849.12,High
9429,2033,SSD,4.0,2024-07-14,East,349.43,1397.72,High
9430,3481,Phone,1.0,2024-05-23,North,1504.51,1504.51,High
9432,2104,Webcam,2.0,2023-10-19,East,185.75,371.5,High
9433,3532,Webcam,3.0,2025-06-03,North,134.65,403.95000000000005,High
9434,3699,Monitor,1.0,2023-10-18,East,1559.85,1559.85,High
9435,2861,Laptop,1.0,2024-06-25,South,2093.89,2093.89,High
9436,2173,Keyboard,4.0,2025-02-02,North,229.69,918.76,High
9437,3847,Phone,4.0,2025-12-22,South,1247.51,4990.04,High
9438,3920,Mouse,1.0,2024-08-16,South,62.34,62.34,Low
9439,4411,Keyboard,4.0,2025-08-05,North,144.74,578.96,High
9440,1128,Monitor,4.0,2024-04-24,South,676.25,2705.0,High
9441,1437,Mouse,4.0,2024-01-16,North,95.36,381.44,High
9442,1750,Keyboard,4.0,2023-11-06,North,75.58,302.32,High
9443,3548,Laptop,4.0,2025-12-15,North,3450.47,13801.88,High
9444,4129,SSD,5.0,2025-04-26,North,229.28,1146.4,High
9445,2221,Webcam,5.0,2024-02-29,West,121.6,608.0,High
9446,3258,Laptop,5.0,2024-10-22,West,3737.33,18686.65,High
9447,4985,Mouse,1.0,2023-08-14,West,136.29,136.29,High
9448,1901,SSD,3.0,2023-01-25,North,152.48,457.43999999999994,High
9449,3092,SSD,1.0,2023-04-05,East,324.45,324.45,High
9450,4168,SSD,5.0,2024-05-22,East,185.08,925.4000000000001,High
9451,2302,Headphones,1.0,2024-07-18,North,469.32,469.32,High
9452,3582,Webcam,3.0,2024-10-05,West,298.09,894.27,High
9453,2433,Phone,4.0,2024-05-04,West,884.54,3538.16,High
9454,3508,Mouse,2.0,2024-04-03,East,190.01,380.02,High
9455,1390,Monitor,5.0,2025-06-19,North,1939.94,9699.7,High
9456,4918,Phone,5.0,2023-12-04,East,1368.94,6844.700000000001,High
9457,2067,Keyboard,3.0,2025-08-20,North,82.65,247.95000000000002,High
9458,1026,Webcam,4.0,2023-12-11,North,116.59,466.36,High
9459,3841,Monitor,4.0,2024-07-29,East,1761.08,7044.32,High
9460,4168,Monitor,2.0,2025-07-31,South,1188.74,2377.48,High
9461,4022,Laptop,4.0,2023-12-12,North,2028.53,8114.12,High
9462,1547,Keyboard,3.0,2023-11-21,North,281.34,844.02,High
9463,3668,Laptop,4.0,2024-04-11,East,3778.21,15112.84,High
9464,1566,Laptop,3.0,2023-04-01,West,4071.19,12213.57,High
9465,1703,SSD,5.0,2023-10-21,South,520.6,2603.0,High
9466,2242,Webcam,5.0,2024-06-07,North,341.95,1709.75,High
9467,1184,Headphones,5.0,2025-04-29,South,137.9,689.5,High
9468,4140,Laptop,1.0,2023-09-16,East,3721.98,3721.98,High
9469,4900,Phone,5.0,2023-07-05,West,1983.62,9918.099999999999,High
9470,4201,Monitor,3.0,2023-12-10,South,628.43,1885.29,High
9471,2590,Webcam,2.0,2025-03-31,North,151.17,302.34,High
9472,2913,Laptop,4.0,2025-01-10,North,3187.44,12749.76,High
9473,4680,Mouse,5.0,2024-07-22,West,180.71,903.5500000000001,High
9474,1847,Phone,1.0,2025-08-07,North,2246.08,2246.08,High
9475,1598,Keyboard,1.0,2024-05-23,East,245.53,245.53,High
9476,1805,Monitor,3.0,2023-01-16,North,1985.42,5956.26,High
9477,4702,Webcam,2.0,2024-06-08,East,157.65,315.3,High
9478,4791,Mouse,5.0,2023-07-19,North,109.53,547.65,High
9479,2357,Webcam,5.0,2023-11-05,North,222.95,1114.75,High
9480,4996,Webcam,1.0,2023-09-16,South,297.26,297.26,High
9481,4225,Mouse,3.0,2024-02-29,East,174.53,523.59,High
9482,4618,Keyboard,1.0,2025-02-17,South,172.92,172.92,High
9483,3126,Mouse,1.0,2025-11-10,East,113.56,113.56,High
9484,3626,Phone,2.0,2024-09-30,South,1834.14,3668.28,High
9485,2878,SSD,3.0,2025-07-08,East,484.11,1452.33,High
9486,3460,Webcam,2.0,2025-10-08,East,144.42,288.84,High
9487,1545,Keyboard,3.0,2023-12-16,East,290.46,871.3799999999999,High
9488,2632,Webcam,5.0,2025-08-18,South,109.46,547.3,High
9489,3216,Mouse,4.0,2024-03-13,West,33.93,135.72,High
9490,3728,Keyboard,4.0,2024-03-31,South,139.7,558.8,High
9491,4734,Keyboard,3.0,2024-09-15,South,225.36,676.08,High
9492,3630,Laptop,4.0,2024-10-04,East,4934.22,19736.88,High
9493,3562,Laptop,1.0,2024-01-27,East,4798.28,4798.28,High
9495,3079,Laptop,5.0,2023-02-02,East,3309.64,16548.2,High
9496,3334,Mouse,4.0,2025-07-09,East,131.29,525.16,High
9497,3641,Monitor,3.0,2024-02-14,West,1952.99,5858.97,High
9498,4114,Phone,1.0,2025-10-19,East,1251.35,1251.35,High
9499,2926,Mouse,3.0,2024-02-17,North,111.31,333.93,High
9500,1616,Webcam,4.0,2023-10-26,West,301.73,1206.92,High
9501,4072,Laptop,5.0,2023-03-14,West,2030.9,10154.5,High
9502,4644,Keyboard,5.0,2023-09-18,North,145.32,726.5999999999999,High
9503,3317,Mouse,3.0,2024-11-20,North,126.55,379.65,High
9504,2203,Keyboard,2.0,2025-08-16,East,275.23,550.46,High
9505,2759,SSD,3.0,2025-01-01,North,596.4,1789.1999999999998,High
9507,4174,Keyboard,3.0,2025-04-19,West,286.15,858.4499999999999,High
9508,4081,Keyboard,2.0,2023-12-01,North,74.82,149.64,High
9509,3630,SSD,2.0,2025-01-01,North,465.57,931.14,High
9511,1225,Monitor,2.0,2024-01-25,North,1626.46,3252.92,High
9512,1669,Phone,1.0,2025-01-29,West,2275.13,2275.13,High
9513,2763,Phone,2.0,2025-06-01,North,891.33,1782.66,High
9514,1916,Laptop,2.0,2025-08-29,East,4806.42,9612.84,High
9515,3173,Headphones,5.0,2025-12-30,North,134.08,670.4000000000001,High
9516,4003,Mouse,1.0,2025-07-29,East,158.08,158.08,High
9517,4280,SSD,2.0,2025-06-21,East,181.08,362.16,High
9518,4168,Mouse,4.0,2023-01-24,West,176.49,705.96,High
9519,3121,Phone,1.0,2024-07-10,South,1148.47,1148.47,High
9520,4698,Monitor,5.0,2024-12-01,West,1151.11,5755.549999999999,High
9521,2214,Keyboard,3.0,2024-02-07,East,283.16,849.48,High
9522,2705,Webcam,5.0,2024-03-16,West,333.46,1667.3,High
9523,2842,Laptop,5.0,2025-05-31,North,4357.33,21786.65,High
9524,2983,Monitor,1.0,2025-07-14,East,1645.0,1645.0,High
9525,4787,Phone,1.0,2024-04-29,South,1768.04,1768.04,High
9526,1055,Headphones,4.0,2025-12-26,North,575.72,2302.88,High
9527,1719,Laptop,4.0,2023-01-31,East,4494.91,17979.64,High
9528,3600,SSD,1.0,2023-11-18,East,348.13,348.13,High
9529,3079,Phone,1.0,2024-07-19,East,2062.35,2062.35,High
9530,4598,Mouse,1.0,2023-01-10,North,199.68,199.68,High
9532,1666,SSD,5.0,2025-04-30,North,150.55,752.75,High
9533,1283,Phone,4.0,2025-07-15,West,2054.41,8217.64,High
9534,2744,Mouse,4.0,2023-10-12,South,182.64,730.56,High
9535,4903,Webcam,2.0,2023-06-02,South,184.88,369.76,High
9536,4565,Mouse,3.0,2024-01-06,South,196.17,588.51,High
9537,3234,Keyboard,1.0,2023-10-28,North,150.32,150.32,High
9538,1497,SSD,1.0,2023-05-26,North,339.53,339.53,High
9539,2465,SSD,3.0,2025-12-11,East,222.39,667.17,High
9540,1129,Headphones,4.0,2024-12-02,East,148.3,593.2,High
9541,1638,SSD,1.0,2023-05-21,West,391.47,391.47,High
9542,4363,Keyboard,2.0,2023-03-25,West,200.69,401.38,High
9543,3161,Phone,4.0,2023-01-21,West,1423.72,5694.88,High
9544,4270,Webcam,5.0,2025-10-26,North,274.12,1370.6,High
9545,3060,Monitor,3.0,2025-08-24,North,1092.01,3276.0299999999997,High
9546,4342,Webcam,4.0,2024-03-28,North,357.82,1431.28,High
9547,4672,Webcam,5.0,2023-12-08,East,385.22,1926.1000000000001,High
9548,4286,SSD,2.0,2024-01-28,East,417.09,834.18,High
9549,3491,Webcam,3.0,2025-09-29,East,349.53,1048.59,High
9550,4861,SSD,1.0,2025-08-28,South,534.18,534.18,High
9551,4583,Keyboard,1.0,2023-06-07,South,228.44,228.44,High
9552,3494,Monitor,5.0,2025-03-21,East,788.0,3940.0,High
9553,1985,Mouse,4.0,2024-11-29,North,56.34,225.36,High
9554,1992,SSD,2.0,2023-06-15,East,563.77,1127.54,High
9555,3762,Phone,5.0,2023-02-03,West,1250.6,6253.0,High
9556,3121,Headphones,2.0,2023-09-12,South,223.17,446.34,High
9557,3584,Monitor,2.0,2023-10-29,East,749.19,1498.38,High
9558,1100,Phone,2.0,2023-08-08,East,1696.67,3393.34,High
9559,3223,SSD,3.0,2025-11-21,North,454.65,1363.9499999999998,High
9560,1426,Monitor,5.0,2025-07-23,North,1514.24,7571.2,High
9561,4188,SSD,3.0,2024-05-23,North,267.47,802.4100000000001,High
9562,4237,Keyboard,4.0,2025-08-10,East,73.7,294.8,High
9563,1040,Phone,4.0,2023-08-03,North,1327.36,5309.44,High
9564,1428,Keyboard,1.0,2023-09-02,West,175.86,175.86,High
9565,1343,Laptop,1.0,2023-01-20,West,3837.32,3837.32,High
9566,4495,Phone,1.0,2023-07-29,North,1260.02,1260.02,High
9567,1365,Monitor,4.0,2024-03-01,North,774.74,3098.96,High
9568,4191,Laptop,2.0,2025-09-26,East,4524.73,9049.46,High
9569,1608,Keyboard,2.0,2025-09-07,West,264.48,528.96,High
9570,3704,Keyboard,5.0,2023-03-13,South,119.99,599.9499999999999,High
9571,1727,Monitor,4.0,2023-06-27,East,1340.17,5360.68,High
9572,3276,Laptop,1.0,2023-10-26,West,3319.48,3319.48,High
9573,1824,Webcam,4.0,2023-09-23,South,125.43,501.72,High
9574,4201,Mouse,2.0,2024-06-03,North,189.9,379.8,High
9575,2375,Headphones,2.0,2023-10-02,West,104.89,209.78,High
9576,1888,Monitor,3.0,2025-08-05,North,781.36,2344.08,High
9577,3043,Keyboard,3.0,2023-02-22,North,136.39,409.16999999999996,High
9579,4031,Laptop,4.0,2024-05-03,North,4365.96,17463.84,High
9580,4720,SSD,3.0,2024-05-16,West,410.95,1232.85,High
9582,4408,Headphones,4.0,2024-02-21,West,270.46,1081.84,High
9583,2296,Phone,2.0,2024-05-23,North,2398.92,4797.84,High
9584,1116,Laptop,5.0,2025-07-09,North,2080.36,10401.800000000001,High
9585,3865,Mouse,5.0,2024-09-29,East,47.16,235.79999999999998,High
9586,3415,Monitor,5.0,2024-10-27,West,1888.33,9441.65,High
9587,2117,SSD,3.0,2023-01-06,North,575.27,1725.81,High
9588,1167,Mouse,2.0,2024-02-26,East,113.4,226.8,High
9589,4001,Monitor,5.0,2024-01-25,North,1364.69,6823.450000000001,High
9590,2738,SSD,4.0,2023-11-30,West,556.14,2224.56,High
9591,2364,SSD,5.0,2023-12-04,West,534.05,2670.25,High
9592,3708,Webcam,1.0,2025-04-27,East,355.82,355.82,High
9593,4985,Laptop,2.0,2023-09-26,East,3115.36,6230.72,High
9594,1694,SSD,1.0,2023-03-06,North,523.75,523.75,High
9595,1924,Mouse,2.0,2024-11-08,North,41.78,83.56,Low
9596,1151,SSD,4.0,2025-12-23,North,369.13,1476.52,High
9597,1585,Headphones,3.0,2024-10-18,North,218.7,656.0999999999999,High
9598,4948,Mouse,3.0,2025-02-19,East,36.09,108.27000000000001,High
9599,1912,Laptop,2.0,2023-11-25,South,3851.63,7703.26,High
9600,3321,Phone,5.0,2024-06-01,North,929.51,4647.55,High
9601,2577,Phone,1.0,2025-05-11,West,1004.27,1004.27,High
9602,1495,Mouse,4.0,2024-02-25,West,43.9,175.6,High
9603,4795,Mouse,5.0,2023-11-05,South,195.76,978.8,High
9604,3148,Monitor,3.0,2025-03-24,East,558.86,1676.58,High
9605,1556,Laptop,5.0,2025-04-25,North,2809.27,14046.35,High
9606,2105,Monitor,1.0,2025-08-19,South,1478.0,1478.0,High
9607,2552,Headphones,3.0,2024-12-21,South,511.69,1535.07,High
9608,3120,Webcam,2.0,2025-12-01,West,274.63,549.26,High
9609,4085,Phone,4.0,2024-08-12,East,2460.05,9840.2,High
9610,4504,SSD,4.0,2023-11-16,East,301.97,1207.88,High
9611,1156,SSD,3.0,2025-10-07,North,362.4,1087.1999999999998,High
9612,1734,Keyboard,2.0,2024-03-20,South,255.33,510.66,High
9613,3179,Keyboard,1.0,2023-10-13,North,220.42,220.42,High
9614,4409,Laptop,4.0,2023-06-20,West,2642.2,10568.8,High
9615,4066,SSD,3.0,2023-09-20,North,374.4,1123.1999999999998,High
9616,2427,Laptop,4.0,2025-07-30,South,4927.88,19711.52,High
9617,4447,Keyboard,2.0,2023-05-22,North,265.76,531.52,High
9618,4959,Laptop,1.0,2024-09-19,East,2575.41,2575.41,High
9619,1558,Phone,2.0,2024-08-15,South,1105.64,2211.28,High
9620,3154,Headphones,5.0,2024-02-20,South,514.2,2571.0,High
9621,4691,Headphones,2.0,2023-01-25,North,199.45,398.9,High
9622,3312,SSD,2.0,2024-09-18,East,353.76,707.52,High
9623,4276,Monitor,4.0,2023-04-04,East,771.14,3084.56,High
9624,4150,Phone,2.0,2023-11-01,West,824.93,1649.86,High
9625,1154,Webcam,3.0,2023-07-04,North,360.13,1080.3899999999999,High
9626,4854,Laptop,4.0,2023-10-10,West,4337.01,17348.04,High
9627,4035,Laptop,4.0,2024-11-16,South,3411.77,13647.08,High
9628,1996,SSD,5.0,2025-05-12,North,221.81,1109.05,High
9629,3294,Webcam,3.0,2024-11-15,East,338.05,1014.1500000000001,High
9630,1530,Monitor,2.0,2024-10-27,East,1039.05,2078.1,High
9631,3905,Monitor,5.0,2025-11-03,North,1492.92,7464.6,High
9632,2971,Laptop,3.0,2025-06-08,East,2950.08,8850.24,High
9633,3585,Laptop,5.0,2025-03-26,South,3296.86,16484.3,High
9634,1728,Webcam,1.0,2023-12-07,East,251.35,251.35,High
9635,2177,SSD,2.0,2024-08-26,East,492.91,985.82,High
9636,1153,Phone,5.0,2025-01-03,South,2214.52,11072.6,High
9637,4757,Webcam,1.0,2025-03-29,South,221.93,221.93,High
9638,1091,Monitor,2.0,2025-06-25,North,849.56,1699.12,High
9639,4504,Webcam,5.0,2024-06-23,South,129.17,645.8499999999999,High
9640,3385,Webcam,5.0,2024-03-14,North,189.04,945.1999999999999,High
9642,2716,Phone,5.0,2024-10-27,South,1265.77,6328.85,High
9643,4202,Mouse,4.0,2024-01-19,North,38.08,152.32,High
9644,3497,Laptop,5.0,2024-08-04,East,3692.83,18464.15,High
9645,3016,Keyboard,4.0,2023-06-09,East,58.4,233.6,High
9646,3857,SSD,4.0,2024-03-07,East,548.22,2192.88,High
9647,1786,Webcam,1.0,2024-09-06,North,296.98,296.98,High
9648,1272,SSD,2.0,2024-05-02,South,265.58,531.16,High
9649,3027,Keyboard,4.0,2023-12-09,East,167.27,669.08,High
9650,3635,Mouse,3.0,2023-04-19,West,155.67,467.01,High
9651,1176,Laptop,4.0,2025-04-28,West,4747.05,18988.2,High
9652,4767,Monitor,3.0,2023-10-28,East,1811.68,5435.04,High
9653,3878,Keyboard,1.0,2024-12-05,East,67.38,67.38,Low
9654,1642,SSD,3.0,2025-12-30,East,186.51,559.53,High
9655,2898,SSD,1.0,2023-09-26,South,418.98,418.98,High
9656,4120,SSD,1.0,2024-04-22,East,373.42,373.42,High
9657,1566,Monitor,1.0,2023-06-25,South,939.41,939.41,High
9658,1665,Keyboard,3.0,2023-08-27,North,294.04,882.1200000000001,High
9659,4426,SSD,3.0,2025-06-11,East,485.82,1457.46,High
9660,4783,Monitor,1.0,2024-09-01,West,1530.98,1530.98,High
9661,2331,Webcam,1.0,2025-05-08,North,138.03,138.03,High
9662,3915,SSD,2.0,2024-05-06,East,277.77,555.54,High
9663,4956,Keyboard,1.0,2023-04-09,South,201.25,201.25,High
9664,4701,Monitor,5.0,2023-11-25,South,1693.39,8466.95,High
9665,2798,Mouse,2.0,2024-03-20,East,188.28,376.56,High
9667,3349,Monitor,2.0,2023-10-22,South,1127.96,2255.92,High
9668,3915,Phone,5.0,2024-03-17,East,1974.83,9874.15,High
9669,3959,Phone,2.0,2025-03-05,South,917.6,1835.2,High
9670,1407,Laptop,2.0,2025-06-09,West,3800.25,7600.5,High
9671,2212,Webcam,3.0,2023-01-31,East,366.28,1098.84,High
9672,3869,Mouse,3.0,2024-03-13,East,138.28,414.84000000000003,High
9674,2152,Headphones,1.0,2023-10-18,North,447.26,447.26,High
9675,3608,Webcam,4.0,2024-01-03,South,312.46,1249.84,High
9676,4608,Phone,5.0,2024-04-30,East,1720.09,8600.449999999999,High
9677,4337,Monitor,3.0,2024-07-08,East,1724.13,5172.39,High
9678,2141,Phone,1.0,2023-06-17,East,1143.9,1143.9,High
9679,3511,Monitor,5.0,2025-02-09,North,1113.47,5567.35,High
9680,1143,SSD,2.0,2023-03-19,East,513.41,1026.82,High
9681,3489,Monitor,5.0,2025-04-30,East,1405.53,7027.65,High
9682,4271,Headphones,3.0,2025-06-10,North,597.18,1791.54,High
9683,4228,Phone,4.0,2024-10-22,East,917.75,3671.0,High
9684,1486,Phone,3.0,2024-08-11,North,1215.33,3645.99,High
9685,1859,Keyboard,1.0,2025-01-31,West,99.78,99.78,Low
9686,4205,Webcam,1.0,2024-07-18,North,392.45,392.45,High
9687,2935,Keyboard,5.0,2025-03-22,North,267.32,1336.6,High
9688,1147,Laptop,3.0,2023-10-29,North,2399.37,7198.11,High
9689,2359,Monitor,1.0,2023-10-20,North,1030.71,1030.71,High
9690,4142,Headphones,2.0,2023-10-21,East,126.3,252.6,High
9691,4304,Keyboard,2.0,2023-04-19,West,208.14,416.28,High
9692,2357,Phone,4.0,2023-12-31,East,1363.03,5452.12,High
9693,3858,Laptop,5.0,2024-08-22,North,2772.69,13863.45,High
9694,3713,Headphones,1.0,2024-11-08,South,361.56,361.56,High
9695,1089,Mouse,4.0,2023-04-03,South,165.24,660.96,High
9696,2357,Phone,2.0,2025-12-23,South,1486.66,2973.32,High
9697,1198,Phone,4.0,2024-03-03,South,2087.66,8350.64,High
9698,4232,SSD,4.0,2024-09-29,East,350.76,1403.04,High
9699,1537,Mouse,1.0,2024-01-03,South,66.47,66.47,Low
9700,4192,Monitor,1.0,2023-04-15,East,1169.31,1169.31,High
9701,1300,Monitor,1.0,2023-07-28,East,1307.08,1307.08,High
9702,1723,Keyboard,5.0,2025-10-08,North,165.39,826.9499999999999,High
9703,2598,Keyboard,4.0,2024-04-18,West,118.58,474.32,High
9704,4010,Phone,4.0,2025-12-20,North,1114.67,4458.68,High
9705,2459,Webcam,5.0,2023-01-12,South,383.02,1915.1,High
9707,4836,Keyboard,3.0,2024-10-10,North,226.34,679.02,High
9708,4993,Mouse,2.0,2025-05-24,North,87.92,175.84,High
9709,3506,Keyboard,5.0,2024-01-21,South,292.41,1462.0500000000002,High
9710,2537,Phone,4.0,2025-06-02,North,2480.07,9920.28,High
9712,1619,Phone,1.0,2025-11-28,West,1788.51,1788.51,High
9713,4357,Headphones,1.0,2024-10-15,East,371.03,371.03,High
9714,2584,Headphones,4.0,2025-05-14,East,264.48,1057.92,High
9715,2163,Phone,4.0,2025-09-15,East,1007.45,4029.8,High
9716,1729,Webcam,1.0,2023-12-19,West,105.3,105.3,High
9717,1555,Webcam,1.0,2024-05-28,East,228.94,228.94,High
9718,2952,Laptop,2.0,2025-03-14,West,4936.37,9872.74,High
9719,3828,Keyboard,4.0,2023-12-09,South,111.72,446.88,High
9720,4661,Webcam,4.0,2023-12-02,North,211.5,846.0,High
9721,2751,Monitor,5.0,2023-01-24,South,1462.13,7310.650000000001,High
9722,3941,Phone,2.0,2025-06-03,West,1396.81,2793.62,High
9723,3657,Headphones,3.0,2023-04-14,North,101.81,305.43,High
9724,3795,Phone,3.0,2024-07-27,East,1473.57,4420.71,High
9725,3329,Keyboard,3.0,2025-02-13,East,251.16,753.48,High
9726,3708,Mouse,1.0,2025-06-05,West,190.47,190.47,High
9727,3971,Webcam,3.0,2023-08-31,East,168.03,504.09000000000003,High
9728,4887,Webcam,5.0,2023-12-08,East,374.93,1874.65,High
9729,1995,Webcam,1.0,2024-09-24,West,357.49,357.49,High
9730,2959,Headphones,1.0,2025-05-14,West,303.36,303.36,High
9731,2601,Monitor,3.0,2023-06-22,South,507.02,1521.06,High
9732,3793,SSD,1.0,2023-04-13,West,530.19,530.19,High
9733,2480,Monitor,2.0,2023-06-09,North,930.16,1860.32,High
9734,3134,Webcam,2.0,2024-12-14,East,321.88,643.76,High
9736,4276,Mouse,5.0,2024-07-29,South,67.68,338.40000000000003,High
9737,3838,Webcam,1.0,2023-07-15,West,287.43,287.43,High
9738,4408,Laptop,4.0,2025-09-15,East,4294.52,17178.08,High
9739,4325,Headphones,3.0,2025-07-22,South,337.22,1011.6600000000001,High
9740,3351,Mouse,1.0,2023-03-11,North,157.14,157.14,High
9742,3177,Headphones,3.0,2023-09-04,South,590.13,1770.3899999999999,High
9743,3643,SSD,5.0,2023-11-25,North,257.91,1289.5500000000002,High
9744,2299,Webcam,4.0,2023-06-07,East,328.91,1315.64,High
9745,2722,Mouse,1.0,2025-07-06,South,157.43,157.43,High
9746,3605,Webcam,3.0,2024-11-28,East,249.42,748.26,High
9747,1898,SSD,3.0,2025-01-12,North,307.65,922.9499999999999,High
9748,2206,SSD,1.0,2024-08-07,South,350.59,350.59,High
9749,4339,Mouse,3.0,2023-02-24,West,137.01,411.03,High
9750,4879,Webcam,3.0,2024-04-30,West,249.71,749.13,High
9751,4393,Laptop,3.0,2024-02-14,West,4284.62,12853.86,High
9753,4683,Mouse,2.0,2025-06-23,North,48.23,96.46,Low
9754,1077,Laptop,4.0,2024-12-27,South,3516.79,14067.16,High
9755,3831,Phone,5.0,2025-11-04,East,1240.32,6201.599999999999,High
9756,4410,Webcam,1.0,2023-05-27,North,277.32,277.32,High
9757,3721,Keyboard,5.0,2025-11-14,North,180.08,900.4000000000001,High
9758,4627,Mouse,5.0,2023-11-29,South,162.39,811.9499999999999,High
9759,2532,Monitor,2.0,2023-10-17,South,1362.84,2725.68,High
9760,1237,Laptop,4.0,2024-07-23,North,3292.28,13169.12,High
9761,2157,Laptop,5.0,2025-03-01,South,2359.57,11797.85,High
9762,2996,Mouse,5.0,2025-06-27,West,50.42,252.10000000000002,High
9763,2215,SSD,3.0,2023-01-27,North,438.16,1314.48,High
9764,4427,Laptop,1.0,2025-12-25,East,4642.26,4642.26,High
9765,1277,Phone,4.0,2025-07-14,South,1505.14,6020.56,High
9766,4089,Laptop,1.0,2024-01-23,West,3592.37,3592.37,High
9767,1523,Keyboard,2.0,2025-12-26,East,197.8,395.6,High
9768,1179,Keyboard,5.0,2023-09-07,North,169.32,846.5999999999999,High
9769,1122,SSD,5.0,2023-05-22,North,176.8,884.0,High
9770,2269,Webcam,1.0,2023-09-24,East,268.52,268.52,High
9771,2757,Webcam,2.0,2023-08-03,North,123.87,247.74,High
9772,4444,SSD,3.0,2024-05-03,South,400.11,1200.33,High
9773,4122,Monitor,3.0,2024-05-10,South,1663.07,4989.21,High
9774,2094,Phone,5.0,2024-04-24,North,809.26,4046.3,High
9775,1479,Keyboard,5.0,2024-10-04,South,157.62,788.1,High
9776,4631,SSD,4.0,2023-01-01,South,485.56,1942.24,High
9777,4090,Mouse,1.0,2025-10-29,North,119.85,119.85,High
9778,2797,Headphones,5.0,2025-04-20,West,217.65,1088.25,High
9779,3131,Headphones,2.0,2024-01-15,West,448.78,897.56,High
9780,4226,Headphones,1.0,2025-04-23,North,491.74,491.74,High
9781,3612,Webcam,4.0,2023-10-29,North,196.01,784.04,High
9782,3666,Mouse,3.0,2024-10-11,West,80.56,241.68,High
9783,3404,Laptop,4.0,2025-03-19,East,3635.41,14541.64,High
9784,1815,Mouse,1.0,2023-12-05,West,92.12,92.12,Low
9785,3694,Laptop,3.0,2025-09-25,South,4507.81,13523.43,High
9786,1442,Headphones,2.0,2024-10-27,South,489.53,979.06,High
9787,4140,Monitor,3.0,2024-02-08,West,967.83,2903.4900000000002,High
9788,3570,Monitor,3.0,2023-09-04,South,1185.47,3556.41,High
9789,1142,SSD,2.0,2024-07-12,East,550.27,1100.54,High
9790,1191,Laptop,5.0,2025-02-16,East,2442.13,12210.650000000001,High
9791,2410,Headphones,5.0,2023-04-21,West,477.12,2385.6,High
9792,1377,Mouse,3.0,2025-09-14,West,83.86,251.57999999999998,High
9794,1534,Laptop,4.0,2025-07-18,North,2350.94,9403.76,High
9795,2716,SSD,5.0,2025-06-04,North,274.33,1371.6499999999999,High
9796,4364,Mouse,2.0,2025-06-27,West,123.17,246.34,High
9797,2032,Headphones,3.0,2025-03-01,North,553.94,1661.8200000000002,High
9798,4342,Phone,3.0,2023-10-19,North,1315.09,3945.2699999999995,High
9799,2410,Headphones,4.0,2023-06-24,West,199.61,798.44,High
9800,3140,Webcam,4.0,2023-04-19,East,233.17,932.68,High
9801,2989,Headphones,4.0,2025-08-19,West,178.31,713.24,High
9802,3576,SSD,1.0,2025-04-27,East,272.26,272.26,High
9803,2177,Mouse,2.0,2025-11-03,South,197.73,395.46,High
9804,1404,SSD,1.0,2024-11-23,North,401.12,401.12,High
9805,3887,Mouse,3.0,2025-08-21,South,163.26,489.78,High
9806,2172,Keyboard,4.0,2023-02-12,North,102.95,411.8,High
9807,1888,Keyboard,4.0,2024-04-05,East,180.02,720.08,High
9808,4338,Mouse,4.0,2024-12-05,South,116.79,467.16,High
9809,1421,Mouse,5.0,2025-10-29,North,168.15,840.75,High
9810,4911,Phone,2.0,2023-05-29,East,836.67,1673.34,High
9811,2641,Phone,1.0,2023-12-04,West,2262.82,2262.82,High
9812,1471,Headphones,2.0,2025-09-29,West,139.8,279.6,High
9813,3940,SSD,4.0,2023-08-12,East,562.47,2249.88,High
9814,1546,Webcam,3.0,2023-12-20,North,125.71,377.13,High
9815,1630,SSD,5.0,2024-07-08,West,389.51,1947.55,High
9816,4597,Monitor,2.0,2023-03-07,East,649.09,1298.18,High
9817,4574,SSD,3.0,2024-09-12,West,351.24,1053.72,High
9818,2037,Webcam,4.0,2023-03-25,East,175.77,703.08,High
9819,3825,Phone,4.0,2023-08-15,South,1514.16,6056.64,High
9820,4723,Headphones,4.0,2025-06-10,West,372.52,1490.08,High
9821,2829,Webcam,4.0,2025-10-09,East,227.02,908.08,High
9822,1363,SSD,5.0,2023-01-20,North,160.42,802.0999999999999,High
9823,3166,Laptop,5.0,2025-11-24,South,4590.36,22951.8,High
9824,4309,Keyboard,2.0,2025-01-24,North,73.74,147.48,High
9825,1545,Webcam,4.0,2025-07-29,East,393.8,1575.2,High
9826,4240,Monitor,5.0,2023-09-27,East,1776.98,8884.9,High
9827,3569,Headphones,3.0,2024-02-10,North,380.69,1142.07,High
9828,1633,Webcam,5.0,2023-10-31,West,158.46,792.3000000000001,High
9829,2936,Mouse,5.0,2025-10-05,East,44.66,223.29999999999998,High
9830,2680,SSD,2.0,2025-03-20,North,452.33,904.66,High
9831,1962,Laptop,5.0,2025-11-18,North,2604.53,13022.650000000001,High
9832,4005,Keyboard,3.0,2024-01-26,West,233.31,699.9300000000001,High
9833,4806,Laptop,4.0,2025-06-27,South,4497.52,17990.08,High
9834,1882,Headphones,1.0,2023-05-22,West,594.48,594.48,High
9835,4840,SSD,2.0,2024-10-07,North,376.9,753.8,High
9836,3827,Phone,3.0,2025-03-19,North,2456.94,7370.82,High
9837,1870,Keyboard,2.0,2025-08-05,East,87.33,174.66,High
9838,1515,SSD,4.0,2023-09-02,East,526.31,2105.24,High
9839,3985,Laptop,5.0,2025-02-04,South,3079.41,15397.05,High
9840,2420,Phone,5.0,2025-05-25,West,1420.18,7100.900000000001,High
9841,1865,Monitor,3.0,2025-06-30,North,902.97,2708.91,High
9842,3153,Headphones,4.0,2025-10-25,West,186.71,746.84,High
9843,2108,Headphones,1.0,2025-07-08,East,321.11,321.11,High
9844,1213,Keyboard,1.0,2025-07-27,North,296.82,296.82,High
9845,4192,Laptop,5.0,2024-03-24,East,2989.72,14948.599999999999,High
9846,4203,Monitor,4.0,2023-09-23,West,1191.62,4766.48,High
9847,3897,Mouse,4.0,2023-09-07,East,68.85,275.4,High
9848,3244,Keyboard,3.0,2025-08-12,East,134.28,402.84000000000003,High
9849,1018,SSD,1.0,2024-06-26,South,174.81,174.81,High
9850,1641,Mouse,3.0,2024-09-23,East,192.53,577.59,High
9851,4083,Keyboard,2.0,2025-06-25,West,177.45,354.9,High
9852,2104,Laptop,4.0,2024-06-04,East,4198.85,16795.4,High
9853,1329,Monitor,1.0,2025-06-02,East,1269.93,1269.93,High
9854,1865,Laptop,3.0,2025-01-03,North,4310.59,12931.77,High
9855,1773,Headphones,5.0,2023-05-24,West,367.05,1835.25,High
9856,1391,Mouse,2.0,2025-08-01,North,149.26,298.52,High
9857,1636,Phone,3.0,2024-07-18,East,1964.16,5892.4800000000005,High
9858,3354,Webcam,5.0,2023-03-11,North,250.74,1253.7,High
9859,4338,SSD,1.0,2024-09-24,South,253.76,253.76,High
9860,4518,Headphones,1.0,2025-06-07,East,205.92,205.92,High
9861,4512,Headphones,2.0,2025-03-11,East,537.15,1074.3,High
9862,3942,Mouse,5.0,2023-06-29,West,50.52,252.60000000000002,High
9863,3699,SSD,4.0,2024-08-15,North,401.66,1606.64,High
9864,3888,Keyboard,1.0,2024-07-20,North,175.63,175.63,High
9865,2025,Headphones,4.0,2024-11-21,West,499.2,1996.8,High
9866,3567,Webcam,4.0,2024-10-26,North,123.33,493.32,High
9867,4833,Monitor,3.0,2024-02-10,East,1530.95,4592.85,High
9868,2674,Headphones,3.0,2025-09-12,West,402.93,1208.79,High
9869,3683,Monitor,1.0,2024-09-28,West,1551.79,1551.79,High
9870,4380,Laptop,4.0,2025-11-26,South,3863.68,15454.72,High
9871,1739,SSD,3.0,2024-05-31,East,403.15,1209.4499999999998,High
9872,2545,Keyboard,5.0,2025-04-29,East,281.57,1407.85,High
9873,1468,Monitor,5.0,2025-06-26,South,1022.99,5114.95,High
9874,3259,Headphones,5.0,2023-11-12,North,192.34,961.7,High
9875,2135,Keyboard,5.0,2023-01-27,West,248.85,1244.25,High
9876,2031,Webcam,4.0,2023-02-24,North,121.5,486.0,High
9877,3851,Keyboard,5.0,2023-09-06,East,219.93,1099.65,High
9878,3524,Monitor,4.0,2023-09-30,East,1324.34,5297.36,High
9879,1873,SSD,1.0,2023-07-10,South,150.58,150.58,High
9880,1459,Monitor,1.0,2024-07-28,North,859.79,859.79,High
9881,3300,Phone,5.0,2025-05-06,East,1643.04,8215.2,High
9882,2549,Phone,5.0,2024-09-07,South,1360.52,6802.6,High
9883,1751,Keyboard,5.0,2025-10-14,East,156.72,783.6,High
9884,2461,Mouse,1.0,2024-11-03,North,132.22,132.22,High
9885,2777,SSD,3.0,2024-11-13,North,478.87,1436.6100000000001,High
9886,4028,Mouse,1.0,2023-04-19,North,55.71,55.71,Low
9887,1853,Phone,5.0,2024-10-13,North,1280.95,6404.75,High
9888,4732,Headphones,3.0,2025-09-07,North,418.25,1254.75,High
9889,3283,Laptop,3.0,2023-08-14,East,3765.32,11295.960000000001,High
9890,2329,Keyboard,2.0,2023-12-19,North,234.21,468.42,High
9891,1477,Laptop,4.0,2023-05-25,North,3921.53,15686.12,High
9892,3726,Phone,5.0,2025-07-03,North,1361.26,6806.3,High
9894,3263,Webcam,2.0,2024-06-17,East,363.12,726.24,High
9895,3902,Keyboard,4.0,2024-04-04,South,96.52,386.08,High
9896,1134,Phone,5.0,2025-07-29,East,1440.47,7202.35,High
9897,3952,SSD,2.0,2025-10-31,East,528.78,1057.56,High
9898,2152,Headphones,4.0,2023-06-30,North,282.1,1128.4,High
9899,1409,Webcam,1.0,2023-01-29,West,211.91,211.91,High
9900,2445,Keyboard,3.0,2024-06-15,South,129.81,389.43,High
9901,2317,Keyboard,2.0,2025-10-25,South,274.88,549.76,High
9902,2269,SSD,1.0,2023-05-20,East,448.5,448.5,High
9904,2579,Monitor,3.0,2023-04-08,North,1624.45,4873.35,High
9905,1085,Keyboard,2.0,2023-09-19,West,59.63,119.26,High
9906,3603,Monitor,3.0,2023-01-19,East,1094.61,3283.83,High
9907,2865,Phone,2.0,2023-01-12,South,2346.61,4693.22,High
9908,4446,Headphones,2.0,2024-06-20,West,444.89,889.78,High
9909,2469,Webcam,4.0,2023-09-16,North,333.79,1335.16,High
9910,1377,Webcam,3.0,2023-01-24,North,378.02,1134.06,High
9911,4461,Headphones,3.0,2025-10-28,North,487.28,1461.84,High
9912,2680,Keyboard,1.0,2023-08-16,East,72.15,72.15,Low
9913,2074,Keyboard,5.0,2024-01-11,South,107.66,538.3,High
9914,1241,Phone,1.0,2023-08-12,East,1649.99,1649.99,High
9915,4365,Mouse,4.0,2025-01-05,North,32.36,129.44,High
9916,1919,Mouse,2.0,2023-09-14,East,136.18,272.36,High
9917,2586,Mouse,4.0,2024-05-29,South,141.73,566.92,High
9918,3313,Monitor,4.0,2025-04-12,North,1544.67,6178.68,High
9919,4191,Mouse,1.0,2024-12-01,West,124.47,124.47,High
9920,3759,Headphones,2.0,2025-06-29,South,326.19,652.38,High
9921,4988,Webcam,5.0,2024-11-29,East,353.78,1768.8999999999999,High
9922,2271,Webcam,4.0,2024-03-13,North,325.55,1302.2,High
9923,1069,Monitor,5.0,2023-02-06,East,1418.54,7092.7,High
9924,4924,Phone,2.0,2023-04-16,North,878.22,1756.44,High
9925,3104,Headphones,2.0,2024-09-06,East,446.96,893.92,High
9926,2405,Webcam,1.0,2023-08-20,East,258.61,258.61,High
9927,3086,Headphones,3.0,2025-05-16,North,446.74,1340.22,High
9928,3007,Webcam,1.0,2025-11-06,North,179.65,179.65,High
9929,1800,Laptop,5.0,2025-08-17,East,4330.96,21654.8,High
9930,4514,Phone,1.0,2023-10-05,North,1510.49,1510.49,High
9931,2041,Phone,2.0,2023-05-05,West,2320.6,4641.2,High
9932,3779,SSD,4.0,2024-11-05,South,196.8,787.2,High
9933,1824,Laptop,3.0,2024-12-15,South,3453.65,10360.95,High
9934,1755,Monitor,2.0,2024-10-28,North,808.61,1617.22,High
9935,3399,Webcam,4.0,2025-07-01,North,225.11,900.44,High
9936,2995,SSD,5.0,2024-01-30,North,309.19,1545.95,High
9937,2839,Webcam,5.0,2025-02-11,North,337.1,1685.5,High
9938,2321,Webcam,5.0,2023-07-05,North,133.49,667.45,High
9939,3330,Mouse,1.0,2024-04-10,South,131.78,131.78,High
9940,2609,Mouse,5.0,2025-12-16,South,99.1,495.5,High
9941,1109,Mouse,5.0,2024-04-02,North,118.07,590.3499999999999,High
9942,2016,Mouse,1.0,2025-09-27,North,151.45,151.45,High
9943,4251,Mouse,4.0,2023-03-15,South,90.71,362.84,High
9944,2961,Laptop,2.0,2024-09-23,East,3101.16,6202.32,High
9945,3591,Phone,3.0,2025-11-03,East,930.56,2791.68,High
9946,2769,Monitor,5.0,2025-04-19,West,1327.92,6639.6,High
9947,4865,Headphones,5.0,2025-06-30,North,308.45,1542.25,High
9948,1024,Mouse,5.0,2025-03-04,North,168.09,840.45,High
9949,1842,Laptop,1.0,2023-02-18,North,3317.79,3317.79,High
9950,3838,SSD,1.0,2025-08-23,North,586.86,586.86,High
9951,1737,SSD,1.0,2023-12-25,West,227.3,227.3,High
9952,3104,Webcam,3.0,2023-08-30,South,165.46,496.38,High
9953,1179,Monitor,2.0,2025-12-12,South,1087.87,2175.74,High
9954,1231,SSD,5.0,2025-12-28,North,226.69,1133.45,High
9955,2917,Monitor,4.0,2023-02-25,West,1958.48,7833.92,High
9956,1342,Monitor,5.0,2025-05-28,East,1461.44,7307.200000000001,High
9957,1476,Laptop,5.0,2023-09-12,South,2033.6,10168.0,High
9958,2822,Headphones,5.0,2023-01-05,West,389.25,1946.25,High
9959,3623,Mouse,5.0,2025-12-11,West,162.81,814.05,High
9960,1454,Monitor,2.0,2023-11-25,North,576.95,1153.9,High
9961,2255,Laptop,4.0,2023-04-08,North,3733.77,14935.08,High
9962,1288,Webcam,1.0,2025-09-07,North,199.78,199.78,High
9963,2236,Phone,4.0,2025-09-29,East,1788.51,7154.04,High
9964,3305,Webcam,5.0,2025-02-21,North,160.83,804.1500000000001,High
9965,1529,Laptop,4.0,2024-07-30,West,3998.05,15992.2,High
9966,3734,Laptop,5.0,2023-11-23,South,4014.0,20070.0,High
9967,3976,Laptop,4.0,2023-08-31,West,3618.52,14474.08,High
9968,3276,Monitor,3.0,2024-01-02,East,1885.63,5656.89,High
9969,4297,Laptop,4.0,2025-02-12,East,4728.44,18913.76,High
9970,1595,Phone,1.0,2024-12-24,South,880.81,880.81,High
9971,4874,Monitor,1.0,2023-08-22,West,934.84,934.84,High
9972,1434,Webcam,4.0,2024-10-13,East,196.56,786.24,High
9973,1881,Phone,4.0,2023-11-29,East,893.96,3575.84,High
9974,4068,SSD,2.0,2024-05-09,South,385.64,771.28,High
9975,2781,Keyboard,4.0,2024-01-04,West,56.15,224.6,High
9976,1401,Webcam,1.0,2023-04-05,South,296.98,296.98,High
9977,3669,Laptop,3.0,2025-06-25,West,2008.07,6024.21,High
9978,4837,Mouse,1.0,2025-03-12,South,35.43,35.43,Low
9979,3135,Mouse,2.0,2023-07-27,East,171.74,343.48,High
9980,3631,Monitor,4.0,2024-08-29,West,878.91,3515.64,High
9981,4964,Mouse,3.0,2024-04-17,South,43.81,131.43,High
9982,2565,Webcam,1.0,2025-10-28,East,207.83,207.83,High
9983,4755,Monitor,3.0,2023-05-16,South,576.42,1729.2599999999998,High
9984,1308,Webcam,5.0,2024-09-01,North,320.13,1600.65,High
9985,3953,Laptop,1.0,2025-06-29,East,3482.44,3482.44,High
9986,1342,Headphones,5.0,2023-09-18,North,375.97,1879.8500000000001,High
9987,1435,Headphones,3.0,2024-04-02,South,476.51,1429.53,High
9988,1176,Phone,4.0,2023-08-20,South,2133.58,8534.32,High
9989,1138,Laptop,4.0,2023-04-11,North,2408.78,9635.12,High
9990,1193,Mouse,4.0,2023-05-27,East,77.65,310.6,High
9991,4257,Laptop,5.0,2024-12-17,North,2527.0,12635.0,High
9992,4289,Keyboard,4.0,2024-05-21,East,63.51,254.04,High
9993,4235,Headphones,2.0,2024-07-11,North,368.76,737.52,High
9995,1942,Webcam,1.0,2023-12-02,South,129.27,129.27,High
9996,1524,Webcam,3.0,2024-03-21,North,243.25,729.75,High
9997,4879,Headphones,5.0,2025-01-03,South,417.01,2085.05,High
9998,2624,Laptop,1.0,2024-03-19,North,4316.31,4316.31,High
9999,4907,Mouse,5.0,2023-04-28,South,32.97,164.85,High
10000,4113,Phone,3.0,2025-07-17,South,1694.68,5084.04,High
