order_id,customer_id,product,quantity,order_date,region,price
1,4174,Headphones,1,2023-12-30,North,269.13
2,4507,Phone,2,2023-05-27,North,1923.15
3,1860,Keyboard,3,2023-11-10,North,242.26
4,2294,Mouse,5,2024-07-01,North,90.52
5,2130,Headphones,4,2025-03-06,East,231.01
6,2095,Phone,3,2025-06-17,East,1640.39
7,4772,Webcam,2,2023-04-11,South,332.07
8,4092,Headphones,1,2023-04-17,North,422.29
9,2638,Mouse,3,2025-05-06,East,36.46
10,3169,SSD,5,2025-07-25,East,365.97
11,1466,Laptop,2,2023-10-18,South,4972.9
12,2238,Monitor,1,2024-09-08,South,1029.69
13,1330,SSD,4,2024-08-10,North,348.32
14,2482,Phone,2,2024-08-18,North,1288.59
15,3135,Keyboard,1,2025-09-03,South,174.42
16,4444,Laptop,4,2025-12-09,North,2482.76
17,4171,SSD,1,2025-05-17,South,261.16
18,3919,Phone,4,2025-08-27,East,2009.95
19,4735,Laptop,4,2024-12-22,West,2414.86
20,1130,SSD,4,2023-06-07,East,566.76
21,2685,Keyboard,1,2023-11-24,East,126.99
22,4380,Phone,4,2025-01-04,South,
23,1769,Mouse,2,2024-09-24,North,84.71
24,3391,Mouse,5,2023-11-23,South,111.27
25,2515,Keyboard,5,2024-05-22,East,275.95
26,4485,Headphones,4,2025-05-19,East,134.29
27,3853,Keyboard,5,2023-08-29,West,264.09
28,3433,Headphones,5,2024-03-10,North,378.79
29,2215,Phone,4,2025-11-17,North,1930.62
30,1955,SSD,4,2024-12-04,East,175.15
31,3324,Headphones,2,2024-08-11,East,480.7
32,2184,Phone,3,2024-02-17,North,1017.22
33,1459,Phone,1,2024-07-22,East,2440.2
34,4385,Webcam,4,2025-09-15,South,335.77
35,1021,Monitor,4,2025-12-07,East,1239.3
36,3300,Phone,5,2024-04-28,North,2371.08
37,1747,Headphones,2,2024-10-29,East,184.54
38,3904,Monitor,5,2023-05-31,East,1987.5
39,4632,Monitor,4,2023-08-13,West,1575.23
40,1474,Phone,4,2023-09-13,West,967.24
41,2082,Keyboard,5,2023-03-02,East,184.15
42,3558,Keyboard,4,2024-01-31,South,227.72
43,4753,Mouse,3,2024-01-15,South,134.21
44,3047,Monitor,1,2023-12-15,North,1135.92
45,4547,Phone,1,2023-01-31,North,1221.84
46,3747,Webcam,1,2023-03-12,North,156.23
47,1975,Keyboard,3,2024-02-01,East,281.74
48,2806,Webcam,4,2023-01-02,South,155.12
49,1189,Phone,5,2025-07-17,North,2436.09
50,4005,Phone,2,2024-07-15,East,1157.38
51,3734,SSD,4,2023-05-26,East,322.93
52,4005,Monitor,3,2023-06-28,East,518.49
53,1562,SSD,3,2023-09-21,East,556.41
54,2899,Webcam,1,2023-07-23,North,113.39
55,4638,SSD,4,2024-11-29,North,310.8
56,2267,Mouse,1,2025-11-19,West,173.23
57,3879,Monitor,2,2023-02-28,North,1687.85
58,2528,Laptop,1,2025-10-29,East,4524.5
59,4202,SSD,2,2025-09-14,South,561.35
60,4556,Webcam,3,2023-06-16,West,371.54
61,4890,Keyboard,1,2025-06-25,East,242.62
62,1646,Keyboard,1,2025-06-16,East,195.61
63,3068,Keyboard,5,2025-03-01,South,190.39
64,3888,Headphones,3,2023-08-30,West,106.46
65,3214,Phone,5,2025-06-26,East,2028.37
66,2297,Monitor,2,2025-02-15,North,840.02
67,3435,Keyboard,2,2023-07-18,East,257.17
68,1600,Laptop,3,2025-11-22,South,3661.41
69,3363,Keyboard,2,2024-02-12,North,296.81
70,3061,Mouse,3,2023-08-09,South,65.75
71,1241,Phone,2,2025-12-28,East,2029.89
72,3041,Webcam,4,2025-04-19,East,255.21
73,3824,Phone,1,2025-02-26,East,
74,4417,SSD,4,2024-07-07,East,269.7
75,3612,Webcam,3,2024-07-31,East,99.02
76,3945,Webcam,3,2024-06-16,South,254.04
77,2363,SSD,4,2023-12-01,South,384.73
78,3139,Monitor,1,2025-10-17,North,967.56
79,2390,SSD,1,2023-09-03,North,593.94
80,4003,Headphones,5,2024-09-02,West,134.86
81,2478,Webcam,2,2023-11-25,West,262.25
82,4499,Webcam,5,2024-06-30,North,163.27
83,3556,SSD,1,2023-12-05,South,150.86
84,1775,Monitor,4,2025-09-20,West,1981.77
85,1034,Keyboard,2,2025-03-17,North,170.4
86,3253,Mouse,4,2025-10-30,East,175.72
87,4152,Laptop,5,2024-11-23,North,4520.2
88,2955,Monitor,3,2024-03-05,East,1718.42
89,2585,Headphones,4,2025-12-25,West,329.51
90,4943,Monitor,5,2025-03-16,West,1843.89
91,4459,Phone,5,2024-09-03,East,1424.36
92,4073,Keyboard,5,2023-02-04,East,152.1
93,2021,Keyboard,3,2024-07-10,East,113.93
94,4461,Webcam,3,2024-05-05,North,223.39
95,3613,Keyboard,3,2023-09-11,North,296.63
96,2129,Keyboard,2,2023-01-17,West,193.31
97,4843,SSD,3,2023-09-18,North,523.99
98,4893,Keyboard,3,2024-12-28,South,115.84
99,2500,Keyboard,3,2024-05-15,East,288.98
100,1702,Laptop,4,2025-10-12,West,2039.52
101,3449,Headphones,3,2023-10-13,East,565.12
102,3777,Webcam,2,2023-01-07,East,367.36
103,2579,SSD,5,2024-10-20,East,180.31
104,1161,Keyboard,4,2025-07-25,East,201.21
105,1201,Webcam,1,2023-02-21,East,331.28
106,2981,Headphones,3,2023-08-31,West,301.9
107,1995,SSD,5,2024-06-01,East,191.34
108,3317,Mouse,5,2025-08-27,South,171.0
109,4934,Keyboard,4,2023-04-19,West,166.62
110,1815,Webcam,1,2025-07-09,East,164.24
111,4342,Monitor,2,2023-03-07,North,606.28
112,1455,SSD,5,2025-10-30,North,438.08
113,4533,SSD,5,2023-07-21,West,169.04
114,4798,Webcam,5,2025-06-19,South,333.15
115,2275,Keyboard,5,2023-08-02,East,242.69
116,2016,Phone,4,2023-03-09,South,1349.0
117,4773,Laptop,1,2025-01-28,South,3416.86
118,3343,Monitor,5,2025-05-15,East,1503.83
119,4796,Monitor,2,2023-11-23,South,
120,3767,Phone,2,2025-12-09,South,1684.26
121,4820,Keyboard,3,2025-11-06,North,299.17
122,1337,SSD,5,2024-06-06,West,296.3
123,1878,SSD,5,2025-09-14,West,386.92
124,2076,Laptop,5,2025-09-30,East,2346.85
125,1791,Monitor,5,2024-05-18,East,1334.66
126,4993,Laptop,5,2025-01-25,East,3608.94
127,3264,Monitor,2,2024-04-17,West,1773.22
128,1763,Keyboard,1,2025-05-07,East,299.14
129,3235,Mouse,1,2024-06-24,West,197.65
130,1379,Monitor,3,2025-05-18,South,854.45
131,1492,Mouse,2,2025-05-27,South,87.54
132,4112,Monitor,5,2025-07-28,East,911.99
133,2180,SSD,1,2025-05-26,South,239.86
134,3062,Headphones,4,2025-03-07,South,175.07
135,4884,Keyboard,4,2024-04-16,East,177.94
136,1064,Phone,4,2025-04-17,South,2283.25
137,4928,Mouse,5,2023-03-25,East,130.28
138,4910,Phone,5,2024-01-12,North,2283.53
139,3568,Keyboard,3,2023-07-23,East,289.87
140,2367,Webcam,3,2025-10-05,North,202.61
141,2152,Phone,3,2024-05-18,West,2220.64
142,3027,Keyboard,4,2024-06-22,South,63.08
143,3695,SSD,5,2023-01-17,East,366.48
144,2495,Phone,4,2024-07-28,East,
145,4134,Mouse,3,2024-07-29,North,64.82
146,2162,Headphones,5,2025-10-11,East,319.2
147,2522,Phone,2,2025-11-28,West,1554.29
148,3640,Mouse,1,2023-05-10,North,167.45
149,1391,Monitor,1,2023-04-25,South,1803.38
150,2698,Keyboard,3,2025-08-07,South,214.24
151,1418,Laptop,4,2025-12-04,North,3900.16
152,3336,Webcam,2,2023-08-04,West,115.26
153,1378,SSD,5,2025-04-27,South,408.87
154,2796,Laptop,4,2024-11-19,East,2823.33
155,4561,SSD,3,2025-09-29,North,282.64
156,3278,Keyboard,4,2023-09-22,North,73.69
157,4065,SSD,3,2024-09-08,North,436.14
158,3088,Headphones,1,2023-10-28,South,391.9
159,4099,Phone,1,2025-09-11,East,1174.46
160,3182,Headphones,4,2024-02-10,North,231.52
161,1200,Laptop,2,2023-06-10,West,4319.0
162,2863,Webcam,5,2023-01-26,East,333.74
163,1779,Mouse,3,2023-03-24,North,113.82
164,3977,Webcam,5,2023-06-22,North,127.68
165,4104,Keyboard,-1,2025-09-25,North,63.9
166,4119,Keyboard,2,2025-03-04,North,117.87
167,1502,Headphones,2,2025-12-29,South,465.59
168,3454,Mouse,5,2025-04-14,West,132.14
169,4645,Headphones,1,2023-01-06,West,459.05
170,2751,Phone,5,2025-03-06,West,1601.97
171,1804,Monitor,4,2024-06-08,South,1632.06
172,3146,Mouse,2,2023-03-04,South,111.74
173,3731,Monitor,2,2025-11-02,West,626.02
174,2895,Webcam,4,2025-01-30,East,105.55
175,3773,Phone,1,2023-07-24,South,2213.55
176,2570,SSD,2,2025-06-15,South,433.33
177,1960,SSD,3,2023-02-09,South,275.61
178,4810,Monitor,3,2025-11-20,East,1635.76
179,3660,Laptop,1,2025-05-26,West,2407.21
180,2485,Webcam,4,2025-04-04,North,286.48
181,3690,Monitor,5,2025-06-27,North,1984.23
182,4840,Phone,1,2024-02-02,South,1055.03
183,2028,Monitor,5,2024-09-25,North,712.92
184,4289,Keyboard,1,2025-04-18,East,166.96
185,1502,Headphones,3,2024-08-22,East,421.33
186,3814,Laptop,4,2024-09-16,South,2079.64
187,1397,Keyboard,3,2025-07-26,East,174.92
188,1870,Keyboard,4,2025-06-02,South,70.79
189,3842,Phone,5,2024-02-29,East,1210.25
190,1392,Headphones,1,2024-01-22,East,456.2
191,1206,Headphones,2,2025-09-30,North,469.43
192,2038,Mouse,2,2025-05-07,East,154.05
193,2881,Webcam,4,2024-09-14,South,100.85
194,4625,Laptop,4,2023-03-31,South,4360.29
195,3939,Webcam,3,2024-01-20,North,218.31
196,2484,Phone,2,2025-09-23,South,
197,4762,Laptop,3,2024-10-08,East,3259.07
198,4646,Mouse,5,2024-02-26,North,175.69
199,1863,Monitor,2,2025-05-23,East,1519.96
200,3790,Keyboard,5,2023-02-22,West,175.01
201,4312,Laptop,1,2025-09-12,South,4502.86
202,1563,Webcam,3,2025-10-10,North,337.72
203,2020,Keyboard,4,2024-11-15,North,51.26
204,1095,Phone,2,2023-06-28,North,1614.1
205,2923,Webcam,3,2023-10-20,North,93.52
206,2757,Monitor,4,2024-01-10,East,960.78
207,3532,Phone,-1,2025-12-18,North,2166.52
208,4478,SSD,2,2025-12-13,East,574.82
209,3278,Monitor,5,2025-03-06,North,863.1
210,3796,Monitor,1,2023-01-16,North,532.14
211,2678,Keyboard,4,2023-06-25,North,150.58
212,4242,Phone,2,2023-05-09,North,1369.7
213,1540,Phone,2,2025-06-02,North,1950.84
214,2059,Laptop,1,2024-03-01,East,3485.17
215,3572,Webcam,2,2023-12-20,East,207.63
216,2183,SSD,4,2025-01-19,North,253.3
217,4910,Phone,1,2025-01-13,East,2208.42
218,2722,Laptop,5,2025-10-23,North,2745.17
219,4314,SSD,1,2024-04-23,North,174.63
220,4157,Headphones,1,2025-09-02,West,382.31
221,2819,Headphones,5,2023-02-13,West,258.67
222,3625,SSD,4,2023-06-04,West,470.6
223,3729,Headphones,3,2025-08-04,North,140.44
224,3604,Mouse,3,2025-07-16,West,194.27
225,2597,Phone,5,2023-04-09,East,1117.66
226,4060,Mouse,4,2023-06-20,East,90.7
227,3693,Webcam,2,2023-05-28,West,233.91
228,1795,Phone,5,2023-05-03,West,2313.2
229,2051,Laptop,3,2023-04-22,East,4167.62
230,2643,Mouse,4,2025-10-19,West,54.62
231,4627,Mouse,1,2025-10-08,South,104.56
232,2363,Webcam,4,2023-03-09,East,253.73
233,4869,Mouse,4,2025-04-07,North,149.36
234,2981,Monitor,3,2025-06-10,West,1357.72
235,2354,Laptop,3,2025-10-25,East,3372.0
236,2663,Headphones,2,2023-08-18,West,482.77
237,2529,Laptop,2,2023-06-09,South,3134.17
238,3038,Monitor,5,2023-07-05,East,1980.76
239,4419,Webcam,1,2025-10-10,South,383.29
240,2496,Webcam,2,2025-05-26,East,306.36
241,4302,Phone,3,2024-07-05,East,2300.44
242,3237,Laptop,4,2023-05-27,North,3179.53
243,4296,SSD,5,2024-03-11,South,411.66
244,2408,SSD,2,2025-01-01,East,272.69
245,2400,Webcam,4,2023-03-01,South,363.4
246,2306,Mouse,4,2025-04-22,South,110.07
247,3680,Webcam,2,2024-02-08,North,251.57
248,3675,Webcam,1,2025-05-30,North,356.66
249,1972,Webcam,1,2024-09-06,West,335.13
250,2768,Webcam,5,2023-12-02,West,182.96
251,2282,SSD,1,2025-04-10,East,189.34
252,4430,SSD,5,2023-10-12,North,222.94
253,1709,Headphones,3,2023-05-09,East,269.55
254,2479,Headphones,2,2023-11-11,East,252.65
255,2434,Phone,4,2025-08-17,East,865.13
256,1648,Webcam,5,2023-03-12,South,218.26
257,1317,SSD,1,2023-12-11,North,197.63
258,4748,Laptop,5,2023-06-25,East,2662.67
259,4296,Monitor,5,2025-06-02,South,1681.22
260,4890,Phone,1,2023-05-23,West,1641.3
261,2257,SSD,1,2025-07-19,East,317.83
262,1683,Laptop,2,2025-11-12,South,2556.31
263,1663,Webcam,4,2023-06-30,East,357.21
264,2998,Keyboard,2,2025-12-04,South,275.92
265,4898,Webcam,2,2023-04-02,North,245.98
266,4445,Headphones,1,2023-02-03,South,560.64
267,4743,Monitor,1,2024-11-08,North,1197.18
268,2631,SSD,4,2025-01-28,North,198.26
269,2495,SSD,5,2024-01-17,North,157.67
270,4304,Mouse,2,2025-08-23,North,51.82
271,4763,Monitor,4,2024-01-22,North,1433.98
272,2136,Mouse,2,2024-06-18,East,84.55
273,2853,Monitor,5,2023-07-19,North,1472.46
274,2520,Headphones,2,2023-10-02,South,353.99
275,3489,Mouse,3,2024-05-15,South,86.61
276,1563,Laptop,4,2024-04-03,North,2656.04
277,2291,Mouse,1,2023-02-19,West,43.78
278,4581,Phone,2,2025-08-27,East,2130.06
279,4878,Laptop,4,2025-09-14,West,4457.01
280,4457,Phone,4,2024-06-15,South,1720.47
281,4458,Webcam,2,2025-09-30,East,130.27
282,4184,Monitor,1,2024-09-19,West,895.29
283,2636,Laptop,1,2023-12-05,South,4865.44
284,4696,Monitor,2,2025-12-12,East,838.91
285,3999,Webcam,4,2023-01-04,East,98.18
286,4152,Keyboard,1,2023-10-08,West,187.51
287,1698,SSD,2,2023-03-14,North,267.86
288,3160,Monitor,2,2025-02-06,East,1936.15
289,1001,Webcam,2,2025-08-28,North,263.93
290,1641,Monitor,4,2025-09-24,West,1948.72
291,3267,Webcam,1,2023-07-27,East,331.38
292,2589,Phone,4,2023-09-17,West,2029.24
293,1854,Webcam,3,2025-07-18,West,345.72
294,2759,Mouse,1,2023-09-20,East,132.83
295,4296,Keyboard,4,2025-02-21,East,52.78
296,3432,Monitor,1,2024-05-19,East,1088.7
297,4474,Webcam,3,2023-07-22,South,150.09
298,2661,Webcam,5,2023-02-21,South,218.98
299,2153,Monitor,2,2023-12-29,North,1205.82
300,2076,SSD,4,2023-02-14,South,207.52
301,2707,Keyboard,3,2025-04-06,West,55.86
302,3777,Keyboard,3,2025-02-27,North,84.55
303,2695,Webcam,1,2025-02-09,East,354.38
304,2733,Laptop,1,2023-05-22,North,4267.56
305,2439,Phone,2,2025-03-07,South,2158.12
306,3294,Keyboard,1,2023-02-06,North,119.08
307,1835,Keyboard,4,2023-02-14,South,109.02
308,4510,Headphones,4,2025-07-08,North,118.69
309,1202,Mouse,-1,2025-12-05,East,110.29
310,4255,Keyboard,5,2024-07-18,East,145.6
311,1122,Phone,4,2023-10-28,East,2221.01
312,1400,Mouse,1,2023-10-15,East,145.92
313,1766,Mouse,1,2025-02-24,West,54.53
314,1293,Monitor,4,2023-09-26,East,1980.73
315,3327,Monitor,3,2025-03-01,North,1655.96
316,4908,Monitor,3,2025-12-21,North,1580.36
317,3931,Monitor,3,2024-08-03,North,824.92
318,4681,Headphones,2,2025-07-24,South,552.58
319,1197,Keyboard,5,2023-12-20,East,168.48
320,4029,Monitor,4,2025-08-25,West,946.48
321,2930,Webcam,2,2023-03-12,East,289.55
322,4582,Laptop,3,2025-04-14,East,2635.26
323,3799,Monitor,4,2024-02-17,North,1861.35
324,3191,Keyboard,2,2024-09-03,North,263.59
325,1608,Monitor,1,2025-12-20,West,1197.37
326,4272,Headphones,3,2024-09-06,North,195.33
327,2147,Phone,2,2024-06-12,West,1644.06
328,1186,Phone,1,2023-07-10,North,1053.53
329,4397,Keyboard,3,2023-03-19,West,117.46
330,3511,Webcam,5,2025-06-07,East,234.47
331,4420,Phone,3,2025-08-06,East,835.94
332,2794,SSD,5,2023-01-17,West,494.58
333,1659,Phone,5,2025-03-25,South,1134.76
334,3811,Laptop,5,2024-03-09,North,4599.83
335,4002,Keyboard,4,2025-12-02,North,55.56
336,2955,Webcam,4,2025-12-27,North,250.28
337,3450,Keyboard,5,2023-07-31,South,244.16
338,2369,Phone,1,2023-07-22,West,1204.51
339,2986,Phone,5,2024-12-26,North,2002.84
340,2534,Phone,2,2023-04-19,West,2025.48
341,1146,Mouse,5,2025-08-25,West,138.43
342,4219,Headphones,4,2023-10-11,East,282.13
343,3911,Monitor,4,2025-07-29,West,1677.6
344,2734,SSD,2,2025-01-06,East,432.8
345,2843,Headphones,2,2025-07-20,East,395.19
346,1488,Keyboard,3,2024-08-25,East,254.79
347,3976,SSD,1,2024-05-05,East,260.09
348,2959,Laptop,1,2023-01-19,North,2697.46
349,2663,Monitor,1,2025-03-11,North,1079.67
350,3598,Laptop,4,2025-01-29,East,2219.4
351,3385,Webcam,1,2025-07-17,North,187.97
352,3919,Mouse,3,2023-10-25,West,99.07
353,1640,Keyboard,3,2024-12-05,East,173.76
354,2802,Mouse,1,2025-03-25,South,73.18
355,3520,Keyboard,2,2025-03-13,North,276.71
356,2969,Laptop,3,2024-01-08,South,2855.24
357,3198,Laptop,2,2025-07-16,South,4554.65
358,2438,Laptop,4,2025-08-08,North,3334.86
359,4369,Keyboard,3,2025-04-23,West,229.54
360,2634,Phone,2,2025-08-04,North,988.53
361,1262,Laptop,1,2024-03-18,East,3633.91
362,2787,Mouse,4,2023-05-22,North,193.34
363,3191,Webcam,5,2024-02-06,West,293.2
364,3393,Monitor,5,2025-04-02,East,1730.43
365,1623,Keyboard,1,2023-08-10,East,115.27
366,2016,SSD,4,2025-01-06,East,510.08
367,4643,Mouse,4,2025-09-20,East,89.71
368,1880,Headphones,4,2023-04-23,North,342.54
369,3049,Webcam,4,2025-12-29,South,140.15
370,3944,Headphones,5,2024-08-20,North,342.85
371,2327,Monitor,2,2025-06-22,South,1273.55
372,3301,Phone,4,2024-04-29,South,1857.96
373,4723,Laptop,2,2024-07-04,West,4605.9
374,1452,Keyboard,4,2025-10-30,North,126.21
375,4108,Mouse,3,2023-01-03,North,
376,2183,SSD,3,2024-10-23,West,531.46
377,4062,Laptop,3,2023-03-08,West,3208.77
378,3056,Mouse,4,2024-12-05,West,68.53
379,4304,Keyboard,2,2023-04-08,East,67.87
380,4170,Headphones,5,2025-12-16,North,217.18
381,2682,Laptop,1,2023-03-29,West,4653.57
382,3863,Monitor,5,2025-08-29,North,938.05
383,3255,Phone,4,2024-10-14,North,1034.57
384,2154,Monitor,3,2024-10-17,North,534.01
385,1403,Phone,3,2025-06-30,East,1306.06
386,3199,Webcam,2,2024-01-06,North,149.17
387,3101,Mouse,4,2024-01-10,East,47.37
388,4191,Laptop,5,2023-02-21,North,4853.26
389,2696,Laptop,4,2023-02-10,North,2802.87
390,4991,Webcam,4,2025-03-26,South,81.98
391,1627,Phone,3,2023-04-01,South,
392,1586,Headphones,5,2023-02-08,West,389.26
393,2648,Keyboard,1,2025-11-02,West,70.7
394,2443,Monitor,3,2025-06-18,North,547.13
395,2445,Webcam,5,2024-09-12,West,114.51
396,1103,SSD,2,2023-04-14,East,416.17
397,4923,SSD,3,2025-01-12,South,177.84
398,1253,Mouse,2,2023-02-12,East,126.58
399,4298,Webcam,3,2023-07-28,West,288.81
400,4183,Monitor,4,2024-08-22,North,721.37
401,3557,Monitor,5,2024-08-27,North,1232.65
402,2496,Mouse,2,2024-04-20,South,193.86
403,1098,Mouse,3,2023-04-19,North,172.2
404,3200,Laptop,2,2023-08-02,South,
405,2884,Monitor,3,2024-02-13,East,1276.6
406,3961,Keyboard,3,2025-02-09,West,148.57
407,2919,SSD,1,2024-09-24,South,353.15
408,1877,Keyboard,1,2023-03-18,North,241.15
409,1337,Phone,1,2023-04-05,East,1742.31
410,4777,Webcam,2,2023-09-26,South,324.69
411,3869,Mouse,4,2023-12-27,West,194.88
412,4234,Laptop,3,2024-06-13,West,3921.54
413,4791,Keyboard,5,2024-11-13,West,200.78
414,1956,Headphones,1,2023-06-11,East,303.08
415,2704,SSD,2,2024-04-09,South,238.54
416,1160,Laptop,2,2025-04-02,North,3122.6
417,2603,Laptop,2,2024-07-01,East,3560.29
418,3848,Keyboard,5,2023-02-21,West,58.71
419,1397,Headphones,5,2024-05-02,North,337.9
420,2300,Phone,1,2023-04-02,North,2265.65
421,1815,Keyboard,5,2024-10-12,West,294.16
422,4987,Headphones,1,2023-12-23,North,527.77
423,2527,Laptop,5,2024-12-19,North,2515.95
424,2919,SSD,5,2023-07-18,West,219.76
425,2415,Headphones,5,2025-03-25,North,296.66
426,2158,Laptop,1,2023-08-05,North,2676.29
427,2218,Webcam,3,2024-07-09,East,296.32
428,1400,Keyboard,1,2025-03-13,East,71.14
429,1639,Mouse,3,2024-12-01,South,105.43
430,4104,Keyboard,2,2024-05-17,South,120.09
431,3735,Webcam,2,2024-04-13,East,270.53
432,1459,Monitor,1,2024-01-01,East,1695.6
433,1954,Monitor,3,2024-09-15,North,1885.34
434,4954,Monitor,3,2025-07-08,North,1945.78
435,1469,Keyboard,3,2024-07-14,East,137.8
436,4446,Phone,2,2025-04-02,East,2254.94
437,2045,Keyboard,1,2025-08-24,East,197.99
438,3797,SSD,4,2024-10-24,East,461.51
439,2693,Webcam,3,2025-01-20,East,352.36
440,3085,SSD,3,2024-01-18,North,208.55
441,3277,Webcam,4,2023-11-05,West,383.17
442,4436,Mouse,1,2023-06-25,West,123.06
443,1562,Headphones,3,2023-08-16,East,268.0
444,3485,Keyboard,1,2023-12-13,North,134.68
445,2799,Keyboard,3,2025-10-17,East,237.75
446,4354,Laptop,5,2023-12-16,East,4035.98
447,3074,Webcam,3,2024-03-30,North,313.43
448,1225,Laptop,5,2024-03-16,East,
449,4348,Laptop,1,2025-01-30,East,2510.59
450,1797,Keyboard,3,2024-05-29,West,230.46
451,4680,Phone,2,2023-10-15,North,1307.42
452,3331,Headphones,2,2023-01-08,North,211.22
453,3926,Headphones,4,2023-03-28,East,207.3
454,1959,SSD,2,2025-09-24,West,216.78
455,2504,Webcam,5,2023-10-13,East,
456,1452,Mouse,2,2023-03-15,East,74.36
457,4067,Webcam,2,2025-03-16,North,366.04
458,4900,Phone,2,2023-06-07,East,1971.54
459,1815,Phone,3,2024-03-05,West,2064.57
460,1658,Headphones,4,2025-04-25,East,301.81
461,4587,Monitor,1,2023-02-05,West,1400.31
462,1546,Laptop,4,2025-10-17,East,3502.39
463,2215,Laptop,5,2025-08-31,West,2502.35
464,4120,Headphones,3,2025-10-14,North,123.93
465,4583,Webcam,3,2024-12-13,North,298.73
466,1016,Phone,2,2025-12-05,North,1005.99
467,4243,Webcam,2,2024-05-02,South,98.35
468,2243,Mouse,5,2024-09-10,South,105.12
469,3205,Monitor,3,2023-06-19,East,1607.04
470,3524,Headphones,1,2023-05-26,West,484.43
471,2069,Laptop,4,2025-05-17,East,4620.41
472,4444,Keyboard,3,2024-02-24,North,99.8
473,3565,Webcam,1,2024-07-26,West,395.4
474,3146,Phone,1,2025-10-23,East,2097.46
475,4963,Keyboard,4,2025-03-09,East,89.3
476,2768,Mouse,1,2023-11-17,West,172.92
477,2060,Headphones,5,2023-09-03,West,349.48
478,3327,Webcam,1,2024-04-21,East,101.29
479,4420,Laptop,5,2025-02-21,West,2396.13
480,3544,Webcam,1,2024-06-16,East,218.85
481,1301,Monitor,2,2023-08-25,South,1295.76
482,1180,SSD,1,2025-09-01,East,576.37
483,1606,Keyboard,5,2024-11-09,South,103.93
484,4170,Monitor,1,2024-08-01,South,1211.16
485,1699,Mouse,1,2023-05-10,East,68.4
486,1992,Laptop,1,2023-01-11,North,3675.2
487,2139,Keyboard,5,2023-09-14,East,277.33
488,1190,Mouse,1,2025-03-26,East,126.52
489,3300,Monitor,4,2024-01-04,West,1265.11
490,1980,Monitor,4,2025-08-01,South,
491,3975,SSD,5,2025-05-31,West,216.43
492,3006,Keyboard,2,2023-01-19,West,276.4
493,2184,Laptop,4,2023-04-20,East,3732.9
494,4327,Monitor,3,2024-05-19,East,1529.46
495,4394,Headphones,4,2025-11-23,South,509.48
496,1127,SSD,3,2025-09-29,West,435.77
497,3065,Mouse,5,2023-09-12,East,139.0
498,2816,Keyboard,2,2024-09-29,South,232.41
499,2758,Phone,3,2023-05-14,South,888.8
500,3613,Phone,3,2024-05-13,East,1449.76
501,1569,Laptop,4,2024-02-01,North,4888.81
502,2346,Headphones,3,2024-10-08,East,228.97
503,2895,Monitor,5,2024-11-15,North,1313.38
504,3733,Phone,5,2023-01-19,East,1098.23
505,4863,Laptop,5,2025-10-07,East,2969.82
506,1625,Mouse,4,2023-04-29,West,151.9
507,4359,SSD,2,2023-10-29,East,439.39
508,3901,Headphones,4,2023-08-15,East,307.16
509,2686,Headphones,5,2023-12-22,West,569.04
510,4009,Webcam,4,2024-12-01,East,328.01
511,4710,Laptop,5,2024-05-01,West,2803.77
512,1154,Laptop,1,2023-08-11,North,3396.34
513,3537,Webcam,1,2025-09-21,West,360.97
514,2409,SSD,3,2024-05-14,North,160.11
515,1784,Monitor,2,2025-11-11,West,1372.2
516,4175,Laptop,1,2023-12-31,South,2695.88
517,4464,Webcam,5,2025-12-03,North,100.42
518,4882,Monitor,4,2024-06-02,North,1869.29
519,1245,SSD,4,2024-06-12,North,517.33
520,4247,Monitor,3,2023-07-05,South,777.94
521,4110,Keyboard,4,2025-03-08,East,259.24
522,2500,Headphones,1,2025-09-08,West,173.21
523,2705,Mouse,4,2023-12-14,South,110.95
524,3806,Headphones,1,2025-07-10,North,462.89
525,1537,Headphones,1,2025-07-09,East,366.9
526,2890,Keyboard,2,2025-08-14,North,262.7
527,2841,Monitor,3,2023-12-27,West,1425.32
528,1920,Monitor,5,2023-07-01,South,1147.93
529,3455,Laptop,1,2023-04-07,East,4775.49
530,1524,Keyboard,3,2024-07-16,North,59.07
531,3875,Laptop,5,2023-11-10,North,3465.2
532,2529,Keyboard,4,2025-08-12,East,215.2
533,3950,Laptop,3,2023-01-21,South,4508.18
534,4896,Phone,3,2025-03-15,West,1719.97
535,1035,Webcam,3,2024-07-29,East,363.37
536,1684,Headphones,4,2024-02-07,West,313.14
537,1019,Headphones,4,2024-09-04,West,258.56
538,3368,SSD,3,2025-08-27,North,588.22
539,4847,Mouse,2,2024-11-23,West,143.42
540,3559,Webcam,1,2025-08-16,North,216.25
541,1399,Monitor,4,2025-05-21,East,1817.28
542,3701,Mouse,2,2025-04-19,East,146.12
543,1971,Phone,4,2023-04-13,South,1884.49
544,2906,SSD,3,2023-11-29,North,477.84
545,3518,Mouse,2,2025-01-22,East,155.51
546,2166,SSD,5,2023-05-14,West,371.84
547,2115,Headphones,1,2024-02-29,West,309.65
548,4425,Monitor,1,2025-07-25,East,1863.92
549,1833,Phone,4,2024-05-19,North,1645.32
550,2823,Headphones,1,2025-05-20,West,207.91
551,3774,Webcam,5,2023-07-09,West,246.91
552,2982,Laptop,2,2024-09-03,South,2103.27
553,1853,Keyboard,2,2023-02-21,North,230.83
554,1050,Phone,3,2024-09-03,West,1015.87
555,4736,Monitor,2,2024-01-09,West,667.59
556,4769,SSD,4,2024-01-10,North,575.86
557,1574,Mouse,5,2024-01-24,West,161.33
558,4261,Webcam,3,2024-11-04,East,212.55
559,2148,Mouse,4,2025-03-14,West,70.73
560,3197,Phone,-1,2024-02-08,South,2233.93
561,3361,Webcam,4,2024-08-15,East,389.95
562,3617,Monitor,1,2025-01-01,North,1262.53
563,4413,Phone,4,2024-05-19,West,1786.13
564,3352,Monitor,1,2023-03-24,South,864.58
565,2715,Mouse,2,2023-11-15,West,
566,1681,Headphones,1,2025-12-26,North,300.3
567,1837,Webcam,4,2024-02-18,East,350.59
568,4854,Laptop,5,2024-03-28,South,3131.34
569,2077,Headphones,5,2025-01-15,North,424.39
570,4050,Laptop,2,2023-07-17,North,2610.4
571,3491,Mouse,4,2023-09-16,North,45.41
572,3660,SSD,1,2023-10-25,East,168.16
573,4040,Webcam,5,2023-10-27,South,213.01
574,3311,Headphones,3,2023-05-09,North,181.76
575,4124,Headphones,4,2024-05-12,North,596.74
576,2595,Phone,4,2024-03-13,East,2157.25
577,4051,Keyboard,3,2023-07-26,North,223.34
578,4691,Mouse,5,2023-10-21,South,166.56
579,1004,Monitor,3,2023-01-29,East,894.12
580,2126,Mouse,2,2023-06-28,East,179.47
581,2219,Monitor,1,2023-02-10,East,1993.45
582,1773,Webcam,1,2023-12-10,South,172.75
583,1876,Monitor,5,2025-03-26,North,1976.97
584,1991,SSD,3,2025-01-06,West,294.18
585,3931,Laptop,4,2024-09-17,West,2035.17
586,4421,Monitor,4,2023-10-05,East,1050.82
587,1046,Monitor,4,2024-06-12,South,1996.27
588,3914,Phone,2,2023-03-27,East,1879.76
589,3870,Headphones,2,2023-11-13,West,447.74
590,3983,Mouse,4,2024-11-23,East,70.52
591,4891,Mouse,5,2025-05-12,West,54.81
592,3703,Webcam,2,2023-11-11,South,363.36
593,1268,Webcam,2,2023-08-13,East,212.29
594,1369,SSD,1,2025-12-13,East,151.85
595,1635,Monitor,1,2023-03-09,East,941.37
596,2129,Keyboard,5,2025-10-17,East,98.93
597,2693,Mouse,2,2025-05-05,East,132.64
598,2682,Webcam,2,2025-12-31,West,321.96
599,1656,Monitor,3,2025-06-01,West,1246.25
600,1119,Webcam,5,2025-08-28,North,139.49
601,1830,SSD,5,2023-07-19,East,176.08
602,2810,Laptop,3,2023-11-28,West,2940.6
603,4675,Laptop,3,2024-06-30,North,4417.89
604,2081,Webcam,1,2023-03-07,South,214.24
605,2974,Laptop,5,2024-12-31,North,2756.75
606,2369,Webcam,5,2024-07-21,North,86.63
607,1740,Monitor,3,2024-10-18,West,1244.09
608,4545,Phone,4,2024-02-08,South,1964.2
609,1116,Keyboard,4,2024-09-09,East,97.58
610,2853,Monitor,1,2024-08-18,North,1305.78
611,3838,Phone,4,2024-10-09,North,1515.26
612,2150,Phone,4,2023-05-26,West,1996.71
613,4464,Mouse,4,2025-01-30,East,176.3
614,2931,Monitor,2,2023-05-05,North,960.57
615,2012,Monitor,1,2024-04-24,West,1857.16
616,2664,Webcam,3,2025-09-28,South,306.22
617,2081,Phone,4,2024-12-12,South,863.18
618,1633,Phone,2,2024-12-15,East,2145.11
619,1512,Phone,4,2025-03-25,North,1640.87
620,4822,Webcam,2,2025-11-19,East,382.55
621,3849,Mouse,1,2023-02-25,East,85.02
622,2119,Monitor,4,2023-05-12,North,1386.82
623,4709,Phone,2,2023-08-19,East,2425.45
624,2141,Laptop,5,2024-01-30,South,2813.48
625,1559,Monitor,5,2025-09-08,East,1207.93
626,4672,Webcam,2,2025-08-20,North,320.8
627,1487,Mouse,4,2025-07-21,West,147.49
628,4308,Laptop,4,2025-06-26,West,4516.11
629,4956,Webcam,1,2024-06-16,North,246.33
630,1896,Headphones,1,2025-08-22,West,259.46
631,4343,Monitor,3,2024-03-23,East,1302.63
632,2212,Headphones,1,2023-05-06,East,274.98
633,1703,Webcam,4,2024-07-08,West,136.46
634,2470,Webcam,3,2024-11-24,North,257.59
635,1580,Webcam,1,2024-05-03,North,95.48
636,3837,Phone,2,2024-09-03,North,862.18
637,3908,Mouse,5,2025-06-09,South,40.98
638,3294,Phone,1,2024-03-21,South,1943.44
639,4147,Mouse,1,2024-05-22,East,99.19
640,1153,Keyboard,2,2024-04-01,North,173.53
641,2679,Phone,4,2025-09-12,East,1383.78
642,4506,Headphones,2,2024-01-20,North,226.82
643,1996,Mouse,1,2024-12-12,South,90.91
644,4157,Phone,4,2025-07-17,North,
645,3744,Monitor,3,2024-03-27,East,1518.14
646,4356,Webcam,1,2024-10-15,West,112.56
647,2243,Mouse,2,2024-06-04,North,117.87
648,2092,Mouse,3,2024-06-21,East,111.06
649,4118,Phone,5,2023-05-25,West,1313.27
650,2008,Keyboard,3,2025-12-27,West,75.57
651,3141,Phone,2,2024-11-30,East,1995.71
652,2773,SSD,3,2023-05-11,South,406.29
653,1957,Headphones,2,2025-01-02,South,504.74
654,4059,Headphones,1,2024-05-27,South,217.76
655,1452,Mouse,4,2024-10-01,East,164.57
656,2227,Mouse,5,2023-01-01,South,79.63
657,3959,Phone,4,2024-03-07,East,991.4
658,3265,Headphones,4,2024-01-26,North,167.46
659,3521,Headphones,4,2024-02-03,North,210.53
660,3479,Keyboard,2,2025-03-18,West,220.61
661,3388,Monitor,2,2024-01-30,West,865.94
662,1550,Keyboard,5,2025-08-09,East,200.97
663,2635,SSD,2,2023-06-23,North,265.44
664,2312,Laptop,2,2025-12-04,West,3095.67
665,4325,Webcam,2,2025-05-04,North,364.71
666,2757,Keyboard,2,2024-06-22,East,175.09
667,1356,SSD,1,2025-01-14,North,420.11
668,3070,Phone,5,2024-12-21,East,1121.77
669,2785,Monitor,2,2023-02-19,East,697.26
670,3569,Phone,5,2025-12-20,West,1502.41
671,2781,Webcam,3,2023-08-31,East,353.72
672,4908,SSD,1,2024-08-19,West,258.42
673,4171,Laptop,2,2023-10-03,East,3865.08
674,3849,Monitor,1,2025-11-20,East,1808.14
675,4251,Mouse,1,2023-01-08,South,188.85
676,4294,Headphones,3,2024-12-15,North,596.9
677,4977,Keyboard,5,2023-02-02,East,240.74
678,3809,SSD,1,2025-03-20,West,183.75
679,4730,Phone,4,2025-07-16,North,2281.49
680,3489,Laptop,3,2025-05-11,North,4656.91
681,2631,Headphones,4,2023-02-06,North,378.64
682,3816,Keyboard,3,2023-02-03,West,66.86
683,2015,Headphones,4,2024-03-30,North,338.33
684,2348,Keyboard,4,2024-03-19,North,102.68
685,1515,SSD,1,2023-07-31,North,348.95
686,4087,Mouse,1,2024-12-02,North,153.1
687,3839,Monitor,3,2024-08-30,East,1501.33
688,1335,SSD,5,2025-09-08,West,501.0
689,2782,Headphones,1,2023-12-27,South,338.26
690,3305,Headphones,1,2023-10-31,North,355.4
691,1496,Headphones,2,2023-10-23,West,567.84
692,1895,Monitor,1,2023-06-01,West,1446.78
693,3207,Laptop,5,2024-08-22,South,4242.62
694,4546,Keyboard,2,2023-07-30,North,216.13
695,1851,SSD,4,2023-08-20,West,438.22
696,2687,SSD,4,2025-05-19,East,561.09
697,2931,Mouse,2,2024-11-25,West,90.6
698,3737,Headphones,2,2024-01-02,South,313.85
699,4746,Webcam,2,2024-04-25,East,201.52
700,3427,SSD,3,2024-07-25,East,494.34
701,2568,Monitor,5,2025-07-18,West,1802.63
702,1956,Laptop,5,2025-11-05,West,
703,3738,SSD,4,2024-04-10,North,214.06
704,4498,Keyboard,4,2023-10-21,East,173.53
705,2636,Monitor,4,2023-06-20,South,1976.49
706,2291,Mouse,1,2025-11-21,West,64.63
707,4906,Mouse,4,2023-09-20,East,106.84
708,4648,Keyboard,2,2024-07-11,West,117.85
709,2440,Headphones,4,2023-07-08,South,561.34
710,2191,Mouse,2,2025-02-24,North,123.66
711,4913,Laptop,3,2024-08-05,North,3736.23
712,2066,Monitor,1,2025-09-28,North,512.39
713,4627,SSD,1,2024-08-22,South,443.75
714,1284,Laptop,5,2025-04-25,West,2919.06
715,3444,Headphones,3,2023-12-08,South,356.71
716,1011,Laptop,2,2025-08-11,East,3593.2
717,2630,Laptop,3,2023-01-22,West,3776.67
718,4373,Phone,1,2023-06-15,West,2200.02
719,4969,Laptop,2,2023-08-22,East,2896.8
720,4324,Keyboard,3,2024-10-02,North,114.04
721,3546,Monitor,1,2024-08-29,North,1693.71
722,1753,Phone,2,2024-06-23,South,2021.82
723,3082,Monitor,2,2025-11-24,East,838.42
724,3774,Monitor,1,2023-11-14,East,501.25
725,3896,Headphones,2,2023-12-09,East,432.97
726,1089,Headphones,1,2025-09-05,West,178.59
727,1775,Phone,4,2024-09-28,West,2426.89
728,3652,Mouse,4,2023-03-20,West,132.75
729,4993,Webcam,2,2025-06-11,West,351.89
730,4017,Headphones,2,2024-07-26,North,502.81
731,2625,Webcam,1,2024-03-24,North,258.5
732,4069,Headphones,2,2023-10-09,South,319.18
733,1417,Headphones,5,2024-11-05,East,348.4
734,1114,Monitor,4,2023-02-26,East,1704.48
735,1616,Phone,2,2023-07-10,North,1888.77
736,4974,Monitor,2,2024-10-05,West,808.58
737,4267,SSD,3,2023-02-11,South,424.21
738,1825,Keyboard,2,2024-11-09,West,151.17
739,4572,Monitor,5,2024-05-16,South,591.95
740,2649,Webcam,4,2025-02-28,North,202.01
741,2516,Webcam,3,2025-01-19,North,152.83
742,4146,Keyboard,1,2025-01-11,North,259.65
743,1412,Laptop,1,2023-06-14,North,2315.0
744,4447,Laptop,4,2025-01-24,East,3081.87
745,4491,Keyboard,1,2023-03-31,North,223.87
746,1728,Keyboard,5,2025-09-13,West,274.35
747,4348,Monitor,2,2025-12-17,North,1002.98
748,4068,Keyboard,4,2024-10-09,North,201.61
749,3808,SSD,3,2025-01-19,West,318.14
750,1675,Phone,2,2025-03-29,South,1144.9
751,4465,Laptop,1,2023-08-31,East,2977.15
752,2892,Laptop,1,2024-10-24,South,3907.71
753,3504,SSD,3,2025-05-07,North,472.35
754,3967,Mouse,5,2023-08-07,South,93.0
755,3239,SSD,3,2023-01-09,East,218.64
756,3786,SSD,4,2024-03-05,North,212.8
757,4760,Keyboard,3,2023-01-13,East,253.15
758,2122,Headphones,1,2025-06-25,West,426.64
759,2571,Headphones,5,2025-08-27,North,464.02
760,1977,SSD,5,2024-11-20,West,369.71
761,2008,Keyboard,3,2025-12-26,North,164.33
762,3143,Phone,4,2024-11-07,West,1158.96
763,2687,Headphones,1,2023-07-03,West,184.17
764,3710,Mouse,2,2025-10-01,North,56.17
765,4261,Webcam,5,2023-07-27,West,397.37
766,4807,Keyboard,3,2024-06-11,South,255.22
767,1036,SSD,4,2025-03-28,North,431.76
768,4851,Phone,4,2025-09-29,East,1164.49
769,4440,Phone,1,2024-03-30,West,1374.02
770,4766,Monitor,5,2025-06-20,West,1026.18
771,2548,Phone,1,2023-09-01,North,1612.04
772,3326,Headphones,2,2025-02-09,East,311.0
773,3264,SSD,2,2023-08-26,North,570.37
774,3914,Webcam,2,2023-12-11,South,310.66
775,1872,Headphones,4,2023-11-06,East,140.7
776,2821,Keyboard,5,2023-02-07,South,139.99
777,2296,Webcam,1,2023-02-01,South,122.55
778,4952,Keyboard,1,2023-10-19,West,119.84
779,3109,Phone,2,2023-10-19,East,2430.12
780,1595,Mouse,5,2025-01-27,West,149.89
781,2903,Laptop,5,2024-07-31,South,2023.56
782,1728,Webcam,3,2024-08-27,West,185.24
783,2365,SSD,5,2024-03-22,North,347.42
784,1396,Monitor,5,2023-10-05,East,1403.75
785,1698,Laptop,1,2025-09-20,East,3499.18
786,4090,Phone,5,2024-06-15,West,918.61
787,3224,Phone,5,2025-09-10,North,1676.43
788,2635,SSD,1,2024-08-24,South,208.62
789,1395,Laptop,5,2024-07-15,East,3557.6
790,3492,Monitor,1,2025-10-30,South,869.1
791,4304,Webcam,3,2024-08-13,East,126.14
792,4986,Webcam,4,2023-02-28,South,172.14
793,1075,Laptop,1,2024-04-03,South,2298.87
794,1264,Keyboard,1,2023-04-14,North,121.0
795,3502,Headphones,5,2025-04-10,North,533.47
796,2819,Mouse,1,2025-02-27,West,82.22
797,1717,Keyboard,2,2023-04-14,South,
798,3782,Webcam,2,2025-01-11,East,246.34
799,4455,Headphones,3,2023-10-28,South,189.15
800,4635,Mouse,1,2024-10-15,North,105.1
801,1850,Mouse,5,2024-07-08,South,175.01
802,4577,Mouse,5,2024-09-19,North,43.69
803,2390,Phone,4,2025-07-17,West,2368.79
804,1143,SSD,3,2023-12-26,West,542.0
805,1884,Mouse,5,2023-03-28,West,175.49
806,4140,Monitor,4,2024-03-03,East,797.81
807,4170,Laptop,5,2024-01-02,East,3452.94
808,1395,Webcam,4,2023-12-09,West,277.17
809,4096,Monitor,2,2023-12-13,East,649.92
810,3995,Laptop,2,2023-04-06,East,3670.54
811,3938,Keyboard,5,2025-06-02,East,260.01
812,2492,SSD,3,2024-04-30,East,571.45
813,4555,Keyboard,1,2024-08-26,East,119.58
814,4636,Laptop,3,2024-02-16,East,2866.22
815,4222,Monitor,3,2024-03-23,East,906.1
816,2167,Laptop,1,2023-09-04,West,2460.35
817,3616,Mouse,2,2025-02-08,South,103.22
818,2062,Phone,2,2024-11-29,East,2133.6
819,3156,Webcam,1,2024-02-25,North,307.87
820,4764,Keyboard,4,2023-05-04,West,275.08
821,2065,Webcam,3,2025-07-29,North,193.84
822,2209,Phone,5,2025-05-26,South,1772.77
823,3982,Mouse,2,2023-01-13,West,
824,3445,Mouse,5,2025-03-10,East,182.69
825,4294,Keyboard,1,2025-11-12,South,267.94
826,1633,Keyboard,5,2025-08-02,North,166.38
827,2156,Mouse,5,2023-07-19,West,184.17
828,4234,Headphones,3,2023-10-30,North,322.03
829,2238,Webcam,1,2025-01-07,North,368.91
830,1732,SSD,5,2023-06-25,East,499.64
831,1234,Phone,2,2025-11-18,East,1176.8
832,4914,Webcam,1,2024-11-07,East,377.49
833,3705,Phone,2,2024-06-18,East,1212.19
834,1750,Headphones,4,2024-04-21,West,554.21
835,3635,SSD,5,2024-01-18,West,426.8
836,4080,Monitor,1,2024-07-09,East,1501.06
837,4145,Phone,2,2023-11-30,North,985.87
838,1953,Webcam,5,2025-06-16,South,101.04
839,3539,Laptop,3,2025-07-19,East,4905.02
840,3960,SSD,2,2024-11-15,East,301.62
841,4324,Mouse,2,2024-07-14,North,173.54
842,4301,Mouse,4,2023-05-03,East,149.76
843,2542,Headphones,3,2025-11-24,West,402.07
844,2197,Phone,4,2024-09-09,South,1964.86
845,2676,Monitor,3,2025-09-14,East,634.08
846,2191,Phone,2,2025-04-19,East,1501.07
847,3217,Mouse,4,2024-02-20,South,133.2
848,2416,Keyboard,5,2024-12-08,East,266.89
849,3993,Laptop,3,2024-09-28,North,4144.06
850,3842,SSD,2,2023-12-13,East,263.76
851,3681,Headphones,1,2023-02-06,East,592.46
852,2217,Keyboard,3,2024-05-26,East,210.76
853,2540,Webcam,3,2025-04-28,South,240.42
854,3076,Monitor,5,2024-06-18,North,1672.07
855,4236,Keyboard,3,2025-06-28,East,200.68
856,2445,Webcam,3,2025-02-11,North,307.2
857,3386,Keyboard,5,2024-10-25,North,204.28
858,4719,Monitor,5,2025-11-07,South,768.26
859,2519,SSD,4,2023-01-27,East,394.51
860,2388,Keyboard,2,2024-06-19,West,120.78
861,2856,Headphones,2,2025-11-18,West,385.14
862,2365,Mouse,4,2025-10-04,North,51.34
863,1499,Phone,2,2024-10-19,North,1194.34
864,2680,Keyboard,3,2024-10-01,East,252.18
865,1510,Headphones,4,2023-02-11,West,302.64
866,4398,Phone,4,2023-08-01,North,1945.43
867,1216,SSD,2,2025-04-15,South,374.03
868,2324,Webcam,1,2024-12-02,South,189.02
869,2155,Phone,2,2023-03-21,East,1641.8
870,2827,Webcam,1,2025-08-12,North,340.38
871,4141,Keyboard,4,2025-06-20,West,120.4
872,4323,Headphones,1,2024-02-28,East,310.72
873,4486,Mouse,3,2025-07-07,North,64.44
874,2810,Keyboard,5,2024-05-30,North,137.8
875,3492,Webcam,1,2023-06-14,North,363.24
876,3923,Monitor,5,2025-09-23,East,1678.58
877,2205,Phone,3,2025-09-19,East,1435.15
878,3214,Keyboard,5,2025-06-11,North,83.1
879,1090,Webcam,3,2025-10-12,East,214.39
880,1713,SSD,5,2025-12-01,East,497.28
881,2881,Phone,5,2025-01-10,South,874.46
882,4602,SSD,2,2025-01-24,South,485.4
883,1038,Webcam,1,2024-02-20,South,297.57
884,4197,Headphones,5,2025-12-14,South,132.32
885,4522,Laptop,4,2023-12-02,South,3906.92
886,1172,SSD,2,2025-05-30,North,284.4
887,1652,Keyboard,1,2025-08-29,South,94.32
888,1753,Mouse,2,2024-11-15,West,95.43
889,2243,Keyboard,1,2025-01-10,North,101.35
890,4709,Phone,3,2023-01-30,North,2201.74
891,2081,Headphones,5,2024-07-28,East,471.0
892,2683,Webcam,4,2023-08-09,North,393.84
893,3523,Monitor,2,2025-04-06,North,1301.11
894,1455,Mouse,2,2024-08-16,South,45.16
895,1828,Headphones,2,2025-01-23,West,283.88
896,1894,SSD,2,2025-11-28,North,527.39
897,2384,SSD,5,2025-10-17,West,328.59
898,2958,Keyboard,1,2024-05-06,East,163.92
899,4072,Monitor,5,2024-03-13,East,1117.96
900,3434,Headphones,3,2024-04-23,East,217.69
901,2996,Laptop,5,2025-02-21,North,2219.59
902,3395,Mouse,5,2025-08-06,North,60.7
903,1189,Phone,3,2025-10-04,South,1418.7
904,1504,Headphones,5,2023-03-13,North,222.72
905,2214,Headphones,1,2024-08-04,West,386.37
906,2531,Laptop,4,2023-08-08,East,3841.72
907,4440,Keyboard,3,2025-10-24,South,192.52
908,4480,Webcam,2,2025-09-29,East,107.17
909,1823,Webcam,1,2023-10-17,West,293.4
910,1928,Mouse,4,2024-01-15,West,
911,1933,Mouse,1,2025-03-14,East,179.29
912,2140,Phone,1,2025-01-12,South,1693.54
913,1133,Headphones,2,2023-03-21,North,142.26
914,3105,Monitor,4,2023-03-07,North,513.83
915,4627,Headphones,1,2023-05-16,North,451.26
916,1684,Webcam,2,2024-02-03,North,208.16
917,3719,Phone,3,2023-12-13,West,1289.59
918,3220,Headphones,2,2023-02-28,West,323.59
919,2852,Laptop,5,2025-02-16,East,2217.18
920,1814,Webcam,2,2024-06-02,East,205.43
921,2172,Headphones,2,2024-12-14,East,257.35
922,1079,Headphones,2,2025-09-03,North,500.09
923,3933,Webcam,1,2023-03-20,West,135.95
924,4284,Monitor,4,2023-04-25,North,1634.48
925,1202,Webcam,2,2025-09-12,East,240.13
926,3811,Laptop,2,2023-05-06,North,2245.66
927,2252,Laptop,5,2024-07-26,West,4909.04
928,2699,Headphones,5,2025-08-22,East,467.1
929,2250,Mouse,3,2024-05-14,East,74.22
930,2682,Monitor,3,2025-04-08,North,1372.63
931,2555,Headphones,5,2024-09-17,South,549.97
932,4512,Webcam,4,2024-03-27,East,377.86
933,4473,Headphones,3,2024-01-20,North,465.58
934,3094,Phone,4,2023-12-29,West,2037.04
935,2256,Phone,5,2024-05-12,West,1271.51
936,4376,Mouse,3,2024-06-20,South,198.26
937,2549,Monitor,2,2023-01-16,South,865.22
938,2166,Keyboard,5,2025-09-07,West,72.35
939,4486,SSD,3,2024-09-11,North,589.82
940,4584,Phone,4,2023-10-27,North,1059.84
941,2396,Keyboard,4,2023-12-05,North,180.4
942,4637,Laptop,3,2023-10-30,North,3404.73
943,4957,Phone,4,2024-08-14,South,2241.95
944,4330,Phone,3,2023-03-17,North,1474.32
945,3703,Monitor,3,2025-07-02,East,1253.27
946,1470,Mouse,4,2025-02-18,East,37.44
947,4018,Keyboard,1,2025-07-09,East,101.96
948,2035,Webcam,2,2024-01-01,South,346.56
949,2353,Phone,5,2024-10-14,West,1613.21
950,3783,Phone,2,2025-10-02,East,1192.58
951,3831,Monitor,5,2024-01-31,North,1053.36
952,1967,Monitor,5,2025-03-14,East,927.64
953,1357,Mouse,2,2025-11-17,North,124.56
954,4019,Keyboard,3,2025-04-24,South,62.86
955,4479,Laptop,4,2025-05-21,West,2674.91
956,1667,Webcam,1,2023-04-25,North,193.59
957,1372,Mouse,1,2024-01-08,East,187.8
958,2031,SSD,1,2025-04-29,North,430.48
959,2145,Laptop,2,2023-03-31,West,
960,2371,Headphones,2,2025-01-26,South,195.41
961,3723,Phone,3,2023-01-31,South,1748.35
962,1089,Keyboard,1,2023-12-24,East,282.25
963,4719,Mouse,3,2024-04-14,East,126.27
964,3745,Phone,1,2023-09-27,East,1080.12
965,4387,Keyboard,2,2023-07-28,East,299.28
966,4249,Keyboard,4,2024-11-20,South,174.71
967,1539,Keyboard,4,2024-04-01,South,129.89
968,3779,Phone,4,2024-03-24,East,1655.74
969,1868,Mouse,4,2023-03-09,East,74.83
970,1040,Webcam,5,2025-05-23,North,89.72
971,1739,Monitor,1,2024-04-11,East,1834.28
972,4775,Phone,4,2023-05-08,West,1529.09
973,2946,SSD,5,2025-01-02,East,488.8
974,3549,Keyboard,5,2025-11-08,North,292.81
975,4006,Mouse,5,2024-01-03,South,
976,4216,Webcam,3,2023-02-27,South,301.32
977,2224,Headphones,3,2024-07-10,South,571.62
978,1928,SSD,5,2023-02-17,South,382.45
979,3036,Laptop,4,2024-07-15,South,2959.7
980,4795,SSD,1,2024-08-15,North,564.62
981,3508,Keyboard,2,2025-03-22,North,67.25
982,3779,Headphones,3,2023-02-28,North,207.3
983,3799,Monitor,4,2023-06-10,South,1011.9
984,1924,Webcam,4,2023-04-13,North,330.28
985,3956,Webcam,2,2025-04-25,North,369.25
986,2581,Keyboard,2,2024-02-16,North,162.95
987,4618,SSD,4,2025-02-24,West,278.76
988,4324,SSD,2,2023-07-02,East,308.94
989,1389,Webcam,4,2024-02-21,South,290.1
990,2617,Headphones,2,2024-02-03,West,179.0
991,3930,Keyboard,2,2025-08-14,North,186.86
992,1255,Phone,4,2025-02-17,East,1800.35
993,1708,Mouse,-1,2024-10-16,North,150.34
994,2838,Headphones,4,2024-03-12,West,401.95
995,2944,Mouse,1,2023-11-14,North,46.48
996,3497,Phone,2,2024-08-28,North,1970.96
997,1009,Phone,3,2025-06-29,North,836.97
998,3871,Mouse,2,2024-05-11,West,96.35
999,1797,Headphones,1,2024-03-02,North,308.53
1000,4313,Mouse,3,2025-03-28,South,49.83
1001,4322,Mouse,3,2025-10-19,South,31.68
1002,1876,Laptop,4,2023-08-28,West,2213.49
1003,2028,Headphones,5,2025-12-18,South,323.15
1004,4190,SSD,4,2025-03-07,East,258.16
1005,2015,SSD,3,2023-07-22,South,181.04
1006,2824,Laptop,3,2023-10-14,East,2769.22
1007,1373,Keyboard,5,2023-03-14,North,182.21
1008,4136,Webcam,2,2024-12-26,South,317.48
1009,3193,SSD,5,2023-12-03,West,335.4
1010,1223,Mouse,4,2023-07-22,East,
1011,2262,Keyboard,2,2023-08-19,West,199.19
1012,3224,SSD,4,2025-06-22,East,553.34
1013,2802,Headphones,5,2025-12-16,South,189.7
1014,1852,Mouse,2,2024-10-05,East,110.99
1015,4353,Webcam,5,2025-07-03,East,282.19
1016,1062,Keyboard,1,2023-10-07,North,
1017,2240,SSD,3,2025-03-19,North,352.65
1018,4925,SSD,2,2024-04-10,South,588.06
1019,3874,Monitor,3,2025-01-06,North,1913.02
1020,3842,SSD,1,2025-03-14,North,
1021,1688,Phone,2,2023-09-23,West,1547.28
1022,2484,Mouse,3,2023-09-04,West,158.41
1023,2633,Webcam,3,2023-03-19,East,244.14
1024,3152,Phone,2,2025-05-03,South,2492.47
1025,4170,Laptop,3,2023-09-10,North,4057.81
1026,1510,Keyboard,3,2024-04-19,East,67.04
1027,1384,SSD,2,2023-06-25,East,330.86
1028,1404,Laptop,3,2025-08-28,East,4190.79
1029,3870,Webcam,3,2023-09-11,West,349.56
1030,1517,Mouse,4,2025-06-21,South,168.27
1031,1475,Phone,4,2023-04-17,North,2461.3
1032,3000,Phone,1,2023-02-27,South,1631.5
1033,3756,Keyboard,4,2025-07-30,South,85.02
1034,4934,Mouse,4,2023-03-25,North,140.88
1035,2668,SSD,1,2024-12-12,West,181.84
1036,2893,Monitor,3,2025-06-19,West,1960.28
1037,3818,Monitor,3,2024-10-18,West,1637.8
1038,2460,Keyboard,4,2024-03-31,West,295.54
1039,4094,Mouse,1,2024-10-20,West,94.13
1040,4044,Keyboard,3,2025-02-11,West,53.95
1041,4636,Mouse,5,2025-03-01,East,118.62
1042,3724,Webcam,2,2025-04-30,North,118.78
1043,1713,Webcam,2,2024-06-09,North,297.48
1044,4529,Laptop,2,2023-09-23,North,3492.65
1045,1082,SSD,4,2023-05-21,South,489.05
1046,2168,Keyboard,2,2025-06-13,West,122.77
1047,4156,SSD,2,2024-02-10,South,523.12
1048,4149,Mouse,5,2023-10-20,South,140.64
1049,3504,Monitor,3,2025-11-20,North,1981.56
1050,2901,SSD,5,2023-12-21,North,230.35
1051,3048,Mouse,4,2023-07-24,South,38.7
1052,1050,Webcam,2,2025-09-20,North,352.34
1053,1684,Mouse,3,2023-10-18,North,87.54
1054,1716,Keyboard,2,2023-04-21,South,157.81
1055,4843,Laptop,2,2025-12-27,East,4777.0
1056,2469,Laptop,4,2024-01-08,North,3322.09
1057,1448,Laptop,2,2023-07-15,East,2894.06
1058,1880,Laptop,1,2023-05-06,South,2178.49
1059,1487,Webcam,3,2023-09-19,North,221.74
1060,2823,Headphones,3,2025-06-05,East,427.48
1061,3081,SSD,1,2025-07-12,South,
1062,4419,Keyboard,4,2023-06-04,North,229.44
1063,3142,Phone,2,2023-04-18,West,1613.05
1064,4143,Keyboard,2,2023-02-04,East,264.53
1065,2574,Headphones,3,2025-12-03,South,180.87
1066,3201,Laptop,4,2024-10-16,West,4271.24
1067,1249,Headphones,4,2024-12-23,West,566.28
1068,1673,Monitor,4,2025-09-24,North,1612.1
1069,1437,Monitor,2,2024-02-20,West,1108.91
1070,3165,SSD,4,2025-09-26,West,253.71
1071,1770,Webcam,-1,2023-10-12,North,111.48
1072,4962,Keyboard,5,2024-06-01,East,210.59
1073,4377,Keyboard,4,2023-01-27,North,85.71
1074,1267,Phone,5,2023-08-15,East,2225.12
1075,2984,Webcam,2,2025-04-27,East,387.44
1076,2077,Phone,4,2023-01-18,South,1030.84
1077,1235,Monitor,3,2023-02-12,West,1064.08
1078,1388,Laptop,2,2023-03-30,West,4811.82
1079,4037,Headphones,1,2024-08-08,West,335.35
1080,4805,Phone,1,2023-06-06,South,1710.21
1081,1762,Mouse,5,2023-05-14,North,157.08
1082,2848,Phone,5,2024-04-08,West,1157.91
1083,3448,Laptop,3,2025-01-10,North,4937.45
1084,1623,Laptop,3,2025-11-23,South,4342.65
1085,3814,Keyboard,1,2023-03-24,West,90.34
1086,4374,Headphones,4,2025-07-17,North,155.53
1087,3966,Laptop,1,2025-05-15,South,4804.86
1088,4278,Webcam,1,2023-07-23,South,299.21
1089,2252,Phone,3,2025-08-19,North,865.56
1090,3900,Phone,5,2024-05-11,South,1041.38
1091,4981,Monitor,3,2024-03-17,North,571.74
1092,1577,Laptop,3,2025-04-07,North,4922.25
1093,3122,Mouse,3,2025-05-20,West,114.63
1094,1434,Keyboard,1,2025-05-18,South,165.54
1095,3150,Headphones,4,2023-03-21,East,577.89
1096,4493,Mouse,1,2025-03-22,North,115.79
1097,4775,Keyboard,2,2025-07-03,East,179.44
1098,1763,Phone,3,2024-07-23,West,2472.97
1099,3785,Mouse,3,2025-05-11,East,48.94
1100,3853,Keyboard,2,2023-06-18,East,296.44
1101,2329,Phone,3,2025-10-08,North,1081.65
1102,3145,Phone,3,2023-08-24,South,1603.95
1103,4921,Phone,3,2024-02-03,West,1373.94
1104,3845,Phone,2,2024-08-10,West,2424.22
1105,2358,Webcam,1,2025-03-31,East,235.36
1106,3906,Phone,3,2025-10-09,West,839.12
1107,3482,Monitor,4,2024-04-21,North,832.54
1108,1446,Mouse,2,2025-04-24,East,103.24
1109,3017,Keyboard,5,2024-08-07,North,219.1
1110,2331,Monitor,2,2024-09-06,East,1342.85
1111,1248,Webcam,1,2024-08-28,North,351.97
1112,1165,SSD,2,2025-08-18,West,522.8
1113,4552,SSD,5,2025-02-16,East,415.73
1114,4031,Monitor,4,2023-12-24,North,1356.97
1115,2358,Laptop,5,2025-12-17,East,2834.49
1116,2019,Laptop,2,2024-06-04,East,4873.72
1117,1541,Laptop,5,2024-06-08,North,2230.55
1118,1758,Headphones,2,2024-01-28,North,298.52
1119,4177,Laptop,4,2023-06-02,South,3982.51
1120,4634,Keyboard,4,2025-06-11,North,286.42
1121,3128,Monitor,1,2025-09-10,East,1252.29
1122,3180,Keyboard,4,2024-04-24,South,273.98
1123,1796,Mouse,3,2024-08-05,South,47.82
1124,3947,Laptop,5,2025-05-06,East,3594.75
1125,1137,Webcam,5,2023-01-20,West,181.14
1126,3231,Headphones,2,2024-08-15,East,497.85
1127,4472,Mouse,4,2023-08-16,East,105.65
1128,2353,Webcam,1,2023-01-19,South,232.08
1129,3832,Headphones,1,2024-03-19,North,132.39
1130,4579,SSD,1,2024-01-03,North,347.1
1131,2875,Mouse,3,2025-06-17,East,43.74
1132,4031,SSD,4,2025-06-07,South,284.8
1133,1068,Monitor,1,2024-12-26,South,690.32
1134,3593,Keyboard,3,2023-05-27,West,133.62
1135,4845,Phone,5,2024-03-05,South,1186.56
1136,3100,Keyboard,2,2025-04-27,West,121.29
1137,2473,Laptop,4,2023-07-17,West,2445.16
1138,1204,SSD,4,2025-09-23,North,347.82
1139,3173,Webcam,5,2024-07-18,West,239.22
1140,4818,Phone,4,2024-01-04,North,2222.3
1141,1042,Headphones,4,2025-03-12,West,369.41
1142,4823,SSD,4,2024-11-30,South,252.94
1143,2906,Monitor,4,2025-09-22,East,1603.84
1144,3158,Monitor,3,2024-06-01,East,945.87
1145,1760,SSD,3,2025-02-13,East,490.38
1146,4734,SSD,2,2024-07-14,East,324.22
1147,4254,SSD,4,2023-03-01,West,381.15
1148,3895,Headphones,5,2024-06-28,West,351.88
1149,3142,Laptop,1,2025-10-13,East,4866.91
1150,2994,Headphones,2,2023-10-30,East,176.83
1151,4445,Mouse,1,2023-10-10,North,
1152,2935,Webcam,1,2024-04-22,West,259.84
1153,4591,SSD,4,2025-11-11,East,597.16
1154,1899,Webcam,5,2024-07-12,West,263.4
1155,1359,Laptop,1,2023-12-15,East,3969.13
1156,3947,Phone,1,2024-10-31,North,2074.28
1157,2719,Headphones,2,2023-09-15,North,510.89
1158,1280,Laptop,5,2024-10-16,North,3432.69
1159,4266,Webcam,5,2025-12-06,East,297.15
1160,2887,Phone,1,2025-11-16,North,1845.3
1161,4266,Headphones,5,2025-11-16,East,303.54
1162,1666,Monitor,2,2023-05-25,North,1731.2
1163,1092,Headphones,2,2024-08-09,South,196.22
1164,1671,Keyboard,2,2024-06-05,North,91.78
1165,2969,Headphones,4,2025-03-11,South,468.22
1166,1060,Keyboard,1,2024-01-17,North,209.37
1167,3681,Phone,5,2025-02-14,East,1340.02
1168,4122,Headphones,2,2024-11-03,North,417.56
1169,4474,Phone,1,2023-11-23,North,2110.1
1170,4860,Phone,1,2024-09-21,West,1168.84
1171,2028,Webcam,4,2023-03-25,North,266.05
1172,2489,Laptop,5,2023-05-26,West,4474.0
1173,1603,Phone,5,2024-02-28,West,1499.11
1174,1681,Phone,2,2024-10-22,East,1771.95
1175,4900,Webcam,2,2025-02-01,East,105.13
1176,3581,Webcam,1,2024-07-22,South,345.75
1177,2428,Headphones,5,2023-12-13,South,498.06
1178,3885,Webcam,5,2023-12-13,South,226.0
1179,4584,Headphones,2,2024-02-12,North,159.62
1180,3692,Monitor,3,2023-05-13,South,1490.6
1181,3280,Webcam,1,2024-09-05,West,263.35
1182,1523,Laptop,5,2025-09-14,North,4758.44
1183,3393,Phone,4,2023-04-16,East,1275.67
1184,4117,Laptop,4,2023-06-20,East,2096.98
1185,3593,Keyboard,3,2024-10-01,North,113.68
1186,2968,SSD,2,2023-09-19,North,342.56
1187,2101,Webcam,2,2024-05-08,South,
1188,2753,Phone,2,2025-06-21,East,2465.55
1189,2836,Laptop,4,2023-10-17,South,2667.17
1190,4994,Webcam,2,2023-03-26,East,296.92
1191,4144,Webcam,4,2023-02-14,East,225.32
1192,3841,SSD,3,2025-03-25,West,399.82
1193,3296,Monitor,1,2023-11-29,North,1899.02
1194,3094,Monitor,5,2024-04-09,East,1297.33
1195,2144,Phone,3,2023-07-19,North,1318.89
1196,3261,Keyboard,4,2023-11-25,North,105.2
1197,3286,Monitor,3,2023-08-28,South,1837.99
1198,2079,SSD,5,2025-03-08,East,594.03
1199,3397,Monitor,1,2024-12-02,West,877.75
1200,1106,Keyboard,5,2024-08-05,South,230.48
1201,3878,Laptop,4,2024-10-18,East,3517.26
1202,1047,Monitor,5,2024-12-21,North,1547.87
1203,4644,SSD,3,2023-12-26,East,583.9
1204,1336,Headphones,2,2024-01-20,South,238.04
1205,2049,SSD,3,2025-03-09,South,482.98
1206,3851,Mouse,4,2023-12-31,East,104.45
1207,2280,Mouse,1,2023-03-13,East,140.93
1208,3055,Monitor,5,2024-05-18,North,1109.98
1209,1624,Laptop,1,2023-05-07,East,4125.01
1210,2890,Webcam,4,2024-04-26,South,188.0
1211,2276,Laptop,5,2023-10-10,North,3465.07
1212,2715,SSD,3,2025-10-22,North,468.96
1213,3766,Phone,3,2023-03-15,West,872.6
1214,1302,Headphones,4,2025-12-23,West,264.04
1215,1638,Laptop,5,2025-02-11,North,3638.55
1216,1055,Keyboard,3,2023-12-13,East,68.53
1217,1725,SSD,4,2023-11-20,East,466.42
1218,1525,Headphones,4,2023-08-27,West,506.64
1219,1473,Mouse,1,2023-12-03,West,57.77
1220,1027,SSD,3,2023-12-07,East,480.06
1221,3125,Headphones,5,2025-08-03,North,423.1
1222,4287,Keyboard,3,2025-06-10,South,152.72
1223,4457,Monitor,3,2024-04-06,East,747.48
1224,1364,Keyboard,3,2025-03-08,West,288.72
1225,3713,Keyboard,4,2025-01-02,South,166.0
1226,1525,Monitor,2,2023-06-11,East,775.47
1227,3746,Monitor,2,2024-03-23,East,1577.25
1228,2335,Monitor,1,2023-09-22,North,1411.85
1229,1882,Monitor,3,2025-10-06,East,1724.3
1230,2030,Monitor,2,2023-05-12,North,1994.15
1231,2026,Keyboard,1,2023-04-30,East,61.22
1232,2646,Phone,4,2024-11-02,East,2056.84
1233,1918,Phone,3,2024-05-19,West,2481.52
1234,3797,SSD,5,2023-04-19,West,392.2
1235,3410,Laptop,4,2023-10-20,North,4147.11
1236,2774,Phone,1,2025-09-14,North,1549.89
1237,2531,Mouse,4,2025-04-07,East,90.65
1238,4345,Phone,5,2023-07-06,East,1983.98
1239,4577,Keyboard,4,2025-11-25,West,297.02
1240,3853,Monitor,1,2023-09-13,North,637.5
1241,3786,SSD,5,2025-10-28,West,339.95
1242,2906,Monitor,5,2025-01-17,South,1910.93
1243,4086,Webcam,4,2023-02-10,North,116.1
1244,2215,Webcam,5,2025-01-26,North,288.3
1245,2654,Webcam,4,2023-04-23,West,217.65
1246,1484,Keyboard,3,2025-02-06,East,144.22
1247,3075,Mouse,5,2025-05-03,West,65.6
1248,1713,Phone,4,2023-03-19,East,1099.77
1249,2062,Keyboard,3,2024-12-19,North,179.07
1250,2976,Laptop,5,2025-05-27,East,3132.31
1251,2296,SSD,3,2024-02-06,North,371.19
1252,2254,Monitor,5,2025-04-12,East,793.91
1253,3133,Webcam,1,2023-03-05,South,192.06
1254,4545,Headphones,1,2024-10-13,East,598.21
1255,1125,Laptop,4,2025-06-04,East,3104.21
1256,3859,Webcam,2,2025-12-01,North,212.07
1257,1536,Mouse,1,2024-01-08,North,33.38
1258,3192,Laptop,2,2023-11-02,South,3142.48
1259,4596,Keyboard,3,2023-07-28,West,240.85
1260,4283,Phone,3,2024-04-11,South,1676.51
1261,3072,Monitor,2,2025-07-20,East,1485.57
1262,2603,SSD,4,2024-10-08,North,400.45
1263,4465,Mouse,5,2023-12-28,South,47.93
1264,1066,Mouse,2,2024-12-21,East,86.46
1265,1232,Headphones,2,2024-12-16,East,447.12
1266,3156,Laptop,2,2024-06-26,East,3643.82
1267,2169,Headphones,2,2023-07-13,East,437.48
1268,3158,Phone,2,2024-10-13,East,1412.31
1269,3275,Webcam,4,2025-11-16,South,141.98
1270,1110,Phone,1,2025-12-05,North,2210.68
1271,2493,Webcam,5,2024-10-08,South,200.42
1272,3081,Headphones,1,2025-08-11,North,427.51
1273,1622,Monitor,2,2025-12-17,West,1071.87
1274,4847,Phone,1,2025-11-02,East,2376.33
1275,4440,Headphones,4,2025-08-06,South,595.97
1276,3795,Laptop,3,2025-08-18,West,3946.79
1277,3642,Headphones,1,2023-02-18,West,401.08
1278,4625,Headphones,5,2025-03-13,South,520.41
1279,3472,Keyboard,4,2024-08-29,West,179.06
1280,3660,Phone,3,2023-01-10,North,2278.16
1281,2541,SSD,4,2024-11-04,West,335.82
1282,3739,Monitor,2,2024-12-26,South,547.85
1283,2305,Monitor,3,2024-05-30,East,1889.89
1284,4391,Keyboard,5,2023-08-12,North,230.38
1285,2761,Webcam,3,2023-07-22,West,243.45
1286,4514,Mouse,5,2025-07-30,North,190.63
1287,2975,Webcam,2,2024-08-11,South,363.77
1288,3362,Monitor,5,2024-07-24,East,662.64
1289,1876,Headphones,4,2025-08-14,East,412.2
1290,2989,Keyboard,1,2023-07-15,East,184.53
1291,4812,Laptop,4,2024-02-22,East,4329.42
1292,4448,Phone,4,2023-01-09,East,1311.31
1293,2312,Phone,3,2024-06-15,North,813.8
1294,2460,SSD,2,2023-05-29,South,233.43
1295,3709,Phone,1,2024-01-18,South,1158.6
1296,3324,Headphones,5,2025-11-01,West,245.71
1297,2733,Laptop,3,2024-04-20,South,3111.18
1298,2605,Keyboard,2,2024-08-01,North,226.64
1299,2526,Keyboard,1,2025-12-12,East,68.56
1300,3671,Phone,4,2023-07-25,South,1627.13
1301,3563,Laptop,2,2025-09-12,North,3495.93
1302,4421,Laptop,2,2025-07-03,East,3847.61
1303,3890,Laptop,2,2025-01-14,North,2931.64
1304,4517,Monitor,4,2025-07-01,East,889.68
1305,4901,Monitor,5,2023-02-23,South,1225.83
1306,3397,Phone,3,2025-09-28,South,1921.33
1307,2630,Laptop,5,2023-12-10,West,2133.78
1308,4735,Mouse,1,2024-12-03,South,79.91
1309,3870,Laptop,3,2024-06-10,South,4361.93
1310,2160,Keyboard,1,2024-02-16,West,171.05
1311,1758,Keyboard,4,2024-07-22,North,287.96
1312,3946,Phone,5,2023-07-18,North,2274.82
1313,1242,Mouse,2,2025-02-13,North,88.47
1314,3590,Laptop,3,2024-01-24,East,4178.81
1315,2063,Webcam,2,2024-04-18,South,167.78
1316,1228,Mouse,1,2025-02-03,East,59.8
1317,3595,SSD,2,2024-08-14,North,546.46
1318,1919,Phone,2,2025-12-31,North,1395.42
1319,2246,Keyboard,4,2025-09-08,East,100.85
1320,1005,Webcam,4,2025-09-20,North,388.79
1321,4393,Keyboard,5,2023-06-17,South,57.76
1322,1467,Monitor,1,2023-10-11,East,1050.35
1323,2755,Phone,4,2025-11-25,West,865.31
1324,1074,Phone,4,2025-04-03,North,1656.97
1325,1003,Laptop,5,2025-06-09,South,3203.53
1326,2870,Laptop,-1,2023-05-14,South,4162.01
1327,1645,Monitor,5,2023-05-02,West,1931.05
1328,1117,Webcam,2,2025-04-12,West,246.3
1329,3928,SSD,2,2025-10-18,West,278.43
1330,2629,Headphones,4,2025-06-13,South,536.09
1331,3551,Mouse,4,2023-10-16,South,132.77
1332,3021,Headphones,5,2025-12-12,South,376.74
1333,1946,Headphones,5,2025-12-10,South,194.29
1334,3621,Phone,1,2025-04-18,East,869.01
1335,2464,Mouse,2,2025-06-30,North,108.44
1336,1193,Phone,5,2023-02-09,East,1697.68
1337,1846,SSD,3,2023-09-07,West,207.19
1338,3762,Mouse,1,2023-08-06,North,40.1
1339,2415,Keyboard,5,2023-06-28,East,104.02
1340,4097,Phone,4,2023-07-02,North,907.27
1341,2458,Phone,5,2024-12-05,North,895.44
1342,3220,Phone,4,2024-05-11,North,1555.08
1343,4371,Webcam,4,2024-08-19,North,339.28
1344,2668,Monitor,2,2024-04-05,North,1495.98
1345,3373,Phone,2,2024-04-18,East,1955.0
1346,2433,SSD,5,2024-11-15,East,268.1
1347,2141,Laptop,5,2025-11-26,North,2033.31
1348,3883,Laptop,3,2023-11-15,West,3351.94
1349,2810,Mouse,1,2023-12-22,West,94.11
1350,1723,Keyboard,1,2024-09-08,East,286.81
1351,1224,Monitor,5,2023-08-17,South,608.03
1352,1531,Webcam,2,2024-12-29,North,328.45
1353,1112,Mouse,3,2024-07-14,East,95.52
1354,3187,Laptop,1,2024-09-26,West,4488.86
1355,1558,Monitor,5,2024-04-03,South,1242.36
1356,3048,Monitor,2,2023-01-25,East,1730.75
1357,3137,Keyboard,2,2024-01-05,North,166.71
1358,1653,SSD,2,2025-10-08,East,
1359,1319,Monitor,4,2024-09-02,North,1945.56
1360,2573,Phone,2,2023-04-19,East,1427.06
1361,2828,Monitor,5,2024-12-20,East,1707.95
1362,2917,Keyboard,3,2024-03-07,South,66.76
1363,1138,Mouse,5,2025-10-28,North,40.65
1364,4582,Keyboard,2,2024-09-27,West,159.53
1365,4939,Webcam,3,2024-01-02,East,267.38
1366,3892,Keyboard,1,2025-07-13,East,202.13
1367,3026,Laptop,1,2024-02-18,East,2109.16
1368,3306,Phone,5,2023-12-22,West,1984.46
1369,4744,SSD,3,2023-01-11,North,208.47
1370,1901,Laptop,5,2023-03-06,West,4866.03
1371,1689,Mouse,3,2023-05-05,North,86.7
1372,3039,Headphones,3,2023-11-08,North,230.72
1373,1009,Mouse,5,2025-02-13,East,79.52
1374,1260,Phone,3,2025-09-28,West,2393.5
1375,2942,Monitor,2,2025-05-22,North,1224.26
1376,2673,Keyboard,3,2024-11-24,South,158.67
1377,3219,Headphones,3,2025-09-16,East,382.95
1378,3945,Phone,5,2025-03-09,North,2382.3
1379,3060,Laptop,1,2024-11-04,West,2925.02
1380,2191,Keyboard,4,2025-06-30,East,95.21
1381,4713,Mouse,3,2024-02-10,West,131.23
1382,2619,Laptop,4,2025-09-22,South,3475.02
1383,1320,Phone,3,2025-11-06,South,905.35
1384,2342,Phone,5,2024-09-28,East,1687.29
1385,2636,Mouse,5,2025-06-08,South,125.61
1386,3376,Headphones,3,2024-05-03,East,447.08
1387,3832,Mouse,5,2023-08-27,North,199.24
1388,3824,Monitor,5,2023-06-29,South,1132.37
1389,2994,Laptop,3,2023-11-13,West,3530.61
1390,3958,Headphones,1,2023-08-20,East,137.5
1391,2943,Keyboard,3,2023-11-27,North,257.9
1392,4621,Webcam,1,2024-07-14,West,111.41
1393,3038,Monitor,5,2025-08-06,East,1900.75
1394,4490,Headphones,1,2023-09-05,East,274.25
1395,4677,Webcam,5,2023-10-10,North,188.03
1396,2118,Webcam,1,2025-07-28,South,185.15
1397,4888,Laptop,1,2023-02-01,West,4851.47
1398,2604,Phone,3,2024-06-13,South,2466.18
1399,3365,Keyboard,1,2024-01-16,North,
1400,1235,Mouse,5,2023-03-04,South,149.81
1401,2969,Laptop,3,2023-05-08,North,2333.17
1402,1333,Monitor,1,2023-06-12,East,1079.54
1403,2908,SSD,3,2025-08-15,North,280.19
1404,1375,Webcam,4,2023-10-22,North,306.68
1405,4530,Monitor,3,2023-06-28,West,1238.98
1406,2160,Webcam,4,2023-08-17,East,277.28
1407,3635,Phone,4,2025-06-01,South,814.84
1408,2570,SSD,3,2024-01-29,East,502.29
1409,3560,Phone,5,2024-11-22,North,2418.49
1410,2319,Keyboard,5,2023-03-13,North,217.34
1411,4391,Mouse,5,2023-11-14,East,174.83
1412,3965,Keyboard,2,2024-08-17,East,169.56
1413,4643,Phone,4,2024-01-14,West,834.35
1414,2855,Phone,3,2025-06-25,East,2483.8
1415,2372,Monitor,5,2023-05-16,West,588.25
1416,4911,Phone,5,2024-12-30,West,1127.72
1417,4850,SSD,3,2025-06-24,East,173.6
1418,1872,SSD,4,2024-06-13,West,431.23
1419,2252,Headphones,3,2025-07-23,East,391.62
1420,3317,Webcam,2,2024-10-27,North,147.09
1421,2851,Laptop,2,2024-06-06,North,4869.96
1422,3845,Phone,3,2024-01-22,North,2352.93
1423,2314,Keyboard,4,2024-07-27,West,119.95
1424,1724,Mouse,5,2024-08-05,East,142.01
1425,4236,Webcam,2,2024-07-26,East,353.67
1426,3052,Webcam,2,2024-10-05,South,195.14
1427,3898,Mouse,4,2024-07-26,South,73.11
1428,4450,Mouse,2,2025-05-19,North,73.55
1429,1077,Webcam,2,2024-06-30,West,342.55
1430,4481,Headphones,4,2024-03-13,West,331.54
1431,3621,Keyboard,3,2024-07-08,East,228.83
1432,1131,Headphones,5,2023-04-21,North,425.15
1433,1600,Phone,5,2024-06-10,North,1320.58
1434,2772,Laptop,2,2023-06-26,South,2624.23
1435,2065,Mouse,5,2024-11-04,North,51.38
1436,3136,SSD,3,2024-09-15,West,160.75
1437,3449,Keyboard,2,2025-08-01,North,70.31
1438,3343,Mouse,5,2024-04-17,East,73.56
1439,2863,Headphones,1,2025-09-20,East,456.8
1440,2318,Monitor,1,2025-05-28,South,732.38
1441,1615,Phone,1,2023-06-19,North,1689.77
1442,4597,Laptop,1,2025-10-10,West,2735.4
1443,3847,Phone,1,2023-02-25,South,1670.08
1444,4762,Monitor,2,2023-11-21,East,1625.02
1445,4708,Laptop,4,2024-10-19,North,2797.94
1446,3469,Monitor,4,2025-08-14,West,1021.85
1447,2888,Phone,2,2023-09-17,North,2029.1
1448,2046,Headphones,2,2024-10-02,East,373.17
1449,1574,Webcam,3,2024-07-15,East,110.26
1450,3190,Phone,4,2023-12-06,North,2088.86
1451,1992,Phone,1,2024-02-08,North,1271.65
1452,3712,Phone,2,2024-06-15,West,1454.6
1453,3192,Keyboard,1,2025-03-05,North,111.29
1454,2248,Monitor,-1,2025-10-30,East,1315.04
1455,4054,SSD,5,2024-08-16,East,468.5
1456,1502,Monitor,5,2024-09-08,South,1704.82
1457,2997,Mouse,2,2024-10-13,North,186.76
1458,1820,Monitor,3,2024-12-14,North,1038.82
1459,4687,Mouse,1,2023-12-10,East,188.54
1460,3151,Keyboard,2,2023-02-15,East,204.24
1461,4110,Headphones,3,2025-06-22,West,294.8
1462,2970,Mouse,1,2023-02-24,East,180.84
1463,1197,Phone,4,2025-05-05,West,1785.37
1464,2669,Headphones,5,2024-10-21,North,327.14
1465,3626,Webcam,3,2023-04-21,East,83.68
1466,3438,Keyboard,1,2025-11-04,North,229.38
1467,2202,Monitor,2,2023-03-19,North,616.02
1468,3601,Mouse,1,2024-05-15,East,79.2
1469,2471,SSD,2,2024-08-10,East,582.76
1470,4571,Phone,5,2024-02-22,South,1063.86
1471,4086,Laptop,5,2023-10-02,East,2935.35
1472,2646,Webcam,1,2025-12-22,South,378.35
1473,2692,Laptop,1,2025-08-30,West,3013.05
1474,2312,Headphones,2,2025-09-17,North,264.34
1475,3035,Monitor,2,2023-07-13,North,1471.93
1476,1477,SSD,3,2025-05-04,East,209.11
1477,2254,Laptop,3,2025-03-09,East,4918.26
1478,1922,Headphones,3,2023-10-28,East,237.51
1479,1419,Keyboard,1,2025-08-25,East,246.42
1480,3204,Headphones,3,2024-07-21,West,243.81
1481,3597,Webcam,1,2024-11-02,East,168.12
1482,4512,SSD,5,2023-05-29,East,
1483,2120,SSD,4,2025-02-07,East,203.69
1484,4068,Headphones,5,2023-05-19,West,360.98
1485,4044,Webcam,1,2025-05-10,North,264.59
1486,4482,Headphones,1,2023-10-19,East,507.92
1487,1950,SSD,4,2023-12-01,East,177.1
1488,3336,SSD,2,2024-11-29,North,310.27
1489,2277,Phone,2,2023-11-03,East,1140.27
1490,3243,Headphones,2,2025-07-13,North,278.94
1491,3645,Mouse,3,2025-09-07,North,90.23
1492,2857,Headphones,2,2025-06-16,West,277.14
1493,4593,SSD,3,2025-07-15,North,289.34
1494,1516,Phone,3,2023-12-10,East,2098.76
1495,2658,Phone,2,2024-10-18,South,1972.5
1496,2865,Keyboard,2,2023-09-18,East,135.37
1497,3912,Webcam,4,2023-06-18,North,126.88
1498,2141,Monitor,4,2024-10-21,South,1277.42
1499,3853,Laptop,3,2023-07-19,West,4756.54
1500,2932,Laptop,4,2024-08-04,South,2370.68
1501,4230,Headphones,3,2024-07-19,South,476.51
1502,1814,Keyboard,1,2024-01-30,South,199.84
1503,3275,Headphones,3,2023-12-17,North,394.3
1504,2900,Laptop,3,2023-01-28,South,4803.97
1505,3263,Webcam,4,2024-09-23,North,385.9
1506,3995,SSD,1,2024-01-15,East,259.73
1507,4767,Webcam,5,2024-06-11,West,338.71
1508,3062,Webcam,5,2025-06-21,East,278.66
1509,4228,Phone,5,2025-03-17,East,1495.04
1510,4719,SSD,1,2023-08-15,North,449.53
1511,4332,Monitor,2,2023-01-27,West,1933.95
1512,4228,SSD,1,2023-03-30,South,382.59
1513,3094,Keyboard,4,2024-09-10,West,285.02
1514,3371,Phone,3,2023-05-02,North,1892.91
1515,3891,Monitor,3,2025-05-15,West,1224.36
1516,4756,Keyboard,4,2023-02-02,East,211.04
1517,1129,Keyboard,4,2024-08-25,North,200.64
1518,4482,Laptop,3,2024-11-26,West,3265.09
1519,1094,Phone,2,2025-06-06,North,1756.18
1520,3674,Keyboard,2,2024-06-08,East,225.81
1521,3802,Mouse,2,2025-11-13,West,172.61
1522,2955,Webcam,4,2023-02-03,North,177.39
1523,4363,Keyboard,3,2023-09-04,South,53.66
1524,1793,Monitor,3,2025-11-08,East,1326.83
1525,2834,Laptop,3,2025-11-19,East,3467.85
1526,4354,Headphones,1,2023-02-18,West,127.1
1527,3116,Webcam,1,2025-06-30,East,282.4
1528,2683,Laptop,5,2023-06-29,South,4824.2
1529,1010,Headphones,1,2025-01-07,West,301.12
1530,4325,Phone,2,2024-08-12,West,2320.41
1531,2865,Phone,2,2024-05-10,North,2182.27
1532,3919,Keyboard,2,2024-03-06,North,90.43
1533,3597,Mouse,2,2025-11-24,South,163.84
1534,4205,Phone,5,2023-12-30,West,
1535,1711,SSD,2,2023-11-06,North,563.38
1536,3070,Keyboard,4,2025-09-08,West,97.36
1537,1814,Webcam,-1,2023-08-15,West,120.01
1538,1345,Laptop,4,2023-01-10,North,2723.84
1539,3349,Phone,1,2023-02-17,South,901.37
1540,1362,SSD,3,2023-07-23,South,294.04
1541,3443,Laptop,5,2025-09-15,South,2849.03
1542,3265,Laptop,4,2025-06-12,South,3248.65
1543,3188,Mouse,4,2023-06-06,East,108.71
1544,4687,Phone,2,2025-05-04,East,1046.02
1545,4005,Laptop,4,2023-01-26,West,3858.12
1546,4281,Mouse,2,2024-02-25,South,68.01
1547,1984,Mouse,2,2025-01-30,East,50.73
1548,4040,Phone,3,2025-02-12,West,2004.98
1549,4694,Mouse,1,2023-09-21,South,33.86
1550,2639,Phone,2,2024-08-10,South,1426.22
1551,1827,SSD,2,2025-08-15,East,214.98
1552,3730,Phone,3,2024-04-14,West,2300.75
1553,4531,Headphones,2,2023-09-11,South,512.23
1554,4051,Laptop,5,2025-01-09,East,2181.58
1555,1355,SSD,1,2023-04-28,West,397.7
1556,4055,Monitor,5,2024-07-03,North,943.03
1557,2347,Phone,4,2025-06-29,South,1127.33
1558,4204,Laptop,1,2025-05-19,East,2934.62
1559,3935,Webcam,4,2025-03-18,North,341.08
1560,4876,Mouse,2,2025-03-31,East,39.84
1561,2863,Keyboard,3,2024-07-17,North,212.06
1562,1126,Phone,5,2024-02-18,West,2352.73
1563,4177,Mouse,4,2025-05-29,West,106.17
1564,4056,Mouse,2,2025-09-19,North,183.26
1565,1603,Mouse,5,2023-01-01,North,184.16
1566,4870,Mouse,5,2023-06-16,East,133.63
1567,4449,Mouse,4,2023-01-16,South,107.49
1568,2928,Phone,2,2024-10-18,East,2054.03
1569,2013,Webcam,3,2023-04-22,North,373.19
1570,1050,Monitor,4,2024-08-16,North,1520.05
1571,4100,Headphones,5,2024-05-21,North,204.8
1572,4533,Mouse,5,2024-11-01,North,169.41
1573,4367,Mouse,1,2025-11-29,South,191.76
1574,4368,Headphones,2,2025-01-28,East,305.14
1575,4797,Webcam,1,2024-05-11,East,303.23
1576,3826,SSD,3,2025-08-22,East,383.17
1577,2430,Webcam,4,2023-10-08,South,115.84
1578,2792,SSD,5,2023-12-17,South,307.43
1579,3861,Phone,2,2023-11-30,North,1078.51
1580,2636,Laptop,5,2025-01-30,South,4020.72
1581,4476,Keyboard,1,2024-12-28,East,195.52
1582,4417,Keyboard,1,2025-04-02,East,58.38
1583,2645,Laptop,4,2023-01-14,South,2184.82
1584,3467,Phone,2,2025-12-15,East,1243.35
1585,2205,Keyboard,2,2023-12-08,North,236.21
1586,4030,Webcam,4,2023-07-18,West,120.59
1587,3872,Headphones,1,2024-11-08,West,202.39
1588,4072,Laptop,1,2024-10-19,South,4722.88
1589,2854,Webcam,1,2023-03-19,East,254.76
1590,1566,Monitor,5,2023-04-22,East,1431.27
1591,3418,Phone,3,2024-06-18,South,1574.8
1592,1935,Laptop,1,2025-09-18,West,2899.31
1593,2934,Keyboard,3,2025-02-28,East,112.28
1594,3708,Phone,3,2024-06-13,East,1801.67
1595,4502,Headphones,2,2023-04-10,East,335.49
1596,4016,Phone,4,2025-08-30,North,1485.16
1597,2332,Phone,5,2025-10-11,North,1980.45
1598,4208,Headphones,3,2023-05-05,North,302.08
1599,1201,Mouse,5,2025-10-11,North,36.24
1600,4507,Headphones,2,2024-06-02,West,519.83
1601,3360,Webcam,1,2023-01-23,South,181.89
1602,1116,Phone,3,2023-06-11,West,2408.88
1603,4737,SSD,4,2024-09-20,West,545.8
1604,1936,Headphones,2,2024-05-20,West,216.96
1605,4874,Mouse,5,2025-05-31,North,194.13
1606,1574,Webcam,1,2025-11-10,South,353.14
1607,3291,SSD,5,2024-04-27,South,593.26
1608,1536,SSD,4,2023-11-05,West,455.08
1609,2625,Laptop,3,2025-05-23,West,4792.18
1610,3122,Headphones,4,2023-07-22,North,445.05
1611,4877,Headphones,5,2024-10-01,South,527.55
1612,1385,Phone,5,2023-05-22,East,1837.73
1613,4974,Webcam,4,2025-09-30,North,377.34
1614,4281,Laptop,4,2024-09-06,West,3554.26
1615,1474,Monitor,4,2023-04-17,West,1604.85
1616,1417,Monitor,1,2024-06-12,East,1875.44
1617,3394,Keyboard,5,2024-07-29,East,155.6
1618,4600,Headphones,2,2025-08-26,East,113.2
1619,3687,Headphones,1,2024-11-18,South,156.52
1620,1938,Laptop,1,2023-10-18,West,4915.73
1621,1954,Mouse,1,2025-03-15,West,178.44
1622,1875,Monitor,2,2024-10-29,North,1225.13
1623,1762,Keyboard,4,2024-01-20,South,290.22
1624,2202,Laptop,5,2025-12-12,North,2556.82
1625,2205,Headphones,3,2024-12-01,West,155.48
1626,1663,Monitor,3,2023-01-13,North,1402.16
1627,1024,Webcam,5,2025-08-17,East,202.28
1628,2990,Keyboard,2,2023-06-09,South,134.94
1629,2203,Phone,3,2024-07-18,West,2048.06
1630,1709,Monitor,1,2023-01-08,East,725.02
1631,4572,Keyboard,3,2023-03-13,South,244.61
1632,2879,Laptop,5,2025-06-10,South,3078.35
1633,2184,Phone,1,2023-04-08,South,2477.45
1634,3224,Keyboard,3,2023-03-28,East,252.19
1635,1284,Keyboard,5,2023-04-11,East,211.56
1636,1062,SSD,2,2023-10-08,South,253.25
1637,2002,SSD,5,2025-06-01,South,580.39
1638,1661,SSD,2,2025-01-18,North,164.81
1639,3713,Headphones,1,2023-07-15,West,211.67
1640,3203,Mouse,5,2024-01-26,North,36.25
1641,4953,Monitor,4,2024-08-31,West,1949.77
1642,2492,Headphones,4,2024-03-25,East,535.72
1643,4120,Webcam,4,2023-05-01,East,384.67
1644,1966,Phone,4,2023-11-28,North,2015.56
1645,1848,Mouse,4,2025-12-11,North,34.66
1646,2107,Keyboard,2,2023-11-14,East,282.88
1647,4432,Headphones,5,2024-11-05,South,310.48
1648,1688,SSD,1,2024-12-02,North,315.69
1649,1147,Mouse,4,2024-11-23,West,78.3
1650,4701,Webcam,4,2025-10-13,South,171.78
1651,1341,Monitor,1,2023-01-21,North,1700.94
1652,3523,Webcam,1,2024-02-03,East,162.04
1653,2086,Phone,4,2023-07-21,West,1177.68
1654,2724,Laptop,2,2024-04-10,South,4094.06
1655,2383,Headphones,1,2025-06-14,East,243.73
1656,3608,SSD,5,2023-11-06,East,155.91
1657,1326,Phone,5,2024-05-18,West,2384.0
1658,2792,Laptop,2,2023-01-26,North,2940.69
1659,2759,SSD,3,2023-03-07,West,493.97
1660,4212,SSD,2,2023-09-20,South,361.04
1661,1989,SSD,4,2024-04-16,South,210.34
1662,3262,Headphones,3,2023-06-16,South,430.96
1663,3482,Phone,4,2025-03-10,North,1193.65
1664,4962,SSD,5,2023-12-09,East,279.56
1665,1951,Webcam,1,2024-12-18,East,90.37
1666,1722,Phone,4,2024-02-17,South,827.89
1667,4389,Mouse,5,2025-10-22,North,117.32
1668,3079,Webcam,2,2024-11-17,South,98.49
1669,3717,Headphones,4,2025-03-07,South,204.71
1670,3332,SSD,5,2024-04-27,South,565.71
1671,4376,Phone,1,2025-11-21,South,940.85
1672,1428,Keyboard,4,2023-01-15,North,122.7
1673,2500,Headphones,5,2023-01-17,South,463.26
1674,1285,Phone,4,2024-06-17,West,2303.35
1675,4215,Mouse,1,2023-03-22,North,37.86
1676,4495,SSD,4,2024-10-17,North,233.45
1677,4090,Laptop,4,2024-03-11,South,3163.65
1678,3065,SSD,5,2025-10-28,South,312.45
1679,1768,Laptop,3,2025-10-15,East,2865.58
1680,3637,Keyboard,4,2024-11-09,West,110.58
1681,2394,Headphones,3,2025-02-18,East,234.33
1682,4246,Mouse,2,2023-07-05,East,52.68
1683,4057,Phone,4,2024-02-26,South,1077.66
1684,1193,Phone,3,2024-04-10,North,1831.5
1685,3549,Laptop,2,2023-03-24,East,2876.57
1686,1987,Mouse,5,2024-07-20,West,97.95
1687,2136,Webcam,4,2024-10-04,West,211.83
1688,3161,Keyboard,5,2023-11-21,South,77.43
1689,4293,Laptop,2,2023-02-20,North,4458.48
1690,2701,Laptop,5,2025-11-16,North,4869.08
1691,1946,Keyboard,5,2024-11-07,North,115.89
1692,1830,Headphones,1,2025-09-07,West,247.21
1693,4715,Phone,2,2025-03-03,North,1978.36
1694,2920,Headphones,5,2025-12-21,South,140.29
1695,4335,Mouse,3,2024-10-18,West,184.24
1696,3972,Webcam,2,2023-04-27,North,118.59
1697,1054,SSD,1,2025-10-24,South,479.43
1698,4942,Monitor,4,2025-12-25,North,937.27
1699,4714,Monitor,5,2025-12-19,South,984.9
1700,1799,Monitor,3,2025-06-23,North,711.27
1701,1777,Keyboard,1,2024-05-16,East,211.58
1702,2481,Laptop,2,2025-03-09,East,4384.98
1703,2901,Webcam,5,2025-05-06,East,384.08
1704,3209,Headphones,1,2023-03-10,East,265.77
1705,4451,SSD,1,2024-10-25,West,429.53
1706,3134,Phone,3,2025-03-02,North,1505.49
1707,1054,Monitor,4,2023-08-09,West,1336.77
1708,4547,Headphones,4,2025-10-06,North,
1709,2823,Monitor,4,2023-08-11,South,1372.63
1710,2201,Webcam,2,2024-11-07,North,351.71
1711,4462,Monitor,1,2023-07-30,North,1795.48
1712,4420,Phone,2,2025-07-19,West,1621.76
1713,4079,SSD,1,2025-06-04,North,
1714,1832,Mouse,3,2025-05-31,South,
1715,1312,Mouse,3,2023-09-19,East,199.9
1716,3806,Webcam,2,2024-06-01,South,200.69
1717,2858,Mouse,2,2025-03-08,West,187.14
1718,3007,Keyboard,3,2025-12-22,West,295.87
1719,3006,Laptop,5,2024-06-23,South,3186.84
1720,3490,Keyboard,4,2024-02-21,North,229.07
1721,2790,Headphones,4,2023-02-22,North,390.55
1722,1327,Keyboard,3,2023-02-07,South,230.55
1723,4125,Headphones,4,2023-11-04,North,177.08
1724,3808,Headphones,5,2025-04-25,South,283.36
1725,4310,Laptop,5,2025-06-16,East,2188.39
1726,4300,Phone,1,2023-02-22,South,1842.47
1727,3626,SSD,2,2024-08-28,North,567.01
1728,4122,Webcam,4,2024-03-27,South,259.29
1729,4680,Laptop,5,2024-04-05,East,2210.99
1730,4675,Webcam,2,2025-02-13,South,377.72
1731,4054,Mouse,2,2024-01-30,North,52.6
1732,2287,Mouse,1,2025-11-26,South,180.1
1733,4489,Keyboard,2,2025-10-28,South,228.56
1734,4874,Headphones,2,2024-10-08,North,418.18
1735,3143,Monitor,3,2023-09-20,West,1380.27
1736,2111,Monitor,1,2024-09-23,East,696.72
1737,4149,Webcam,1,2024-06-13,East,240.27
1738,2311,Headphones,4,2023-10-28,West,198.35
1739,4191,Webcam,2,2024-04-29,East,262.97
1740,3861,Laptop,4,2023-04-02,East,3342.03
1741,3538,Phone,5,2023-11-11,South,1955.45
1742,4983,SSD,2,2025-08-02,East,592.12
1743,1451,Laptop,5,2023-08-26,North,3083.05
1744,2523,Headphones,3,2023-03-24,North,408.36
1745,1164,Headphones,2,2024-10-30,South,532.2
1746,1181,Phone,4,2023-06-27,East,957.98
1747,3516,Webcam,4,2023-09-07,South,336.08
1748,1909,Keyboard,2,2025-02-03,East,109.86
1749,3782,Keyboard,4,2024-10-28,East,185.07
1750,1822,Phone,2,2025-06-21,North,2485.55
1751,1943,Keyboard,1,2023-04-01,North,296.01
1752,3001,Monitor,4,2023-12-05,North,973.7
1753,3054,Keyboard,2,2023-06-18,North,82.94
1754,1329,Keyboard,2,2024-07-31,East,284.55
1755,1774,Keyboard,4,2025-02-18,East,273.38
1756,4744,Monitor,1,2023-06-19,North,1424.05
1757,3198,Webcam,4,2023-12-28,West,90.37
1758,4156,Keyboard,2,2023-09-01,West,237.82
1759,1146,Mouse,1,2023-05-18,South,57.35
1760,4695,Monitor,5,2025-11-17,East,1914.53
1761,4452,Phone,3,2024-06-02,North,1539.71
1762,1914,Laptop,4,2023-11-29,East,3845.35
1763,2571,Phone,2,2025-08-22,North,1277.84
1764,2308,Laptop,1,2024-07-16,East,3425.23
1765,3747,SSD,1,2024-03-01,South,489.59
1766,1081,Phone,5,2024-10-02,West,1636.43
1767,1513,Mouse,4,2024-12-09,South,174.02
1768,2920,Laptop,1,2023-04-17,North,4139.08
1769,3862,Laptop,5,2024-07-13,South,2232.08
1770,3756,Headphones,2,2023-05-18,East,403.42
1771,2939,Laptop,5,2024-09-06,East,3837.8
1772,4594,Laptop,4,2023-02-16,West,3142.7
1773,1745,Headphones,5,2024-01-03,West,261.36
1774,4070,Keyboard,1,2023-01-06,East,65.72
1775,2409,Keyboard,1,2024-06-06,North,161.54
1776,1706,Headphones,3,2024-06-12,North,268.3
1777,1470,Monitor,5,2023-03-07,West,1926.59
1778,4190,SSD,2,2024-02-24,West,453.38
1779,1395,Laptop,4,2025-07-22,North,3380.18
1780,2555,Laptop,3,2024-05-12,East,4263.84
1781,3308,Headphones,5,2023-11-27,East,489.38
1782,1804,Headphones,-1,2025-02-06,East,340.23
1783,1933,Monitor,3,2025-09-27,West,613.64
1784,2279,Mouse,1,2024-06-13,North,162.69
1785,2757,Keyboard,4,2023-08-31,West,72.57
1786,1904,Phone,5,2023-12-16,South,2240.76
1787,4297,Mouse,2,2025-11-06,South,86.81
1788,2076,Webcam,1,2025-01-04,South,284.24
1789,3987,Keyboard,3,2025-05-31,East,235.1
1790,2890,Laptop,4,2023-12-29,East,
1791,2523,Webcam,3,2025-10-11,East,203.08
1792,4577,Mouse,3,2024-06-08,East,132.7
1793,3901,Headphones,2,2025-04-10,East,
1794,2387,Monitor,1,2025-02-20,South,1576.65
1795,2303,Keyboard,5,2024-02-24,West,274.04
1796,1592,Monitor,2,2025-02-24,North,624.08
1797,3761,Webcam,4,2023-05-13,East,102.98
1798,4229,Keyboard,3,2023-01-14,North,228.38
1799,3679,SSD,4,2025-12-03,South,329.34
1800,3106,SSD,2,2023-10-22,North,366.73
1801,4798,Mouse,2,2024-03-20,West,132.73
1802,1127,Laptop,5,2025-12-21,North,4957.82
1803,1735,SSD,3,2024-02-16,South,180.22
1804,3768,SSD,2,2024-09-21,East,199.0
1805,4953,Phone,4,2023-11-17,North,2209.83
1806,4186,Monitor,5,2025-03-28,West,530.79
1807,4280,Monitor,4,2025-06-23,West,1175.68
1808,3573,SSD,3,2023-02-05,East,498.35
1809,1520,Phone,5,2025-03-01,North,1131.96
1810,3599,Monitor,5,2024-08-08,North,780.52
1811,1236,Monitor,5,2023-11-02,North,
1812,2304,Keyboard,1,2025-10-04,North,87.5
1813,4430,Keyboard,5,2025-06-11,North,219.64
1814,4272,Phone,4,2023-01-12,West,1140.23
1815,2781,Webcam,4,2023-03-24,East,152.59
1816,2301,Laptop,3,2025-11-21,South,3724.81
1817,4306,Mouse,2,2025-08-14,North,194.45
1818,3541,SSD,2,2024-12-13,East,561.25
1819,3051,SSD,1,2023-08-29,South,539.02
1820,3713,Mouse,5,2025-06-16,West,120.26
1821,1441,SSD,1,2025-06-14,North,283.99
1822,3076,SSD,3,2025-06-25,West,467.6
1823,4180,Webcam,3,2025-01-25,East,204.66
1824,3657,Monitor,2,2025-10-21,West,1666.86
1825,4798,Laptop,3,2024-08-23,North,2048.57
1826,1804,SSD,5,2023-10-09,North,388.29
1827,1074,Phone,4,2024-10-12,East,1373.5
1828,3885,Webcam,3,2024-08-21,West,159.7
1829,4217,SSD,1,2025-09-05,East,447.83
1830,3175,Phone,5,2025-10-08,East,1919.23
1831,4924,Keyboard,3,2025-06-18,North,59.27
1832,3089,Monitor,3,2025-06-12,South,1921.55
1833,2379,Headphones,5,2025-08-14,South,280.93
1834,1040,SSD,3,2023-08-07,East,562.83
1835,3981,Phone,4,2024-12-27,North,1792.32
1836,3081,Webcam,2,2025-10-05,North,288.83
1837,4088,Monitor,5,2024-06-01,East,1940.77
1838,2700,Laptop,1,2025-03-22,West,4466.59
1839,4224,Webcam,3,2024-05-16,East,124.81
1840,4045,Keyboard,2,2023-02-27,East,51.31
1841,2401,Mouse,1,2025-03-24,West,82.46
1842,1587,SSD,1,2024-09-05,North,369.84
1843,2622,Laptop,4,2024-03-01,North,4196.45
1844,4700,Phone,2,2025-06-01,East,1923.78
1845,4945,SSD,5,2024-03-07,South,290.79
1846,1341,Phone,2,2025-08-05,South,1721.39
1847,3074,Laptop,2,2025-07-23,North,3952.8
1848,4896,Phone,1,2024-02-09,East,1673.38
1849,4358,Webcam,4,2024-05-06,South,300.47
1850,1645,Monitor,4,2023-03-07,South,1227.83
1851,1730,Phone,2,2025-06-30,South,1700.46
1852,1167,Keyboard,2,2024-01-26,South,285.19
1853,1609,Monitor,3,2023-03-24,West,1083.74
1854,3315,Webcam,1,2025-09-29,West,321.83
1855,2772,SSD,5,2024-04-25,West,300.6
1856,3040,Headphones,5,2025-02-15,West,265.93
1857,3868,SSD,4,2025-02-23,North,567.0
1858,1454,Phone,1,2024-10-13,West,1987.74
1859,3953,Phone,4,2024-06-06,South,2379.23
1860,2708,Keyboard,5,2023-07-24,East,298.65
1861,4472,Webcam,2,2025-01-11,North,
1862,3969,Keyboard,1,2023-11-15,West,295.79
1863,4028,Mouse,1,2023-10-05,North,47.15
1864,4547,Webcam,3,2025-06-20,North,102.53
1865,1701,Laptop,2,2023-05-28,West,4303.43
1866,3681,Laptop,2,2025-02-16,East,3050.55
1867,4629,Laptop,4,2024-02-23,East,4753.44
1868,2599,Keyboard,1,2024-06-21,East,186.13
1869,1129,Laptop,4,2024-01-27,North,3158.33
1870,4067,Webcam,2,2025-07-28,East,103.5
1871,2845,Laptop,3,2023-08-30,North,3393.91
1872,2386,Headphones,1,2025-09-25,West,238.95
1873,4776,Laptop,2,2023-08-31,East,2229.84
1874,3866,Phone,3,2025-09-02,West,1939.66
1875,1692,Mouse,5,2024-11-14,South,196.15
1876,4363,Keyboard,2,2024-08-10,South,144.73
1877,2394,Monitor,5,2024-09-08,South,945.9
1878,1793,Mouse,4,2023-01-26,South,45.29
1879,1028,Headphones,5,2025-05-12,North,211.57
1880,1148,Keyboard,2,2023-03-20,West,121.24
1881,4850,Webcam,5,2025-10-08,South,190.14
1882,2319,SSD,1,2023-05-08,East,435.29
1883,3058,Keyboard,2,2024-02-17,North,78.72
1884,4583,Phone,3,2023-05-17,North,899.32
1885,3723,Webcam,5,2024-07-01,East,377.79
1886,2136,Mouse,1,2024-01-23,West,165.86
1887,1186,Mouse,4,2024-07-24,South,77.3
1888,3854,Laptop,4,2025-10-12,North,3916.38
1889,3791,Webcam,5,2024-02-25,North,269.6
1890,2250,SSD,4,2023-05-21,West,484.35
1891,2333,Phone,3,2023-02-20,East,2260.8
1892,1097,Laptop,2,2025-09-13,West,3073.26
1893,1054,Laptop,1,2025-07-17,North,3982.5
1894,3670,SSD,-1,2024-10-23,West,510.92
1895,3711,Keyboard,4,2024-01-01,West,224.82
1896,1757,Mouse,2,2025-06-26,West,186.76
1897,1405,Laptop,3,2025-09-24,North,3484.06
1898,3116,Headphones,4,2025-05-03,East,501.32
1899,4383,Headphones,4,2023-09-15,East,554.87
1900,2312,Mouse,1,2023-02-14,East,124.7
1901,2785,Headphones,3,2023-09-26,South,108.65
1902,4619,SSD,3,2024-11-02,East,518.1
1903,1750,Keyboard,5,2025-10-15,West,261.51
1904,4219,Phone,1,2025-05-06,East,1479.75
1905,4538,Monitor,5,2023-05-25,East,843.62
1906,2762,Laptop,1,2023-08-23,East,4934.45
1907,4315,Monitor,3,2024-11-21,East,1327.44
1908,4562,Phone,1,2024-12-20,South,1677.51
1909,4920,Phone,1,2023-12-19,South,2408.33
1910,4005,SSD,1,2025-09-20,East,333.64
1911,4578,Keyboard,2,2023-10-02,North,262.03
1912,1364,Headphones,2,2025-06-28,East,450.33
1913,3026,Headphones,3,2024-03-15,West,583.86
1914,1481,SSD,1,2025-12-22,East,342.89
1915,3248,Phone,3,2025-05-21,West,2342.96
1916,1153,Keyboard,2,2024-10-12,South,192.22
1917,4521,Keyboard,1,2025-07-31,North,168.97
1918,2524,Mouse,5,2023-02-03,South,81.96
1919,3120,Webcam,2,2024-12-05,West,256.86
1920,3760,Laptop,2,2025-05-16,West,3717.66
1921,3343,SSD,2,2025-09-11,South,554.28
1922,2040,Webcam,1,2025-04-11,North,305.3
1923,2664,SSD,4,2024-04-06,North,521.91
1924,2240,Headphones,5,2023-03-22,East,484.57
1925,1060,Phone,5,2023-11-18,East,
1926,1938,SSD,3,2024-02-19,East,242.61
1927,2639,SSD,1,2025-09-18,West,266.32
1928,3089,Mouse,2,2023-07-09,East,54.92
1929,1024,Monitor,4,2024-01-27,North,1078.94
1930,2062,Headphones,1,2023-06-17,South,426.95
1931,4874,Laptop,1,2024-10-25,West,3610.93
1932,1130,Keyboard,4,2024-01-16,East,219.8
1933,4569,Phone,2,2025-06-16,North,1405.37
1934,2252,Headphones,1,2025-05-13,South,202.64
1935,1107,Monitor,5,2023-03-03,East,804.14
1936,1171,SSD,5,2024-06-11,North,420.39
1937,2458,Laptop,4,2025-05-11,East,2492.88
1938,4549,SSD,2,2023-05-30,East,328.73
1939,1101,Laptop,4,2023-04-26,North,2638.5
1940,3913,Mouse,1,2025-04-03,East,142.67
1941,3571,SSD,5,2023-03-06,North,426.94
1942,3322,Headphones,3,2023-11-06,South,290.56
1943,2636,Monitor,4,2024-12-06,South,693.08
1944,4115,Laptop,3,2025-05-03,East,2635.45
1945,3864,Phone,3,2025-10-20,East,1602.76
1946,4004,Laptop,5,2023-11-02,North,4916.25
1947,2040,Monitor,4,2025-05-22,West,906.16
1948,1329,Keyboard,3,2023-06-18,North,97.8
1949,4640,Keyboard,1,2025-10-27,East,105.17
1950,4894,Mouse,2,2024-08-10,East,150.38
1951,2520,Headphones,2,2025-01-31,East,557.34
1952,4886,Monitor,5,2023-12-13,North,612.76
1953,1011,Mouse,4,2025-08-12,North,157.38
1954,2341,Webcam,4,2025-01-04,South,238.27
1955,4663,Laptop,2,2024-02-14,North,4475.57
1956,1215,Webcam,1,2024-06-26,West,214.88
1957,1338,Laptop,2,2023-12-21,North,2015.65
1958,2799,Keyboard,2,2024-12-13,South,220.7
1959,3708,Mouse,4,2024-08-06,South,167.36
1960,4152,Keyboard,3,2024-05-25,East,275.51
1961,2750,Phone,1,2024-06-16,East,1767.39
1962,2508,Webcam,4,2024-06-11,South,119.06
1963,3421,Webcam,2,2025-08-04,North,198.35
1964,4023,Keyboard,3,2025-04-03,East,246.06
1965,1709,Phone,1,2023-03-19,North,1640.5
1966,2223,Laptop,5,2024-03-15,East,4097.73
1967,4608,Mouse,1,2024-07-02,West,30.8
1968,3513,Phone,1,2024-02-04,North,924.1
1969,2112,Mouse,2,2024-12-01,South,145.8
1970,2291,Webcam,2,2023-05-06,North,
1971,4726,Mouse,5,2025-04-13,West,95.99
1972,4642,Webcam,5,2024-06-27,East,285.48
1973,4993,Phone,5,2024-05-16,North,990.42
1974,1488,Webcam,4,2025-04-03,South,346.47
1975,4948,SSD,4,2024-01-22,East,215.0
1976,2561,Headphones,2,2024-02-16,South,466.64
1977,1046,Webcam,2,2023-11-24,North,173.68
1978,4359,Keyboard,5,2023-04-10,East,114.99
1979,1777,Phone,4,2024-04-05,East,2196.15
1980,2039,SSD,3,2023-01-25,South,398.49
1981,1710,Laptop,4,2024-05-08,North,2616.49
1982,1400,Mouse,2,2023-12-19,West,30.43
1983,4990,SSD,4,2025-05-18,North,587.87
1984,2817,Monitor,2,2023-07-18,East,1147.08
1985,4028,SSD,5,2025-04-26,East,328.84
1986,4157,Phone,5,2024-06-09,South,885.53
1987,1249,SSD,5,2024-06-24,East,552.48
1988,1390,SSD,3,2024-04-21,South,213.26
1989,4853,Keyboard,3,2023-01-10,East,133.86
1990,1334,Webcam,2,2024-06-07,East,214.75
1991,1628,Mouse,1,2025-03-20,West,167.72
1992,4590,Headphones,3,2025-02-10,East,279.73
1993,1136,Laptop,2,2025-05-09,North,3594.39
1994,3930,Headphones,4,2025-10-26,North,314.37
1995,3735,SSD,5,2025-11-24,North,290.33
1996,4911,Monitor,5,2023-06-24,West,1919.45
1997,2521,Phone,5,2024-03-17,West,2154.69
1998,1826,Mouse,2,2025-11-02,North,59.64
1999,1726,Phone,5,2023-09-03,South,1743.0
2000,2500,Keyboard,3,2024-11-05,North,249.14
2001,3641,Phone,4,2023-04-24,West,1785.64
2002,4294,Laptop,5,2025-10-08,North,3481.34
2003,1989,Monitor,2,2025-03-04,East,608.09
2004,3419,Headphones,4,2023-08-21,North,153.03
2005,1934,SSD,5,2025-09-06,South,260.36
2006,4042,SSD,1,2023-05-06,North,381.03
2007,1401,Monitor,5,2024-05-25,South,1980.95
2008,2466,Mouse,3,2023-10-08,South,166.39
2009,4561,Phone,4,2025-03-08,South,987.09
2010,1614,Mouse,3,2025-09-04,North,151.93
2011,2296,Headphones,1,2025-06-21,South,505.24
2012,4597,Mouse,1,2024-10-12,West,100.42
2013,2182,Keyboard,3,2024-01-27,East,132.54
2014,4223,Monitor,4,2024-01-17,East,1376.92
2015,4042,Headphones,1,2023-08-04,South,359.58
2016,3667,Headphones,1,2024-06-25,East,232.61
2017,3235,Webcam,5,2024-08-28,South,207.16
2018,4884,Headphones,2,2023-04-26,North,372.22
2019,2121,Webcam,1,2024-05-23,South,265.58
2020,1130,Laptop,4,2023-09-28,North,3595.25
2021,3852,SSD,4,2025-11-28,North,530.75
2022,2194,Webcam,5,2025-11-13,North,90.16
2023,3983,Monitor,4,2025-02-14,North,999.48
2024,4033,Mouse,5,2025-12-02,South,157.47
2025,1182,Webcam,1,2023-12-06,East,288.57
2026,4030,Headphones,1,2023-06-18,East,559.13
2027,1363,Monitor,1,2024-10-23,West,1382.03
2028,1038,Webcam,1,2023-05-23,North,284.21
2029,4598,Webcam,2,2024-07-28,North,305.58
2030,4959,Headphones,2,2024-04-19,West,193.1
2031,3544,Keyboard,1,2023-11-07,South,238.31
2032,4587,Keyboard,4,2025-12-19,East,124.97
2033,2372,Webcam,5,2025-11-18,South,
2034,4029,Keyboard,3,2024-06-14,South,53.5
2035,1920,Phone,5,2025-09-17,North,2234.06
2036,4468,Headphones,3,2023-03-14,West,576.75
2037,3769,Phone,3,2025-05-18,North,
2038,4232,Monitor,1,2024-01-29,South,1452.8
2039,1015,Phone,3,2024-04-25,East,2433.32
2040,1492,Monitor,1,2024-04-17,East,1410.35
2041,2449,Webcam,2,2023-11-09,West,335.34
2042,2131,Monitor,4,2025-08-09,North,677.19
2043,3941,Monitor,3,2023-11-20,East,867.27
2044,4521,Mouse,4,2025-10-09,South,88.77
2045,1310,Phone,1,2025-08-22,North,2467.98
2046,1738,Mouse,3,2023-03-28,East,162.9
2047,4241,Webcam,5,2023-12-25,South,363.41
2048,1545,Headphones,2,2024-11-25,East,343.54
2049,3461,Phone,2,2023-07-16,West,2018.57
2050,1250,Headphones,3,2025-01-25,South,465.78
2051,1758,Headphones,2,2025-09-03,West,384.46
2052,2804,Monitor,5,2024-05-12,East,1816.95
2053,4212,SSD,4,2025-06-26,East,221.21
2054,2297,Phone,5,2025-07-19,West,897.78
2055,4487,Headphones,2,2024-04-06,North,252.03
2056,2631,SSD,4,2025-08-27,West,
2057,4810,Keyboard,5,2023-08-22,South,65.08
2058,2914,Headphones,1,2024-02-21,West,309.54
2059,4110,Keyboard,1,2023-06-02,South,100.13
2060,1813,Phone,4,2023-09-29,West,2143.25
2061,1028,Webcam,4,2024-01-27,West,265.53
2062,1957,Mouse,4,2024-06-30,East,91.3
2063,3032,Phone,1,2024-12-25,East,1287.13
2064,1476,Mouse,5,2023-07-08,East,125.73
2065,1317,Mouse,4,2025-03-22,North,103.78
2066,1244,Phone,1,2024-01-30,North,894.75
2067,1747,Headphones,4,2024-10-23,South,432.6
2068,1696,Laptop,4,2025-05-02,East,3499.27
2069,1271,Headphones,-1,2024-08-16,North,238.45
2070,4511,Headphones,1,2023-07-09,South,245.21
2071,2771,Webcam,5,2023-08-22,North,224.89
2072,2262,Monitor,1,2023-08-20,North,1741.39
2073,3424,Monitor,1,2023-12-24,North,1134.58
2074,1265,Headphones,4,2024-04-22,South,519.79
2075,3973,Keyboard,3,2023-08-25,North,156.22
2076,1920,Webcam,3,2025-11-22,East,345.57
2077,4430,Mouse,3,2023-08-01,North,188.36
2078,1339,SSD,1,2024-01-14,West,159.26
2079,1388,Monitor,4,2025-10-22,East,593.38
2080,3624,Headphones,3,2025-06-27,North,167.01
2081,4760,Webcam,2,2024-03-25,North,
2082,3050,Laptop,2,2024-07-22,East,3363.43
2083,4500,Keyboard,2,2025-03-23,North,241.01
2084,2165,Phone,5,2023-10-06,West,2434.26
2085,1375,Headphones,4,2023-08-02,South,308.89
2086,4741,Webcam,1,2024-12-18,East,300.31
2087,3033,Headphones,1,2025-08-27,West,417.75
2088,3371,SSD,4,2025-10-31,East,326.93
2089,1145,Mouse,5,2025-05-20,West,
2090,2981,Keyboard,4,2025-12-06,West,197.99
2091,1292,Monitor,5,2024-03-13,West,1639.91
2092,4736,Monitor,3,2024-11-01,West,790.47
2093,1431,Monitor,3,2025-06-22,North,1040.41
2094,1704,SSD,5,2025-11-11,South,452.05
2095,3996,Phone,4,2025-06-10,South,
2096,2998,Webcam,3,2024-01-24,West,326.53
2097,3632,Keyboard,4,2023-05-15,South,83.36
2098,1398,Keyboard,3,2024-06-15,North,131.11
2099,3864,Monitor,4,2023-08-08,East,856.29
2100,4960,Monitor,4,2023-11-29,South,591.48
2101,4415,Mouse,2,2025-11-21,East,76.01
2102,1963,SSD,5,2023-12-23,West,560.18
2103,4211,Laptop,1,2024-02-05,East,2080.79
2104,3234,Laptop,5,2025-06-14,East,2050.49
2105,3041,Headphones,4,2025-09-16,East,452.13
2106,2828,Headphones,4,2024-12-09,East,283.43
2107,3108,Keyboard,5,2025-11-23,North,107.44
2108,1938,Keyboard,4,2023-09-05,South,177.22
2109,4451,Phone,3,2025-08-03,North,1253.35
2110,1709,Phone,4,2023-02-11,East,1466.43
2111,1806,Laptop,5,2025-03-11,East,4146.01
2112,2463,SSD,5,2023-05-03,South,202.61
2113,4390,Headphones,5,2023-01-27,East,579.83
2114,2325,Laptop,2,2024-07-24,South,2127.59
2115,4415,SSD,2,2024-05-10,North,512.94
2116,1010,Laptop,2,2024-04-30,North,4173.77
2117,2085,Headphones,2,2025-06-17,East,241.04
2118,2868,Webcam,2,2024-12-11,East,117.86
2119,3273,Phone,2,2024-01-11,South,2249.04
2120,4224,Mouse,2,2024-10-26,East,145.53
2121,4782,Mouse,5,2025-02-21,South,79.45
2122,3611,Mouse,1,2025-04-30,West,32.88
2123,1771,Headphones,2,2024-11-04,South,569.25
2124,2594,Monitor,5,2023-12-28,West,1106.38
2125,2607,Monitor,1,2024-11-14,East,764.4
2126,4731,Monitor,-1,2023-09-04,East,1867.75
2127,4932,Keyboard,1,2024-06-18,East,139.76
2128,4646,Phone,1,2023-11-10,South,1587.53
2129,2333,Phone,3,2024-03-19,East,1987.65
2130,1884,Webcam,4,2025-05-18,South,342.21
2131,4314,Webcam,3,2024-08-04,South,112.06
2132,4564,Keyboard,1,2025-05-20,East,274.67
2133,2389,Laptop,5,2024-07-01,South,4797.62
2134,4401,SSD,2,2025-11-13,North,266.67
2135,4178,Webcam,4,2024-04-09,West,239.16
2136,1225,Mouse,2,2025-11-11,West,175.84
2137,1824,Monitor,5,2024-05-16,East,1231.02
2138,3265,Mouse,4,2025-04-30,West,111.94
2139,1936,Monitor,3,2024-12-16,West,1427.78
2140,3800,Mouse,1,2025-06-10,East,160.46
2141,3553,Laptop,5,2024-05-15,West,3996.85
2142,3306,SSD,1,2025-01-04,South,431.95
2143,2911,Mouse,1,2024-08-15,East,93.18
2144,4845,Mouse,2,2024-02-11,North,137.11
2145,4588,Headphones,5,2024-12-03,East,151.64
2146,2796,SSD,1,2023-10-13,West,334.3
2147,1053,Mouse,3,2023-05-27,South,62.02
2148,4118,Headphones,4,2025-03-04,East,368.78
2149,1726,Phone,5,2024-01-19,West,1245.48
2150,3736,SSD,2,2023-01-11,West,377.67
2151,2544,Keyboard,5,2023-10-03,North,244.33
2152,4170,SSD,2,2025-06-04,West,345.3
2153,2043,SSD,4,2025-08-21,North,248.43
2154,2913,Mouse,3,2023-10-30,East,67.91
2155,2776,Phone,1,2023-07-23,South,2340.63
2156,2596,SSD,5,2023-12-11,North,501.41
2157,2914,Webcam,2,2025-04-05,North,91.7
2158,4561,Webcam,4,2023-01-22,South,381.67
2159,3466,Headphones,1,2025-04-18,East,156.28
2160,3737,Mouse,4,2024-06-19,North,141.0
2161,1849,Mouse,3,2025-09-07,West,123.76
2162,3109,SSD,1,2023-09-20,West,171.0
2163,4216,Laptop,1,2024-08-06,East,2885.52
2164,3263,Phone,1,2025-10-09,South,2118.95
2165,1002,Monitor,2,2024-01-18,East,960.32
2166,1159,Monitor,1,2025-07-05,North,1220.5
2167,4810,Laptop,4,2024-01-27,North,4093.85
2168,1780,Headphones,2,2025-06-07,West,135.79
2169,4191,Monitor,1,2024-06-23,North,1748.91
2170,1892,SSD,4,2024-07-19,West,168.71
2171,3030,Monitor,4,2025-06-02,North,893.58
2172,4160,Webcam,5,2023-08-16,North,324.18
2173,3376,Webcam,4,2024-04-17,North,371.8
2174,1579,Keyboard,3,2024-01-07,East,240.09
2175,2933,Phone,1,2023-02-06,South,1185.9
2176,2380,Headphones,1,2024-11-21,North,592.86
2177,4681,Mouse,1,2025-04-23,East,100.27
2178,2290,Phone,4,2025-11-26,West,1439.97
2179,2640,Headphones,4,2023-04-11,East,532.62
2180,1951,Monitor,1,2024-10-19,North,599.31
2181,4394,Keyboard,2,2023-03-31,North,189.02
2182,3682,Phone,2,2025-10-26,East,2441.56
2183,1987,Monitor,3,2025-06-23,East,650.2
2184,4612,Headphones,5,2023-04-05,West,370.42
2185,4720,Phone,3,2024-09-23,East,1025.18
2186,2218,Mouse,1,2023-05-03,North,181.3
2187,1920,Phone,1,2024-01-01,South,1799.17
2188,3785,Monitor,1,2024-11-21,East,851.91
2189,2355,SSD,5,2023-11-21,South,288.17
2190,1169,SSD,4,2024-02-11,West,382.48
2191,1520,Phone,5,2025-09-22,South,2033.09
2192,2486,Mouse,3,2024-06-02,East,112.87
2193,1039,Keyboard,4,2025-06-14,North,97.32
2194,2560,Keyboard,4,2023-03-18,North,227.03
2195,4332,SSD,3,2023-08-22,East,203.26
2196,2418,Monitor,4,2025-04-09,East,1714.11
2197,1954,Headphones,2,2024-08-08,North,297.8
2198,4297,Monitor,3,2024-04-28,North,1479.07
2199,1983,Keyboard,3,2023-09-28,East,136.18
2200,4195,Laptop,2,2025-07-27,West,4007.22
2201,1974,Laptop,5,2024-04-13,South,4667.56
2202,1037,Phone,5,2024-09-23,East,1992.39
2203,3375,Mouse,5,2024-06-30,North,144.14
2204,2274,SSD,4,2024-12-19,East,490.83
2205,4972,Webcam,2,2025-10-04,East,240.07
2206,2199,Webcam,3,2023-09-27,North,150.49
2207,2625,Webcam,3,2024-08-27,East,340.97
2208,1913,Phone,3,2025-08-22,South,1902.42
2209,1453,Laptop,4,2024-01-13,North,2941.46
2210,1036,Keyboard,4,2023-06-26,East,118.97
2211,4387,Phone,5,2023-10-01,South,1649.88
2212,2711,Webcam,4,2024-09-28,East,146.34
2213,4020,Webcam,5,2023-01-27,North,361.04
2214,1795,SSD,5,2024-07-29,East,504.86
2215,1972,Monitor,3,2023-03-01,North,962.47
2216,1592,Webcam,4,2024-12-31,North,95.81
2217,2137,Mouse,5,2024-10-22,East,38.82
2218,4111,Webcam,2,2023-09-27,South,175.08
2219,2324,Monitor,2,2023-09-02,West,721.26
2220,3271,Webcam,4,2024-10-21,East,359.47
2221,1317,Mouse,3,2023-03-26,South,101.53
2222,3396,Keyboard,3,2025-06-25,West,137.01
2223,3162,Phone,5,2024-06-19,South,1170.43
2224,3745,Mouse,4,2023-03-30,North,173.0
2225,2346,Monitor,2,2024-07-02,South,1688.7
2226,2591,Phone,-1,2025-05-03,West,1453.36
2227,4111,Phone,5,2025-06-13,East,1087.91
2228,2889,Monitor,1,2024-05-21,East,1927.98
2229,3087,SSD,4,2024-02-12,East,292.14
2230,4930,Laptop,5,2024-06-07,East,4313.28
2231,2996,Webcam,2,2024-08-29,East,228.18
2232,2772,Mouse,1,2025-09-29,North,162.88
2233,2312,Monitor,2,2024-03-23,North,1222.41
2234,2285,Keyboard,3,2024-06-26,South,281.39
2235,1215,Headphones,1,2025-08-06,West,500.21
2236,4218,Monitor,1,2023-12-16,East,890.43
2237,3383,Webcam,5,2025-05-01,East,217.72
2238,4239,Webcam,3,2023-11-24,North,112.19
2239,3139,Phone,5,2025-11-24,North,2335.9
2240,3400,Phone,4,2024-09-14,West,917.8
2241,3618,Monitor,2,2024-05-02,North,527.36
2242,4642,Headphones,2,2024-05-01,East,348.22
2243,3863,SSD,5,2023-05-25,North,421.41
2244,2704,Monitor,2,2025-01-25,East,
2245,3828,Headphones,2,2023-05-26,East,385.27
2246,1362,SSD,4,2025-10-17,East,553.0
2247,3604,Headphones,3,2025-04-07,South,413.06
2248,4416,Webcam,1,2024-09-18,East,225.84
2249,2716,Webcam,5,2024-06-17,South,126.22
2250,2193,Webcam,5,2024-09-21,West,134.06
2251,1355,Keyboard,4,2025-05-30,East,171.09
2252,1190,Webcam,4,2024-02-19,North,228.2
2253,4738,Mouse,1,2023-09-14,East,118.81
2254,3469,Phone,3,2023-03-28,East,1663.41
2255,1699,Phone,-1,2025-06-23,West,1380.17
2256,3054,Headphones,4,2024-07-23,North,
2257,3180,Phone,5,2025-01-11,North,1160.76
2258,4818,Laptop,2,2023-04-18,West,4556.99
2259,1556,SSD,5,2025-11-08,West,237.48
2260,1825,Headphones,3,2023-06-09,South,307.94
2261,3808,Phone,3,2023-04-10,North,1158.26
2262,2054,Laptop,5,2023-09-22,South,3855.36
2263,3582,SSD,2,2025-01-19,North,364.94
2264,1425,Keyboard,3,2025-12-08,South,143.58
2265,4465,Phone,4,2024-11-07,South,1607.73
2266,3719,Laptop,5,2025-03-09,West,3263.72
2267,3410,Monitor,2,2025-12-18,North,1782.75
2268,4508,Mouse,4,2023-07-02,East,51.13
2269,4741,Monitor,5,2024-10-20,East,1689.77
2270,2574,Laptop,2,2024-08-30,East,3965.99
2271,4998,Headphones,4,2024-10-04,East,274.16
2272,3129,Webcam,3,2023-12-13,East,374.11
2273,3403,Webcam,5,2025-03-22,West,136.62
2274,4329,Webcam,5,2025-03-11,East,179.29
2275,4789,SSD,3,2025-11-19,North,318.68
2276,1588,Headphones,1,2023-05-26,North,423.9
2277,3012,SSD,4,2024-05-17,West,575.89
2278,2547,Phone,3,2025-03-09,East,1808.86
2279,1294,Webcam,5,2025-08-25,West,354.02
2280,2985,Monitor,4,2024-04-15,South,1857.46
2281,2247,Headphones,4,2024-11-20,North,333.23
2282,2548,Headphones,1,2023-01-01,South,336.22
2283,4117,Webcam,5,2023-04-20,South,160.0
2284,2690,Monitor,2,2025-06-12,East,1402.38
2285,2136,Keyboard,1,2025-12-23,West,80.01
2286,2256,Headphones,1,2025-01-25,East,417.16
2287,3064,Webcam,2,2023-02-22,North,365.73
2288,1359,Mouse,2,2023-09-19,East,159.33
2289,4294,Laptop,1,2025-06-04,East,3947.57
2290,3913,SSD,4,2023-08-22,East,527.28
2291,1699,Phone,3,2023-03-14,East,2040.69
2292,1447,Headphones,3,2025-08-08,East,364.83
2293,3903,Mouse,1,2024-04-28,South,118.58
2294,3412,Mouse,4,2025-10-26,East,48.19
2295,1674,Headphones,2,2025-05-26,East,317.21
2296,2007,Keyboard,1,2025-05-08,North,180.61
2297,2349,Laptop,5,2023-05-17,South,3409.75
2298,3514,Phone,4,2025-02-17,South,2119.22
2299,3461,Headphones,5,2024-09-19,North,180.48
2300,4526,SSD,5,2024-07-08,West,507.7
2301,1585,Phone,1,2025-01-12,South,2060.83
2302,2256,Monitor,4,2024-07-23,North,1851.23
2303,2247,Mouse,5,2024-02-14,South,93.49
2304,1993,Mouse,4,2025-11-25,North,60.01
2305,4902,Headphones,3,2023-08-18,East,479.31
2306,2435,Headphones,5,2023-09-19,East,394.22
2307,1571,SSD,5,2025-06-10,North,470.62
2308,3382,Monitor,4,2024-03-23,West,1995.11
2309,2245,Keyboard,3,2023-07-05,North,98.63
2310,3084,Headphones,5,2023-12-18,East,305.53
2311,1988,Mouse,1,2024-01-19,West,62.76
2312,1277,Phone,4,2025-11-25,East,2263.06
2313,2219,Laptop,4,2023-11-22,West,2050.94
2314,3963,Webcam,5,2024-04-09,West,123.27
2315,2887,Phone,3,2024-04-10,West,1221.38
2316,1483,Keyboard,5,2023-06-11,South,242.83
2317,2265,Laptop,2,2024-07-09,East,3885.36
2318,4395,Phone,5,2023-10-27,West,1460.64
2319,1730,Phone,2,2023-12-22,West,1069.79
2320,3239,Monitor,1,2024-07-17,West,982.41
2321,2040,Webcam,4,2025-03-03,West,317.89
2322,3571,SSD,4,2025-10-19,East,321.88
2323,1917,Keyboard,3,2024-08-08,North,165.65
2324,3448,Mouse,5,2025-01-19,South,133.47
2325,4977,Monitor,-1,2023-05-20,North,1869.33
2326,1885,Laptop,2,2023-08-23,North,2750.32
2327,3752,Webcam,3,2025-10-23,North,223.36
2328,1021,Mouse,1,2023-09-13,North,82.75
2329,1473,Monitor,1,2024-01-06,North,1199.28
2330,4191,Webcam,2,2023-10-05,West,302.87
2331,3257,SSD,2,2024-05-30,South,366.93
2332,3353,Keyboard,4,2025-06-22,North,258.63
2333,4341,Headphones,5,2023-09-27,East,376.63
2334,1703,SSD,3,2024-04-20,West,323.59
2335,1686,Headphones,5,2025-07-16,South,491.16
2336,1284,Laptop,3,2023-03-05,North,3293.97
2337,1715,Headphones,1,2024-04-04,North,357.78
2338,4747,Monitor,2,2025-11-05,South,1992.01
2339,1762,Laptop,2,2024-07-17,North,4359.3
2340,2250,Mouse,1,2025-11-08,East,175.37
2341,1947,SSD,1,2025-06-26,West,416.78
2342,3428,SSD,3,2023-04-03,East,306.7
2343,3507,Keyboard,1,2025-02-11,South,297.82
2344,2030,Laptop,3,2025-03-20,North,
2345,1028,Mouse,5,2025-11-06,South,178.38
2346,1906,SSD,2,2025-04-19,South,560.09
2347,4104,Laptop,2,2024-05-02,East,4452.66
2348,4717,Phone,2,2025-10-30,West,993.94
2349,3926,Phone,5,2025-01-18,North,2251.99
2350,3126,Laptop,5,2024-06-11,West,3991.33
2351,4999,SSD,4,2024-07-07,West,456.37
2352,3994,Webcam,3,2024-05-29,North,331.69
2353,3506,Headphones,3,2024-01-12,North,345.27
2354,1569,Phone,4,2024-04-28,South,1254.17
2355,3006,Webcam,2,2024-03-27,East,263.98
2356,4609,Webcam,3,2025-02-25,North,114.78
2357,4553,Keyboard,3,2025-11-29,North,218.7
2358,2453,Mouse,2,2023-10-29,West,112.1
2359,1737,Monitor,1,2025-12-21,North,1253.5
2360,4356,Phone,1,2025-09-25,South,1115.9
2361,1515,Laptop,4,2023-01-18,East,2123.85
2362,3000,Headphones,5,2024-02-02,West,405.63
2363,4170,Monitor,3,2025-10-03,South,1488.25
2364,3444,Mouse,3,2024-08-16,North,114.71
2365,4560,Webcam,4,2023-07-08,East,325.03
2366,1038,Mouse,4,2023-04-14,East,125.83
2367,4342,SSD,3,2023-02-02,West,531.69
2368,1886,Phone,2,2025-01-18,North,1289.8
2369,3844,Mouse,2,2024-01-09,East,71.33
2370,3204,Mouse,5,2025-11-01,South,74.39
2371,2098,Headphones,3,2025-01-10,West,115.26
2372,3931,SSD,3,2025-06-08,South,555.28
2373,2823,SSD,3,2024-03-31,South,599.63
2374,4201,Webcam,3,2023-09-06,North,341.29
2375,2710,Headphones,4,2024-03-23,South,306.3
2376,1973,Headphones,1,2025-10-14,South,276.97
2377,4155,Laptop,3,2025-09-06,North,4324.05
2378,4093,Mouse,1,2025-10-24,South,116.69
2379,4530,Mouse,2,2023-06-22,South,189.71
2380,2562,SSD,5,2024-01-06,West,275.81
2381,4778,Mouse,2,2025-03-01,North,
2382,3896,Keyboard,3,2025-01-18,East,299.71
2383,4453,Headphones,2,2025-02-25,East,589.09
2384,3795,Monitor,4,2025-04-19,North,1827.79
2385,4511,SSD,1,2024-02-04,North,332.08
2386,4675,Phone,3,2025-12-17,West,2223.94
2387,1988,SSD,4,2024-07-01,North,277.53
2388,1020,Webcam,1,2024-02-12,North,161.52
2389,3350,Monitor,4,2024-10-02,South,1319.66
2390,1868,Webcam,2,2023-03-05,South,355.28
2391,1083,Laptop,3,2024-07-27,South,2292.42
2392,4845,Laptop,2,2024-02-24,West,3695.92
2393,2682,Webcam,5,2023-05-26,West,275.12
2394,2976,Mouse,3,2023-01-17,West,128.57
2395,4524,Monitor,2,2023-04-08,South,827.75
2396,2410,Mouse,3,2024-03-27,West,40.9
2397,2530,SSD,1,2025-09-01,East,552.75
2398,4328,Keyboard,3,2025-06-16,West,193.63
2399,1569,Laptop,3,2025-10-12,East,4303.71
2400,4963,Laptop,1,2024-04-23,North,3093.31
2401,1933,Monitor,2,2023-07-20,West,563.75
2402,4598,Laptop,3,2023-06-28,South,
2403,4233,Keyboard,4,2024-05-22,West,68.34
2404,2980,Keyboard,3,2024-03-28,North,69.56
2405,4234,Keyboard,2,2023-09-27,West,103.61
2406,2855,Phone,1,2024-04-30,North,1877.08
2407,4056,Keyboard,2,2024-07-31,South,254.44
2408,1792,Keyboard,5,2023-12-04,East,255.34
2409,1791,Phone,3,2025-05-10,East,2394.19
2410,4595,Mouse,3,2025-01-26,East,141.58
2411,2809,SSD,1,2025-01-26,South,158.94
2412,2294,Headphones,3,2024-08-06,North,288.7
2413,3539,Laptop,4,2025-12-08,South,2334.38
2414,3255,Keyboard,4,2023-12-12,South,244.37
2415,4610,Laptop,2,2024-12-02,East,2359.07
2416,2607,Monitor,1,2023-10-20,North,658.88
2417,2083,Laptop,5,2025-03-06,South,2084.63
2418,3477,Webcam,2,2025-10-18,West,385.76
2419,1984,Mouse,1,2023-03-18,North,163.57
2420,2680,SSD,1,2025-03-27,East,299.99
2421,4676,Phone,2,2025-06-14,North,1439.95
2422,4380,Laptop,2,2024-10-12,North,2178.29
2423,1519,Laptop,3,2024-06-30,East,2473.75
2424,1590,Laptop,5,2024-01-29,South,2934.35
2425,2050,Headphones,4,2023-11-21,East,293.93
2426,2709,Headphones,3,2023-05-31,West,409.99
2427,4633,Monitor,1,2025-05-28,West,1025.5
2428,3035,Phone,5,2025-11-21,West,2422.82
2429,3246,Laptop,5,2023-09-29,East,3028.38
2430,3434,Laptop,2,2025-04-15,South,4824.79
2431,1348,Laptop,5,2024-01-03,South,4189.58
2432,1959,Laptop,5,2024-08-12,East,4699.69
2433,2963,Headphones,1,2024-08-10,East,451.58
2434,1692,Mouse,3,2024-07-25,North,126.66
2435,2559,Mouse,5,2023-03-21,North,116.54
2436,4899,Monitor,2,2023-09-15,South,937.01
2437,1377,Webcam,3,2023-10-06,North,175.42
2438,3946,Keyboard,2,2024-05-18,North,105.8
2439,3963,Phone,5,2024-07-11,East,1455.42
2440,4629,Mouse,3,2024-05-05,North,51.59
2441,1526,Webcam,5,2024-07-19,East,204.03
2442,4224,SSD,1,2024-06-04,East,
2443,3781,SSD,3,2023-11-22,North,541.63
2444,3253,Laptop,2,2023-03-25,North,3928.49
2445,3502,SSD,1,2025-04-20,North,265.56
2446,4344,Mouse,4,2023-11-16,East,70.86
2447,4965,Monitor,2,2023-10-31,East,
2448,2259,Keyboard,-1,2024-11-20,South,175.01
2449,2875,Mouse,2,2024-02-11,South,196.0
2450,2763,Monitor,4,2025-11-15,South,663.78
2451,1520,SSD,2,2024-11-14,East,375.23
2452,2701,Headphones,1,2023-08-21,North,441.12
2453,2016,Keyboard,2,2025-10-18,East,111.42
2454,4003,Monitor,3,2024-07-02,East,1953.67
2455,4902,Webcam,4,2025-11-02,North,191.69
2456,3773,Mouse,2,2024-05-10,East,188.5
2457,2013,Headphones,4,2024-09-09,North,398.68
2458,3548,Webcam,1,2025-04-27,South,81.31
2459,1116,Monitor,3,2025-10-02,North,966.67
2460,3433,Monitor,5,2024-01-19,North,532.32
2461,2367,SSD,2,2025-10-13,South,321.66
2462,1583,Webcam,1,2024-10-03,East,378.41
2463,1394,Mouse,4,2023-11-12,West,162.43
2464,2087,Keyboard,4,2023-09-13,East,205.03
2465,4788,Headphones,1,2024-03-16,South,369.28
2466,3768,SSD,2,2023-10-26,West,
2467,1071,Laptop,5,2025-07-03,North,2634.62
2468,4860,Phone,2,2023-09-13,North,906.29
2469,1273,Keyboard,3,2024-10-12,South,97.54
2470,3013,SSD,2,2023-02-16,East,308.18
2471,2343,Headphones,3,2025-06-21,South,360.0
2472,1337,Webcam,4,2024-04-07,East,145.41
2473,2389,Monitor,3,2023-01-31,North,1961.49
2474,4566,Webcam,5,2023-02-24,East,104.59
2475,1606,SSD,1,2023-06-02,East,192.66
2476,1165,Headphones,3,2024-03-31,West,441.3
2477,2567,Webcam,2,2023-10-13,West,321.62
2478,3058,Webcam,3,2023-02-05,East,391.18
2479,2324,Phone,4,2025-03-28,South,1701.76
2480,1728,Mouse,3,2023-09-13,East,58.21
2481,3848,SSD,5,2023-06-27,North,572.07
2482,3043,Phone,3,2024-05-22,West,2466.4
2483,1101,SSD,5,2023-01-21,West,565.58
2484,4496,Laptop,2,2023-03-16,South,4614.97
2485,2415,Laptop,4,2024-12-19,East,2232.72
2486,1778,Phone,1,2024-04-04,South,2253.28
2487,1213,Keyboard,2,2025-11-26,North,288.31
2488,4762,Keyboard,2,2024-09-21,East,188.08
2489,2111,Webcam,1,2023-01-01,South,327.23
2490,2576,Webcam,3,2025-07-24,West,291.49
2491,3448,Monitor,3,2023-11-07,South,932.09
2492,3635,Laptop,3,2025-01-31,West,3762.56
2493,3936,SSD,4,2024-11-13,East,550.22
2494,4117,Monitor,2,2023-11-11,West,1244.58
2495,2695,Laptop,5,2023-11-03,North,3770.44
2496,4534,Phone,1,2024-09-10,South,1703.49
2497,1591,Keyboard,2,2023-01-07,West,120.6
2498,2333,Webcam,3,2025-11-01,East,285.97
2499,2109,Keyboard,1,2024-05-28,South,177.37
2500,3139,Phone,5,2023-12-15,East,1195.33
2501,4731,Monitor,2,2025-07-05,West,1843.07
2502,3720,Monitor,2,2025-10-27,East,1925.07
2503,1713,Headphones,4,2024-05-14,East,127.69
2504,1935,Webcam,2,2024-04-19,West,279.15
2505,2951,Webcam,2,2024-06-07,South,212.81
2506,1241,SSD,5,2025-12-16,West,386.68
2507,3043,Webcam,5,2024-08-12,East,199.63
2508,4936,Laptop,1,2023-08-21,South,3423.08
2509,1001,Monitor,3,2025-03-01,North,985.15
2510,3272,Phone,5,2025-11-19,South,999.93
2511,3848,Monitor,1,2024-01-02,East,953.05
2512,2768,Keyboard,2,2023-02-25,East,217.58
2513,2949,Laptop,1,2023-01-10,West,2151.14
2514,3636,Webcam,1,2023-05-27,West,202.47
2515,3163,SSD,1,2023-12-30,North,169.03
2516,4737,SSD,1,2023-09-10,East,310.32
2517,1917,SSD,5,2025-07-28,East,189.43
2518,4174,Mouse,3,2025-01-05,North,87.74
2519,3241,Headphones,1,2023-12-06,East,519.04
2520,4237,Laptop,4,2024-09-15,South,3840.23
2521,3918,Keyboard,-1,2024-12-05,North,220.57
2522,1089,Webcam,2,2023-11-19,North,241.22
2523,2709,Keyboard,2,2025-05-10,East,280.6
2524,3169,Keyboard,2,2023-04-05,East,185.29
2525,1142,Webcam,2,2024-07-06,East,113.37
2526,4041,Keyboard,1,2025-02-28,East,283.28
2527,1105,SSD,3,2024-07-06,North,209.88
2528,1886,Phone,4,2023-04-26,North,2498.59
2529,1427,Headphones,5,2024-09-23,North,317.69
2530,2328,Mouse,4,2023-09-27,South,42.49
2531,2895,Keyboard,5,2025-05-10,West,266.03
2532,2994,Keyboard,5,2023-10-18,East,73.22
2533,1316,Monitor,4,2023-01-09,North,761.65
2534,2986,Headphones,1,2024-09-21,North,308.67
2535,1634,Laptop,2,2025-05-13,East,4028.56
2536,2925,Headphones,1,2024-04-19,East,160.57
2537,3056,Headphones,2,2024-06-20,East,411.31
2538,3821,Webcam,3,2024-11-15,North,329.72
2539,4144,Webcam,5,2025-10-31,East,119.52
2540,4430,Webcam,4,2024-09-04,South,287.22
2541,3270,Mouse,3,2025-02-15,West,193.01
2542,2439,SSD,2,2024-08-17,North,585.33
2543,1552,Headphones,1,2023-10-03,North,180.83
2544,4441,Mouse,4,2024-01-05,East,159.15
2545,1715,Keyboard,5,2023-12-11,North,261.66
2546,2287,Webcam,3,2024-01-03,East,364.47
2547,4911,Keyboard,5,2024-12-31,North,130.92
2548,2713,Webcam,2,2023-01-15,North,166.44
2549,2883,Phone,5,2025-01-27,West,881.36
2550,4389,Mouse,1,2024-11-18,South,97.91
2551,2107,Mouse,3,2023-01-04,North,51.07
2552,2341,SSD,3,2024-06-16,North,503.82
2553,1110,Laptop,1,2025-09-12,West,2428.9
2554,1250,Monitor,5,2025-04-13,East,1728.36
2555,3430,Headphones,1,2023-12-29,West,153.81
2556,3054,Laptop,4,2023-04-27,West,3441.85
2557,1458,Mouse,1,2023-05-08,East,95.39
2558,2107,Laptop,5,2023-03-19,South,3804.63
2559,1207,Phone,1,2025-01-10,West,1681.91
2560,1899,Monitor,2,2025-02-12,South,1397.94
2561,4461,SSD,1,2023-03-23,West,150.43
2562,4385,Mouse,1,2023-12-08,East,51.68
2563,1021,Mouse,5,2025-03-29,East,117.91
2564,1409,Headphones,4,2024-07-31,South,214.83
2565,1894,SSD,4,2023-04-06,East,184.34
2566,1514,SSD,5,2024-07-30,East,247.97
2567,4198,Webcam,5,2024-06-04,South,329.56
2568,1808,Monitor,5,2025-09-22,West,1312.54
2569,4771,Phone,2,2023-12-23,East,1123.13
2570,1873,Keyboard,3,2023-07-05,North,53.99
2571,1013,Laptop,1,2024-06-26,East,3072.79
2572,1970,SSD,5,2023-05-31,East,310.86
2573,4025,Headphones,5,2025-12-18,West,467.56
2574,4061,Mouse,5,2023-01-10,East,186.3
2575,4083,Keyboard,4,2025-05-06,North,143.0
2576,3134,Phone,5,2023-12-22,North,
2577,4595,Monitor,1,2025-03-04,North,1452.36
2578,3956,SSD,5,2023-08-25,North,339.94
2579,2560,Laptop,1,2023-11-29,East,2197.67
2580,2324,SSD,2,2023-01-17,South,363.06
2581,2266,Headphones,3,2023-11-20,South,277.07
2582,3169,SSD,4,2023-01-23,East,397.59
2583,4218,SSD,1,2025-07-19,South,
2584,4638,SSD,2,2024-04-03,North,475.91
2585,1749,Mouse,3,2024-06-04,East,163.92
2586,4427,Mouse,3,2024-12-19,North,96.04
2587,1684,Keyboard,3,2024-07-10,East,93.82
2588,2927,Keyboard,1,2024-02-07,East,205.89
2589,4804,Laptop,2,2024-04-01,West,4867.44
2590,4702,Monitor,5,2025-11-16,North,1550.75
2591,3356,Phone,2,2024-02-01,South,1009.92
2592,1694,Webcam,2,2023-05-20,East,207.11
2593,3335,Monitor,2,2024-06-04,South,1873.05
2594,1306,Monitor,1,2025-01-15,South,1451.63
2595,4883,Monitor,1,2023-04-02,North,720.73
2596,4665,Webcam,1,2023-03-18,East,311.87
2597,2989,Laptop,2,2025-05-01,West,3060.56
2598,3961,Webcam,1,2025-04-24,West,236.65
2599,4794,Laptop,3,2024-10-28,West,3245.14
2600,1661,Webcam,1,2025-08-16,North,312.22
2601,1548,Phone,4,2025-09-15,East,1170.44
2602,4423,SSD,1,2025-03-07,South,324.77
2603,1311,Monitor,1,2023-03-29,West,1616.82
2604,3920,SSD,-1,2025-07-03,West,467.15
2605,2082,Laptop,1,2023-04-05,West,2605.23
2606,4714,Webcam,4,2024-07-04,West,192.21
2607,3971,Phone,5,2024-02-03,East,824.42
2608,2737,Webcam,1,2025-02-05,East,249.66
2609,1754,SSD,3,2025-12-13,West,276.42
2610,1034,Mouse,4,2023-08-31,East,32.02
2611,1444,Phone,5,2024-09-15,West,1522.0
2612,3140,Monitor,1,2024-12-01,West,1890.3
2613,2982,Headphones,5,2024-07-17,East,561.7
2614,2230,Monitor,3,2023-06-11,North,1058.15
2615,1352,Headphones,4,2023-02-04,North,324.59
2616,1902,Phone,4,2025-08-23,North,1212.56
2617,2355,Mouse,5,2023-02-06,South,41.61
2618,4888,SSD,1,2025-04-25,South,462.27
2619,3909,Mouse,2,2025-04-08,East,166.01
2620,2748,Laptop,4,2024-09-14,South,4640.31
2621,1158,Mouse,2,2024-06-04,West,189.0
2622,2977,Keyboard,4,2023-04-15,North,278.99
2623,1956,Phone,1,2023-06-05,West,846.55
2624,3071,SSD,1,2023-12-02,North,590.14
2625,1403,SSD,4,2025-11-15,East,320.78
2626,3852,Laptop,5,2023-10-23,East,4658.32
2627,1515,SSD,1,2025-06-04,East,348.34
2628,3779,Mouse,1,2023-03-10,East,101.77
2629,2387,Phone,-1,2023-05-31,North,819.02
2630,4453,Monitor,1,2025-05-06,South,578.66
2631,3579,Mouse,3,2024-07-30,North,144.12
2632,1955,Webcam,1,2024-10-23,South,380.04
2633,3199,Headphones,1,2025-01-26,East,212.2
2634,4633,Phone,5,2024-03-27,East,959.66
2635,2712,SSD,5,2024-07-23,West,246.24
2636,3994,Laptop,1,2024-09-26,West,2636.96
2637,1607,Monitor,4,2023-12-28,South,939.7
2638,4688,Keyboard,4,2023-07-22,North,73.69
2639,3467,Monitor,1,2024-05-01,East,853.29
2640,2273,Mouse,4,2023-01-04,South,186.62
2641,4188,Headphones,1,2025-11-15,East,545.11
2642,3913,Monitor,5,2025-03-11,East,974.46
2643,2535,Keyboard,2,2025-09-03,East,299.22
2644,4811,Webcam,3,2023-01-27,West,175.47
2645,3625,Laptop,4,2025-12-01,West,4165.49
2646,3382,Phone,4,2025-08-22,West,1894.81
2647,2441,Headphones,5,2023-03-05,West,132.28
2648,3979,Keyboard,4,2025-11-14,West,135.57
2649,2797,SSD,1,2023-03-13,North,578.17
2650,1294,Mouse,1,2025-06-18,West,38.65
2651,1754,Mouse,2,2023-09-25,North,59.73
2652,2394,Mouse,2,2023-04-05,East,195.06
2653,1185,SSD,2,2024-01-30,North,167.91
2654,2269,SSD,1,2025-05-18,South,350.97
2655,1636,Headphones,2,2023-12-30,North,559.18
2656,2291,Monitor,2,2023-04-27,South,1915.52
2657,4714,Headphones,1,2023-06-13,South,589.66
2658,4308,Mouse,5,2025-05-26,North,111.82
2659,1529,Webcam,4,2025-02-28,West,107.67
2660,4623,Keyboard,3,2024-07-30,West,243.18
2661,3068,Phone,1,2023-11-02,East,2005.27
2662,3958,Phone,1,2025-02-10,West,1785.34
2663,4808,Headphones,3,2023-07-19,East,544.12
2664,3914,Mouse,3,2023-06-29,West,184.97
2665,1793,SSD,2,2023-12-24,East,457.46
2666,4591,Laptop,3,2025-01-09,East,2336.3
2667,3147,Webcam,4,2024-03-05,West,110.57
2668,3799,Headphones,4,2025-10-24,South,304.31
2669,1477,Mouse,4,2024-10-14,North,79.76
2670,2622,Monitor,4,2024-11-08,East,699.47
2671,4369,Phone,4,2023-09-11,North,1839.02
2672,1939,Phone,2,2025-07-29,South,1962.0
2673,1525,Webcam,1,2023-06-16,North,303.35
2674,3381,Phone,3,2025-08-22,West,1097.97
2675,1001,Laptop,1,2025-05-03,West,2917.53
2676,1374,Mouse,3,2025-12-21,North,63.84
2677,3340,Mouse,2,2023-06-23,North,132.23
2678,3884,Webcam,2,2024-09-15,North,261.47
2679,4052,Mouse,5,2024-02-19,East,115.56
2680,1552,SSD,-1,2025-01-08,South,283.23
2681,3365,Webcam,2,2024-11-05,South,155.86
2682,2525,Mouse,2,2023-05-06,North,181.37
2683,2851,Laptop,3,2025-07-29,South,2146.56
2684,1380,Keyboard,2,2023-09-10,South,214.1
2685,2646,Headphones,1,2023-07-16,East,109.79
2686,1013,Headphones,3,2024-02-17,North,196.92
2687,1503,Mouse,2,2025-02-14,East,79.21
2688,3278,Monitor,3,2025-12-13,South,1829.73
2689,3008,Phone,3,2023-08-22,South,1034.15
2690,4155,Laptop,4,2025-12-21,South,4813.42
2691,1129,Monitor,5,2023-07-15,East,1723.18
2692,4814,SSD,3,2024-06-25,East,455.57
2693,1837,Monitor,3,2023-10-22,West,1117.62
2694,4216,Mouse,4,2024-10-06,North,183.89
2695,3938,Laptop,2,2023-06-05,North,3583.87
2696,4928,Headphones,3,2024-02-10,North,285.6
2697,3040,Phone,4,2025-06-14,South,1795.56
2698,1027,Headphones,1,2024-12-26,North,216.13
2699,3113,Monitor,4,2025-01-07,North,909.32
2700,4234,SSD,5,2025-03-07,South,563.69
2701,2252,Phone,5,2024-07-07,East,2149.68
2702,1260,Keyboard,2,2024-01-10,East,178.38
2703,3046,Monitor,2,2024-03-30,South,1124.85
2704,2472,Headphones,5,2023-07-21,South,503.78
2705,2447,Headphones,5,2025-05-03,East,385.32
2706,1459,Mouse,3,2024-12-24,South,100.56
2707,4747,Headphones,5,2023-12-06,East,357.72
2708,1300,Laptop,2,2023-09-19,West,2698.13
2709,3966,Monitor,5,2024-06-26,West,802.95
2710,4374,Webcam,2,2024-07-04,South,396.51
2711,3334,Webcam,1,2024-09-29,East,390.27
2712,4466,SSD,5,2023-06-14,East,339.37
2713,4081,Phone,2,2025-01-27,South,1675.94
2714,4778,Headphones,4,2024-09-12,East,513.6
2715,1629,Mouse,3,2023-02-20,South,153.39
2716,1269,Mouse,2,2024-05-03,West,46.92
2717,3639,Headphones,5,2023-07-17,North,287.31
2718,2993,Laptop,5,2025-11-12,North,2750.45
2719,2628,Mouse,1,2024-10-26,East,198.75
2720,2801,Webcam,4,2024-10-24,South,319.58
2721,3891,Phone,2,2023-09-23,North,881.2
2722,1861,Monitor,4,2023-03-14,South,1850.06
2723,4432,Keyboard,1,2023-03-18,North,281.99
2724,2280,Laptop,3,2024-06-27,East,2999.81
2725,3180,SSD,4,2025-05-30,South,
2726,4347,SSD,1,2024-03-10,North,456.92
2727,2799,Mouse,2,2025-12-24,South,154.02
2728,2706,Monitor,3,2023-12-23,North,1540.26
2729,4019,Keyboard,5,2025-07-24,East,189.93
2730,3560,SSD,1,2023-01-18,North,579.23
2731,3360,Headphones,5,2024-11-06,West,356.19
2732,1575,Headphones,3,2024-07-28,North,155.46
2733,3933,Phone,1,2025-01-20,South,936.72
2734,3003,Keyboard,1,2025-09-22,East,54.59
2735,2307,Headphones,3,2025-10-29,North,313.96
2736,4192,SSD,2,2024-09-23,North,272.96
2737,4178,Headphones,1,2024-01-07,South,547.61
2738,2956,Webcam,3,2025-08-27,North,357.49
2739,3734,Mouse,4,2023-12-19,East,172.43
2740,3020,SSD,5,2023-08-12,East,540.28
2741,4275,SSD,1,2025-08-11,North,283.92
2742,3212,SSD,4,2024-01-03,East,341.75
2743,3352,Phone,1,2024-10-17,West,1329.95
2744,4568,Monitor,2,2025-12-31,West,629.12
2745,2655,SSD,3,2024-03-08,North,565.82
2746,2579,Headphones,1,2024-05-23,North,407.96
2747,2847,Webcam,3,2024-05-22,South,122.42
2748,3203,SSD,1,2024-09-08,North,242.73
2749,2390,Laptop,2,2024-02-24,North,3352.26
2750,2742,Laptop,2,2025-12-31,North,2155.68
2751,2925,Monitor,4,2023-03-15,North,907.99
2752,1619,Keyboard,2,2024-07-27,East,225.86
2753,2274,Phone,3,2023-05-26,South,2364.69
2754,1956,Webcam,2,2023-02-15,North,377.19
2755,2939,Mouse,1,2023-05-01,South,118.4
2756,4953,Webcam,2,2025-12-02,East,179.89
2757,3381,Laptop,3,2023-04-09,East,4762.24
2758,4713,Laptop,1,2024-12-06,West,4359.9
2759,1968,Monitor,4,2023-11-07,West,1380.67
2760,3558,Keyboard,4,2024-02-27,East,258.64
2761,2316,Keyboard,4,2023-09-29,West,164.71
2762,2043,Monitor,1,2025-04-04,North,668.29
2763,1281,SSD,4,2023-07-29,East,572.21
2764,3844,Webcam,2,2025-01-08,East,250.88
2765,4072,Laptop,1,2025-03-03,East,4085.87
2766,3166,Webcam,1,2025-11-11,North,205.53
2767,2058,Webcam,1,2025-01-29,North,123.44
2768,1197,Phone,5,2023-06-08,South,1262.2
2769,3532,Laptop,3,2025-01-10,East,2131.02
2770,4828,Keyboard,5,2023-12-09,West,71.89
2771,2082,Mouse,5,2024-11-29,North,64.84
2772,3884,Webcam,5,2024-02-01,West,259.52
2773,2184,Laptop,3,2024-06-19,North,4978.65
2774,2008,Webcam,5,2023-05-21,West,349.99
2775,3738,Phone,4,2025-08-18,West,945.97
2776,2229,SSD,1,2023-08-28,North,529.05
2777,2035,Headphones,1,2023-10-19,North,368.16
2778,1489,Laptop,2,2025-03-27,North,3980.97
2779,1275,Monitor,4,2023-03-23,West,694.65
2780,3740,Headphones,3,2024-07-13,South,297.72
2781,3289,Webcam,1,2025-05-19,East,362.92
2782,2239,Monitor,5,2023-06-20,North,1138.05
2783,2274,Monitor,2,2025-09-03,West,690.67
2784,4882,Monitor,2,2024-08-02,North,966.61
2785,1125,Laptop,1,2024-06-09,North,2664.56
2786,1216,Keyboard,4,2024-06-25,South,221.72
2787,4377,Webcam,2,2023-04-20,South,371.53
2788,4868,Headphones,1,2023-11-18,North,466.74
2789,2208,Phone,4,2025-06-18,East,2234.15
2790,4110,Keyboard,1,2024-12-14,North,251.45
2791,2246,Webcam,1,2023-03-25,East,84.67
2792,4255,SSD,4,2025-08-13,South,205.97
2793,3542,SSD,4,2024-01-11,North,340.52
2794,3474,Laptop,4,2025-12-12,South,2336.27
2795,4249,Monitor,1,2024-08-08,East,1602.4
2796,1918,Phone,2,2023-04-10,North,
2797,4499,Webcam,3,2023-05-09,South,213.2
2798,2317,Headphones,3,2025-07-06,East,296.14
2799,4923,Webcam,1,2023-08-07,North,253.9
2800,3198,Keyboard,1,2024-04-21,East,207.34
2801,3431,SSD,2,2023-01-22,North,576.13
2802,2661,Mouse,4,2024-07-13,North,76.1
2803,4884,Keyboard,1,2024-09-20,East,216.5
2804,1307,Webcam,5,2025-10-15,North,91.23
2805,2359,Phone,4,2023-12-05,South,801.71
2806,2969,Webcam,1,2023-06-28,East,88.11
2807,3793,Webcam,5,2024-02-25,North,223.65
2808,1891,Laptop,2,2025-10-03,East,3665.04
2809,1374,Headphones,5,2023-02-18,West,103.11
2810,4079,Phone,1,2025-02-05,East,1473.9
2811,3033,Webcam,3,2023-01-30,North,93.07
2812,2364,Monitor,1,2023-03-26,East,1479.93
2813,1128,Headphones,3,2025-02-27,North,415.62
2814,2014,Keyboard,2,2023-11-25,North,246.05
2815,2799,Phone,2,2024-09-01,West,1728.64
2816,3716,Keyboard,4,2024-03-09,North,205.74
2817,4423,SSD,4,2024-08-10,North,275.74
2818,2381,Webcam,3,2024-11-20,South,107.35
2819,1516,Keyboard,3,2024-02-29,West,234.33
2820,2518,Keyboard,2,2025-02-08,North,202.97
2821,1085,Laptop,5,2024-05-26,North,4815.0
2822,2198,Keyboard,3,2025-10-08,East,297.31
2823,4873,Monitor,3,2024-07-17,East,1770.93
2824,4264,Monitor,5,2023-10-30,South,1978.43
2825,3358,Headphones,4,2023-04-09,West,423.72
2826,2142,Webcam,4,2024-07-10,North,109.42
2827,4289,Mouse,3,2023-02-11,North,45.27
2828,3474,SSD,4,2025-09-17,North,513.2
2829,2993,Keyboard,4,2024-04-12,East,109.22
2830,4485,Keyboard,4,2024-03-15,South,65.25
2831,3161,Phone,2,2023-11-23,West,1602.87
2832,4216,Laptop,1,2024-07-22,West,2943.94
2833,4609,Mouse,3,2023-02-02,North,129.99
2834,4719,Headphones,3,2024-02-16,West,400.08
2835,1302,SSD,2,2025-03-22,North,456.68
2836,3791,Mouse,1,2024-05-22,South,128.0
2837,4952,Keyboard,1,2023-02-25,East,145.23
2838,1587,Phone,2,2024-06-29,East,840.23
2839,1986,Webcam,5,2023-07-15,East,369.63
2840,2863,Laptop,5,2024-02-17,South,2980.77
2841,1344,Webcam,1,2024-09-28,West,242.29
2842,1813,Headphones,5,2025-01-11,East,378.47
2843,2987,Mouse,-1,2023-05-17,South,83.52
2844,3848,Headphones,5,2024-06-22,West,254.24
2845,4072,Keyboard,1,2024-11-19,West,115.22
2846,4218,Headphones,5,2024-12-19,South,221.68
2847,2310,Webcam,3,2025-07-21,East,89.73
2848,2999,Phone,1,2023-11-02,West,2428.45
2849,2677,Headphones,2,2024-01-23,West,397.65
2850,4124,Monitor,5,2024-12-25,North,662.1
2851,2327,Phone,4,2025-07-03,East,1806.33
2852,2092,Mouse,1,2024-07-02,West,69.48
2853,3408,Laptop,2,2024-05-20,North,2932.05
2854,4673,Laptop,3,2024-01-23,East,4403.5
2855,4291,Keyboard,2,2023-10-20,East,271.45
2856,2009,Keyboard,5,2023-06-28,North,224.96
2857,1703,Monitor,4,2024-11-02,North,1898.87
2858,1574,Mouse,5,2023-03-21,East,183.85
2859,2608,Webcam,2,2025-11-03,South,256.37
2860,4232,Laptop,1,2025-12-13,South,4723.54
2861,4752,Laptop,4,2024-03-22,South,3634.99
2862,2112,Laptop,4,2025-02-04,East,2312.82
2863,1687,Webcam,2,2025-12-24,North,345.43
2864,3828,Laptop,5,2024-05-17,East,2393.61
2865,3632,Headphones,2,2024-07-23,East,257.98
2866,4828,Mouse,4,2023-04-06,North,94.56
2867,3636,Phone,2,2024-08-07,East,2172.39
2868,4230,Phone,4,2023-09-05,East,942.01
2869,1488,Monitor,5,2023-05-07,North,1167.41
2870,4018,Headphones,1,2024-05-13,West,318.36
2871,2347,Laptop,1,2023-02-15,South,3746.48
2872,4681,Laptop,2,2025-09-08,North,3061.61
2873,4452,Keyboard,4,2023-09-25,South,194.29
2874,4173,Keyboard,1,2023-04-04,South,296.47
2875,1493,Monitor,4,2025-01-05,North,607.32
2876,2667,Laptop,5,2024-09-03,North,4623.89
2877,2637,Monitor,2,2023-03-12,North,962.94
2878,1018,Headphones,4,2024-08-15,East,332.86
2879,4525,Phone,2,2024-03-24,South,2059.9
2880,4553,Laptop,4,2024-09-11,West,4730.11
2881,4665,Mouse,4,2024-09-05,East,31.54
2882,3444,Webcam,5,2023-04-01,East,291.9
2883,2000,Headphones,2,2025-05-26,East,134.78
2884,4350,Laptop,3,2024-06-11,East,3577.04
2885,1850,Webcam,4,2025-02-13,East,319.92
2886,2388,Mouse,4,2024-11-02,East,58.82
2887,2354,Keyboard,1,2025-02-03,South,240.95
2888,4712,Monitor,2,2023-12-27,South,964.31
2889,2367,Keyboard,3,2024-01-13,West,202.64
2890,1821,Phone,5,2023-12-11,East,1918.67
2891,1454,Keyboard,3,2025-03-08,South,212.25
2892,2624,Laptop,5,2024-03-30,North,2055.63
2893,3772,Mouse,3,2025-06-26,South,55.89
2894,4726,Keyboard,3,2023-03-08,North,264.05
2895,4136,Laptop,2,2025-09-13,West,4819.53
2896,4147,Phone,1,2025-09-05,South,1758.24
2897,1710,Webcam,3,2023-02-12,North,271.03
2898,3190,Mouse,4,2023-08-17,North,158.36
2899,1916,Keyboard,4,2023-08-22,North,151.53
2900,4986,Monitor,4,2024-05-11,North,992.02
2901,3875,Monitor,1,2025-04-27,West,1652.3
2902,3652,Mouse,3,2025-11-21,West,34.81
2903,2496,Monitor,5,2023-04-23,West,1828.02
2904,2440,Keyboard,5,2025-08-30,East,160.23
2905,1304,Keyboard,2,2024-04-03,East,176.06
2906,1735,Mouse,1,2023-01-06,West,137.83
2907,4568,Keyboard,3,2025-09-18,West,118.6
2908,3338,Webcam,4,2024-05-08,West,271.16
2909,2963,Laptop,1,2023-03-12,West,4079.12
2910,3149,Phone,1,2025-07-27,East,1000.48
2911,3009,Webcam,3,2024-11-04,North,246.55
2912,4338,Webcam,2,2025-11-22,South,185.41
2913,3914,Monitor,2,2023-05-23,East,1336.04
2914,4015,Laptop,2,2025-01-05,East,2063.88
2915,4693,Mouse,4,2024-12-26,West,156.26
2916,4021,SSD,4,2023-08-05,West,225.78
2917,3889,Monitor,3,2024-03-09,East,1534.08
2918,1961,Laptop,2,2025-04-13,North,4306.44
2919,3989,Keyboard,3,2025-12-13,South,238.15
2920,4848,Mouse,2,2024-12-20,North,168.98
2921,2026,SSD,1,2025-07-30,South,288.49
2922,3132,Mouse,5,2025-06-25,East,194.41
2923,4865,SSD,5,2025-09-21,North,160.72
2924,3375,SSD,2,2023-02-24,North,366.54
2925,3863,Monitor,3,2025-11-24,South,905.43
2926,2473,Keyboard,4,2025-05-10,East,234.97
2927,3501,Monitor,2,2025-10-03,North,1707.83
2928,2947,SSD,2,2024-07-19,West,520.08
2929,3676,SSD,4,2025-02-09,South,283.61
2930,4292,Headphones,2,2025-05-27,North,237.07
2931,2177,Laptop,1,2025-04-03,East,4030.81
2932,1664,Headphones,4,2024-05-28,West,564.09
2933,1011,Laptop,1,2025-05-11,East,2762.62
2934,2156,Phone,5,2024-02-26,East,2348.02
2935,1303,Webcam,4,2024-05-31,West,269.27
2936,4364,Mouse,4,2024-12-05,East,155.45
2937,4022,Monitor,3,2025-03-19,North,1159.84
2938,4371,Phone,3,2023-02-13,East,2171.66
2939,2763,Phone,4,2025-05-07,West,2449.84
2940,3830,Mouse,5,2025-03-11,East,59.0
2941,1042,Mouse,2,2023-08-07,West,
2942,1943,Laptop,3,2024-07-21,South,4587.37
2943,3390,Headphones,5,2025-06-26,South,188.34
2944,2349,Keyboard,5,2023-09-15,East,153.24
2945,4885,Laptop,3,2025-08-18,South,2498.35
2946,3545,Keyboard,2,2025-06-11,West,212.09
2947,3411,Phone,3,2023-10-16,West,1205.14
2948,1890,Keyboard,5,2025-08-29,West,145.2
2949,3474,Headphones,1,2023-04-13,West,345.57
2950,2004,Laptop,3,2025-03-14,South,2891.39
2951,1020,SSD,5,2025-11-15,West,455.96
2952,1406,Mouse,3,2023-10-29,South,48.91
2953,3666,SSD,5,2025-12-14,North,545.91
2954,2014,Headphones,2,2023-02-25,East,340.67
2955,1335,Webcam,5,2025-10-11,South,263.3
2956,2838,Headphones,4,2024-01-09,West,411.06
2957,4188,Webcam,1,2025-04-10,South,99.1
2958,2147,Laptop,5,2025-07-08,West,4270.97
2959,3446,Mouse,3,2024-04-01,North,190.81
2960,3840,Headphones,3,2023-05-12,West,359.95
2961,2827,SSD,5,2024-05-07,East,325.89
2962,1714,Webcam,4,2023-04-20,East,331.13
2963,1050,Mouse,5,2024-08-04,South,152.46
2964,4854,Monitor,2,2025-03-06,East,1476.46
2965,1323,Monitor,4,2025-03-20,South,1948.03
2966,1788,Monitor,5,2025-06-04,East,1372.66
2967,1140,Keyboard,1,2025-02-11,East,112.09
2968,1469,Headphones,4,2025-07-25,North,112.38
2969,1786,Laptop,5,2024-07-26,North,3360.39
2970,2825,SSD,1,2025-03-19,South,443.55
2971,2357,Laptop,5,2025-05-28,West,2516.42
2972,2916,Keyboard,2,2025-10-29,East,56.44
2973,1963,Laptop,3,2024-02-17,West,4727.27
2974,4055,Webcam,5,2025-04-09,East,176.62
2975,1372,Monitor,4,2024-07-19,West,1199.07
2976,4635,SSD,5,2023-04-14,South,190.98
2977,3541,Headphones,5,2024-11-07,North,290.81
2978,4610,Laptop,5,2025-08-02,East,3271.32
2979,2692,Laptop,5,2023-09-27,East,4708.23
2980,3798,Phone,4,2024-04-10,East,2271.28
2981,2179,Phone,4,2025-03-11,South,1121.3
2982,3338,Phone,5,2025-10-01,North,1745.31
2983,2671,Headphones,3,2023-08-22,South,465.62
2984,4215,Monitor,5,2025-07-01,East,937.78
2985,1105,Mouse,4,2025-11-21,East,97.05
2986,2443,Monitor,2,2023-12-23,South,1977.32
2987,3717,SSD,5,2025-08-21,East,491.88
2988,2681,Monitor,5,2023-04-04,North,1155.77
2989,1001,Headphones,5,2023-09-01,East,367.04
2990,3636,Webcam,5,2023-02-27,East,280.25
2991,3691,Webcam,1,2025-08-22,North,239.63
2992,3137,Headphones,5,2023-11-16,North,305.81
2993,4416,Phone,4,2025-11-08,North,1410.89
2994,1349,Laptop,4,2023-12-23,West,2506.94
2995,4530,Keyboard,1,2023-04-27,East,293.41
2996,2286,Keyboard,5,2023-10-23,South,72.85
2997,4422,Mouse,3,2024-06-08,South,132.17
2998,4179,Laptop,5,2024-02-05,West,4878.81
2999,4657,Mouse,4,2025-01-08,East,93.74
3000,2062,Phone,2,2024-06-12,North,1229.12
3001,3956,Mouse,2,2024-07-10,South,192.44
3002,3206,Laptop,3,2024-07-03,East,4405.22
3003,4654,SSD,5,2023-12-26,South,444.76
3004,4006,Laptop,1,2023-03-05,South,3835.97
3005,3359,Keyboard,5,2025-02-03,West,140.03
3006,4312,Webcam,3,2025-02-12,West,285.22
3007,1444,Phone,3,2024-09-15,West,2032.54
3008,3345,SSD,3,2023-04-12,North,164.28
3009,1951,Headphones,2,2024-07-14,North,158.85
3010,1035,SSD,5,2025-11-12,South,291.8
3011,2107,SSD,5,2025-04-23,West,295.41
3012,2475,Mouse,1,2025-12-23,East,183.09
3013,4957,Keyboard,3,2025-04-18,West,221.13
3014,2798,Mouse,3,2024-11-11,West,93.5
3015,2845,Mouse,4,2024-10-06,East,167.56
3016,2408,Headphones,4,2024-02-03,North,261.6
3017,2195,Phone,2,2024-02-09,North,2484.29
3018,2399,Laptop,5,2025-04-05,South,4344.86
3019,2708,Monitor,1,2024-10-08,South,1712.59
3020,2385,Mouse,1,2023-02-04,North,74.37
3021,3606,Monitor,3,2024-02-24,East,717.55
3022,3938,Phone,1,2024-01-12,North,1462.22
3023,3188,Monitor,3,2023-08-08,East,1001.35
3024,3934,Mouse,5,2024-11-27,West,160.87
3025,4989,Headphones,1,2023-12-08,North,187.14
3026,4189,Monitor,3,2025-01-22,North,1291.2
3027,2300,Phone,5,2024-02-20,North,1867.93
3028,3773,Phone,5,2025-07-26,North,1454.78
3029,2243,Webcam,3,2025-10-03,East,144.19
3030,4976,Webcam,3,2024-11-10,East,366.61
3031,4097,Headphones,2,2025-01-17,East,169.42
3032,1520,Monitor,5,2025-03-16,South,955.71
3033,2806,Monitor,3,2023-11-08,South,1634.85
3034,1009,Webcam,5,2023-02-24,East,273.7
3035,1983,Laptop,1,2024-11-24,North,4191.94
3036,3425,Keyboard,4,2024-06-17,North,252.19
3037,2656,Phone,4,2023-04-15,West,2322.17
3038,2660,Laptop,3,2023-10-21,South,2913.7
3039,3729,Phone,3,2025-05-29,West,1606.32
3040,3631,SSD,5,2024-07-04,North,459.74
3041,3199,SSD,3,2025-06-29,North,507.64
3042,1719,Laptop,5,2024-01-10,East,3733.45
3043,2072,SSD,3,2024-03-25,West,381.19
3044,4225,Webcam,5,2025-12-19,West,301.36
3045,1858,Webcam,3,2025-03-22,North,202.25
3046,2316,Keyboard,2,2024-01-25,West,273.43
3047,2603,Laptop,5,2024-10-28,South,2636.66
3048,1049,Phone,2,2023-05-21,North,2302.81
3049,3711,Monitor,2,2025-05-23,North,1465.43
3050,3578,Phone,2,2025-04-22,South,1821.12
3051,4683,Mouse,2,2024-08-19,East,109.89
3052,4131,Webcam,1,2025-08-09,North,129.52
3053,4238,Headphones,4,2024-07-05,West,532.47
3054,4273,Headphones,1,2024-01-08,East,126.27
3055,3904,Webcam,3,2024-10-09,West,166.39
3056,1145,Mouse,3,2023-11-29,East,48.65
3057,1914,Headphones,4,2024-01-28,East,153.42
3058,4747,SSD,4,2024-01-30,South,325.69
3059,4040,Webcam,4,2023-02-04,East,131.34
3060,2462,Headphones,2,2023-06-06,West,390.69
3061,3289,Webcam,1,2025-06-22,East,280.69
3062,1580,Keyboard,3,2025-08-24,South,270.52
3063,3734,Monitor,1,2024-01-31,North,949.5
3064,2584,Monitor,1,2023-07-26,West,963.77
3065,1482,Phone,1,2024-09-12,North,1218.83
3066,4179,Mouse,4,2025-03-15,West,162.91
3067,2249,Webcam,4,2024-04-06,South,216.98
3068,1672,Laptop,3,2023-09-09,South,3657.27
3069,1630,Phone,3,2025-05-16,East,1436.85
3070,3708,Phone,3,2023-07-28,North,1066.58
3071,1661,Webcam,1,2025-08-12,South,112.81
3072,4503,Webcam,4,2024-06-22,North,357.85
3073,3852,Phone,2,2025-04-14,East,1251.32
3074,4726,Phone,1,2024-05-17,North,2400.75
3075,3466,Monitor,5,2025-08-13,North,1920.94
3076,1987,Laptop,1,2024-05-28,West,3436.76
3077,4526,SSD,4,2024-08-02,South,581.36
3078,4231,Phone,5,2025-04-19,North,848.43
3079,2546,SSD,1,2025-09-12,East,191.24
3080,1649,Monitor,4,2023-03-24,East,864.96
3081,1968,Phone,4,2025-12-01,South,1155.63
3082,3637,Headphones,2,2023-06-05,West,
3083,2100,Phone,1,2024-03-28,East,1568.9
3084,3556,Webcam,4,2024-09-08,North,100.13
3085,1440,Mouse,3,2024-09-15,East,124.42
3086,4325,Mouse,4,2024-05-21,North,82.61
3087,1920,Phone,2,2024-09-13,North,921.63
3088,1769,Keyboard,4,2023-10-20,West,238.3
3089,2343,Headphones,1,2024-10-16,South,426.71
3090,2826,Laptop,1,2025-07-25,West,4380.29
3091,1262,Phone,5,2025-01-26,North,2396.7
3092,4668,SSD,1,2025-09-22,North,413.59
3093,4729,Laptop,5,2024-10-28,South,4360.15
3094,4906,Headphones,3,2023-03-01,South,199.59
3095,2577,Phone,2,2023-11-23,East,1497.62
3096,4445,Keyboard,3,2025-03-09,East,182.52
3097,3684,Monitor,5,2025-02-23,East,1311.82
3098,4238,Keyboard,4,2025-02-05,East,229.58
3099,4824,Webcam,4,2024-06-02,East,334.7
3100,3506,Keyboard,3,2024-09-29,West,216.71
3101,1998,SSD,4,2023-03-24,South,171.26
3102,4351,Monitor,5,2023-01-28,West,1026.83
3103,1699,Webcam,2,2023-09-23,South,263.18
3104,3349,Monitor,1,2024-02-01,East,1261.8
3105,4602,Mouse,5,2025-08-19,West,37.62
3106,2603,Monitor,5,2025-02-01,North,1970.95
3107,2241,Phone,1,2025-09-06,East,2425.38
3108,2125,Laptop,1,2025-03-21,West,4321.29
3109,3601,Mouse,2,2024-08-03,South,39.41
3110,3335,Mouse,2,2024-09-02,West,103.14
3111,2190,Laptop,2,2023-07-12,North,3229.31
3112,3668,SSD,4,2023-08-15,East,401.11
3113,2005,Mouse,5,2024-03-26,West,39.51
3114,1035,Monitor,1,2025-07-20,South,1135.48
3115,1743,Keyboard,5,2024-10-16,South,239.46
3116,2764,Headphones,5,2023-07-22,North,599.0
3117,1352,SSD,2,2024-02-06,North,417.95
3118,4747,Monitor,2,2024-04-16,South,1910.92
3119,2922,Webcam,5,2025-06-08,West,399.53
3120,1072,Webcam,2,2023-06-28,West,219.13
3121,3695,Keyboard,4,2025-11-07,East,217.17
3122,2376,SSD,1,2024-04-07,West,
3123,2914,SSD,5,2025-04-14,East,364.04
3124,2093,Keyboard,1,2024-08-31,East,69.6
3125,3472,SSD,4,2025-07-14,East,163.12
3126,4046,Mouse,2,2025-07-24,East,181.8
3127,1707,Phone,3,2023-10-27,South,2259.28
3128,2804,Phone,4,2023-12-17,North,1330.51
3129,3608,SSD,3,2023-07-06,West,355.63
3130,3875,Mouse,1,2024-09-14,North,113.91
3131,4713,Mouse,5,2023-03-12,North,118.52
3132,1955,Laptop,2,2023-11-05,East,2403.71
3133,3564,Laptop,4,2023-06-26,West,4325.18
3134,3475,Headphones,2,2024-03-02,East,273.91
3135,4610,Headphones,3,2025-01-09,South,115.85
3136,1159,Headphones,3,2024-06-14,East,438.28
3137,3196,Headphones,5,2024-02-22,West,514.94
3138,3823,Keyboard,3,2023-09-05,East,279.53
3139,4301,Keyboard,5,2023-07-28,South,218.6
3140,2735,Laptop,4,2023-08-04,East,2573.84
3141,2585,Phone,5,2024-12-13,South,1802.63
3142,1066,Mouse,3,2024-03-13,West,185.0
3143,4061,Webcam,1,2023-11-07,East,192.18
3144,4883,Phone,5,2024-01-18,East,2420.7
3145,3428,Monitor,2,2025-09-07,East,646.52
3146,1057,Keyboard,1,2023-05-01,West,232.01
3147,4330,Headphones,5,2024-02-11,North,159.96
3148,1341,Headphones,2,2023-09-02,North,499.44
3149,4909,Monitor,1,2023-03-07,North,646.48
3150,2153,Phone,5,2025-07-30,East,1353.73
3151,3774,Headphones,4,2023-08-16,East,488.43
3152,2195,Phone,2,2025-05-31,East,1582.33
3153,3817,Mouse,4,2023-05-17,East,180.06
3154,3661,Monitor,3,2023-07-13,South,1102.61
3155,2232,Webcam,5,2024-12-06,North,398.39
3156,4874,Phone,5,2024-10-19,North,831.75
3157,3401,Mouse,2,2024-10-18,East,148.33
3158,2494,SSD,5,2025-07-18,West,562.15
3159,2821,SSD,3,2024-07-09,East,391.19
3160,1115,Phone,5,2025-08-15,North,2480.47
3161,4335,SSD,1,2025-11-05,North,468.61
3162,1661,Phone,4,2023-02-21,West,1530.19
3163,4883,Headphones,3,2024-05-28,North,357.69
3164,2465,Laptop,3,2025-01-13,South,4632.41
3165,4619,SSD,4,2025-12-20,North,
3166,3500,Keyboard,4,2024-11-22,East,188.97
3167,2868,Phone,3,2024-06-26,South,1322.16
3168,4548,Phone,4,2024-02-14,North,1206.85
3169,3334,Phone,2,2023-06-04,East,1610.98
3170,4374,Laptop,4,2024-09-24,South,2889.02
3171,2016,Mouse,1,2023-02-20,North,101.54
3172,1310,SSD,1,2025-10-20,East,525.51
3173,1207,Webcam,2,2025-09-20,West,231.04
3174,3665,Webcam,4,2024-06-07,North,285.08
3175,3493,Monitor,1,2023-12-21,North,635.16
3176,3717,Headphones,5,2025-12-04,North,481.06
3177,1632,Laptop,4,2025-03-12,East,3448.71
3178,3102,Mouse,2,2025-04-19,West,91.36
3179,3959,Phone,4,2023-09-13,North,1838.68
3180,4083,Mouse,3,2023-09-05,South,47.34
3181,1656,Laptop,3,2024-06-16,North,3242.0
3182,2423,Laptop,1,2023-02-10,South,4432.92
3183,2931,Laptop,3,2025-02-28,North,2786.19
3184,4719,Monitor,2,2023-07-14,West,1871.14
3185,4027,Keyboard,1,2025-12-30,East,200.91
3186,3562,Headphones,2,2023-11-04,South,370.39
3187,2679,Monitor,2,2023-03-17,West,1099.36
3188,4613,Monitor,3,2025-02-25,North,1613.0
3189,1236,SSD,3,2025-03-05,North,404.01
3190,4350,Keyboard,2,2023-08-18,West,249.14
3191,1347,Monitor,3,2023-03-26,South,997.52
3192,3674,Laptop,3,2024-02-01,West,4106.04
3193,4175,Laptop,3,2023-08-03,East,4830.33
3194,1629,SSD,4,2025-10-21,West,275.96
3195,2540,Mouse,2,2024-01-12,East,196.77
3196,3003,Phone,5,2024-02-16,North,1497.9
3197,4943,Monitor,2,2025-03-10,West,557.8
3198,2271,Phone,1,2024-02-14,North,1408.09
3199,1363,Headphones,3,2023-08-04,East,174.82
3200,3368,Webcam,3,2025-01-21,East,177.37
3201,4704,Laptop,5,2023-12-15,East,2287.91
3202,1285,Mouse,1,2025-04-10,East,60.29
3203,1148,Headphones,4,2024-10-15,West,163.35
3204,2107,SSD,2,2025-10-18,West,169.56
3205,3453,Mouse,4,2025-11-30,West,80.35
3206,4025,Webcam,1,2023-01-03,South,381.11
3207,1455,Webcam,5,2025-12-18,West,383.81
3208,2766,SSD,1,2025-01-09,East,530.99
3209,1799,Keyboard,5,2024-02-11,West,53.04
3210,2184,SSD,4,2023-01-18,West,162.66
3211,2012,Laptop,4,2025-01-20,North,2031.07
3212,3831,Headphones,1,2024-08-08,South,283.32
3213,3507,Keyboard,1,2025-06-06,West,295.06
3214,4621,Webcam,3,2023-11-28,North,366.99
3215,2523,Headphones,5,2025-10-09,East,225.27
3216,3785,Mouse,3,2023-06-18,West,99.73
3217,3556,Keyboard,2,2025-02-14,North,256.11
3218,4725,Keyboard,2,2025-04-28,West,239.65
3219,4875,Laptop,1,2025-07-29,West,2397.85
3220,1480,SSD,4,2023-07-25,South,198.5
3221,2686,Phone,2,2024-06-04,East,1724.32
3222,3161,Mouse,2,2025-10-14,North,47.36
3223,3796,Mouse,3,2023-10-31,East,170.25
3224,2601,SSD,3,2023-04-25,South,264.0
3225,3408,Keyboard,2,2024-10-25,West,97.08
3226,1340,Keyboard,1,2023-03-28,North,96.42
3227,3817,Laptop,3,2025-01-12,East,2135.69
3228,3010,Phone,2,2024-03-03,East,1891.12
3229,3808,Mouse,4,2024-03-25,North,57.96
3230,4016,Webcam,3,2025-02-24,West,154.67
3231,3496,Monitor,2,2024-12-15,West,1626.96
3232,2866,Monitor,5,2023-01-02,East,586.22
3233,1834,Phone,3,2025-01-12,East,1144.67
3234,2203,Headphones,5,2023-04-20,East,174.67
3235,2725,Laptop,3,2024-11-09,East,2014.55
3236,4478,Phone,3,2024-01-06,North,1716.88
3237,2689,SSD,5,2025-06-08,East,235.52
3238,4267,SSD,1,2024-08-21,East,434.81
3239,4537,Monitor,2,2025-11-11,East,1252.67
3240,1310,Keyboard,1,2024-12-22,North,216.97
3241,1261,Monitor,1,2023-11-01,North,1972.35
3242,2442,Keyboard,-1,2025-07-12,East,104.97
3243,1405,Laptop,4,2025-04-15,North,3997.63
3244,3190,Keyboard,1,2024-03-21,South,258.4
3245,1341,Phone,1,2025-07-20,North,2427.56
3246,2339,Keyboard,1,2023-10-05,East,205.58
3247,4172,Headphones,4,2024-01-12,West,165.42
3248,1243,SSD,3,2023-08-20,West,174.23
3249,1489,Phone,5,2024-08-14,North,1273.47
3250,1011,SSD,5,2024-03-01,South,567.67
3251,4310,Laptop,4,2025-12-14,West,3610.8
3252,1560,Phone,1,2024-03-16,West,1784.82
3253,1041,Headphones,5,2023-02-03,North,405.3
3254,3725,Laptop,4,2023-11-25,West,2996.65
3255,1593,Monitor,2,2025-04-24,North,772.39
3256,2452,Headphones,5,2024-03-29,East,577.12
3257,2826,Laptop,2,2025-02-02,North,4266.16
3258,4229,Webcam,1,2024-06-06,West,243.54
3259,4287,Keyboard,5,2024-04-26,East,144.18
3260,2693,Phone,4,2023-11-13,North,1620.71
3261,4533,Laptop,3,2023-05-02,East,2101.0
3262,1133,Phone,5,2024-08-03,North,1220.74
3263,4138,Keyboard,5,2024-05-01,North,112.68
3264,4919,Laptop,5,2025-11-01,South,3336.04
3265,4078,Monitor,5,2023-05-05,East,854.4
3266,1947,Webcam,4,2024-10-20,North,139.35
3267,4597,Webcam,4,2024-08-02,East,324.97
3268,1072,Headphones,3,2024-12-18,East,546.75
3269,1398,Laptop,4,2025-02-08,East,2201.42
3270,2428,Keyboard,4,2025-06-22,North,102.41
3271,4746,Laptop,-1,2024-02-10,North,4321.06
3272,3625,Phone,1,2023-10-04,South,2186.92
3273,3906,Mouse,2,2025-07-13,South,115.03
3274,1129,SSD,3,2025-05-03,East,462.7
3275,3978,Laptop,1,2024-05-21,West,2232.8
3276,4537,Webcam,3,2023-08-25,North,351.85
3277,4277,Webcam,3,2025-09-20,East,346.47
3278,2811,SSD,5,2025-01-21,North,
3279,3001,Webcam,3,2024-05-20,North,373.22
3280,4839,Monitor,5,2023-06-14,East,571.45
3281,1265,Laptop,2,2025-04-25,East,2692.89
3282,2560,Headphones,2,2024-12-28,West,281.27
3283,2985,Laptop,2,2024-01-11,East,2475.77
3284,1792,Mouse,5,2025-11-01,North,168.52
3285,3300,Webcam,5,2023-03-24,East,322.3
3286,3869,Phone,2,2024-03-06,West,2114.53
3287,2312,Webcam,5,2024-04-22,East,173.21
3288,1163,Laptop,4,2025-02-21,West,4288.06
3289,1094,Monitor,4,2024-01-04,North,684.59
3290,2805,Keyboard,5,2025-08-12,West,76.7
3291,3880,Laptop,5,2023-05-21,South,3752.17
3292,2133,Laptop,1,2024-12-20,East,2146.01
3293,3383,Headphones,1,2025-10-12,East,569.33
3294,1821,Monitor,3,2023-10-15,South,993.27
3295,1237,Mouse,3,2023-12-21,West,111.1
3296,3428,Keyboard,3,2023-12-09,North,253.31
3297,4507,Webcam,2,2023-05-29,North,208.02
3298,3946,Phone,4,2023-07-29,West,1532.1
3299,3530,Laptop,2,2024-10-15,North,3043.83
3300,2960,Mouse,5,2025-09-02,South,89.79
3301,3949,Keyboard,1,2024-06-19,East,166.99
3302,2048,Phone,5,2025-12-08,East,2408.08
3303,2676,Mouse,5,2023-11-27,West,189.12
3304,4188,Monitor,1,2023-12-31,East,1317.74
3305,3529,Monitor,5,2023-01-11,West,1183.94
3306,4463,Keyboard,3,2024-05-23,West,252.04
3307,3964,Webcam,1,2024-08-02,East,297.9
3308,4041,SSD,5,2024-09-13,South,546.7
3309,1963,Phone,3,2025-06-19,East,
3310,1536,Monitor,3,2024-12-18,North,1928.52
3311,4150,SSD,4,2025-11-21,North,548.81
3312,2603,Keyboard,3,2023-11-23,East,263.81
3313,4244,Monitor,-1,2023-03-15,West,1087.32
3314,2979,Monitor,1,2023-09-08,South,1079.32
3315,4083,Mouse,1,2024-03-25,North,156.0
3316,4871,SSD,1,2025-06-24,South,187.69
3317,1127,Mouse,5,2023-12-21,South,84.78
3318,4679,Monitor,5,2024-06-16,South,1898.34
3319,1091,SSD,2,2023-10-23,East,352.55
3320,4724,Headphones,3,2023-10-25,North,
3321,1542,SSD,5,2023-10-29,South,364.4
3322,1845,Mouse,3,2024-05-26,West,79.06
3323,4603,Phone,3,2024-08-07,East,2106.04
3324,2681,Keyboard,5,2024-01-09,North,262.65
3325,4036,Keyboard,5,2023-05-12,East,245.66
3326,2851,Webcam,-1,2025-06-28,North,127.7
3327,3494,Phone,4,2023-02-22,West,1371.3
3328,1389,Phone,1,2023-08-17,North,1163.75
3329,3719,Phone,5,2024-10-01,West,872.76
3330,2884,Webcam,5,2025-03-07,West,316.54
3331,1042,Phone,3,2025-03-01,East,1528.21
3332,1253,Laptop,4,2024-05-09,South,2829.87
3333,4201,Webcam,5,2025-05-02,West,178.41
3334,2083,Keyboard,4,2024-11-01,North,83.75
3335,3710,Laptop,1,2025-12-30,North,4480.28
3336,3514,Webcam,3,2023-07-08,North,126.06
3337,3334,Monitor,2,2024-10-24,East,1007.47
3338,4058,Monitor,1,2023-01-08,South,511.08
3339,2540,Keyboard,4,2023-11-28,West,159.1
3340,4538,Monitor,4,2025-11-05,North,1032.2
3341,2953,Phone,1,2024-10-27,West,2022.47
3342,3825,Webcam,4,2024-10-30,North,308.9
3343,3392,Laptop,2,2023-06-10,South,2115.89
3344,1641,Phone,2,2023-12-17,North,996.97
3345,3429,Monitor,4,2023-11-13,West,1856.94
3346,4850,Mouse,4,2025-07-25,North,164.61
3347,1689,SSD,2,2023-01-18,East,325.27
3348,2276,Laptop,4,2024-04-30,North,2499.12
3349,2950,Phone,5,2024-01-02,West,1243.33
3350,2079,Webcam,3,2023-12-17,South,290.57
3351,2486,Keyboard,5,2024-06-11,North,286.37
3352,1456,Phone,4,2025-05-21,East,1846.75
3353,1982,Mouse,4,2025-07-21,North,34.5
3354,3130,Monitor,3,2023-09-27,South,1476.08
3355,4976,Laptop,4,2025-05-20,North,4834.25
3356,2122,Keyboard,3,2025-12-27,East,139.66
3357,1148,Laptop,2,2025-11-19,South,4800.67
3358,2352,Keyboard,3,2023-11-12,North,217.65
3359,2179,SSD,3,2025-01-06,East,235.43
3360,1189,Webcam,5,2023-06-13,North,126.5
3361,4565,Laptop,4,2025-07-14,East,2528.9
3362,1882,Monitor,2,2023-11-16,East,1548.84
3363,3310,Webcam,1,2025-11-03,West,268.65
3364,4151,Webcam,3,2023-10-06,North,225.77
3365,1399,SSD,1,2024-03-07,East,268.51
3366,3811,Keyboard,4,2024-10-29,South,276.81
3367,1608,Headphones,3,2024-09-25,South,206.87
3368,4331,Laptop,1,2024-06-05,East,2850.82
3369,2795,Laptop,5,2025-08-21,North,2164.75
3370,2638,Phone,1,2023-12-24,South,1268.05
3371,2575,Keyboard,5,2025-11-02,East,280.72
3372,3832,Mouse,2,2024-12-25,South,61.89
3373,3148,Headphones,4,2024-11-03,North,201.98
3374,2382,Monitor,1,2023-08-20,North,1399.97
3375,2403,Phone,3,2024-04-15,South,1763.82
3376,1819,SSD,4,2024-09-30,South,229.18
3377,4292,Headphones,1,2024-07-13,North,177.13
3378,1819,Keyboard,3,2024-07-26,South,79.24
3379,1419,Headphones,3,2024-08-24,East,530.54
3380,1123,SSD,3,2023-09-12,North,444.5
3381,1421,Webcam,3,2024-08-24,East,385.1
3382,4302,Laptop,1,2023-10-07,West,2497.5
3383,4761,Webcam,2,2023-04-27,North,227.39
3384,4134,Laptop,5,2024-09-01,North,4229.14
3385,2508,Phone,5,2025-05-01,East,1163.03
3386,4699,SSD,5,2023-10-25,North,458.1
3387,4774,Keyboard,2,2025-07-04,East,168.45
3388,2597,Keyboard,3,2024-06-01,South,157.71
3389,1767,Headphones,3,2024-01-13,North,422.5
3390,3044,Phone,4,2024-03-01,North,1595.08
3391,3530,Keyboard,5,2024-06-20,North,255.0
3392,3566,Mouse,5,2024-07-06,North,188.19
3393,3202,Mouse,3,2023-06-18,South,130.11
3394,3139,Webcam,5,2024-05-29,North,176.19
3395,4029,Laptop,3,2024-03-05,East,4331.67
3396,2549,Headphones,3,2024-07-22,North,185.24
3397,3502,Monitor,3,2023-03-24,West,642.49
3398,2764,SSD,1,2023-11-26,North,383.43
3399,3044,Laptop,1,2024-11-21,North,3940.21
3400,3645,Phone,1,2024-04-01,North,2219.5
3401,4716,Keyboard,-1,2023-12-19,East,288.8
3402,1509,Laptop,2,2023-12-10,East,4620.01
3403,2206,Monitor,4,2025-01-31,North,1983.05
3404,1385,Monitor,4,2023-07-17,North,1213.55
3405,2597,Mouse,3,2023-03-20,West,83.81
3406,4802,Phone,5,2024-11-08,West,1581.5
3407,3452,Laptop,1,2024-07-04,South,3932.39
3408,3293,Headphones,4,2025-03-30,East,353.63
3409,1741,Laptop,4,2023-08-02,South,3902.36
3410,4662,Mouse,1,2024-10-30,North,180.74
3411,3708,Webcam,2,2025-09-15,East,133.06
3412,3697,Monitor,2,2025-06-12,East,680.4
3413,4542,Phone,4,2023-06-08,South,1647.48
3414,4897,Phone,2,2025-01-08,West,2469.01
3415,2911,Headphones,1,2024-07-10,East,129.52
3416,2446,Phone,4,2023-07-20,North,2477.15
3417,1900,Mouse,1,2023-01-22,North,194.51
3418,3112,Mouse,2,2025-02-23,South,79.74
3419,4084,Mouse,1,2023-01-07,North,181.47
3420,3260,Phone,2,2025-03-14,East,813.19
3421,3009,Phone,2,2025-02-06,North,
3422,1241,Mouse,1,2024-08-01,North,98.36
3423,3540,Phone,2,2024-05-03,West,2334.52
3424,4284,SSD,3,2025-07-14,West,362.53
3425,4764,Phone,1,2023-03-28,East,1510.5
3426,3385,SSD,3,2023-08-10,East,437.82
3427,3020,Monitor,1,2024-02-17,East,1063.7
3428,1172,Laptop,2,2024-08-06,East,3609.68
3429,1671,Keyboard,2,2023-07-21,North,288.89
3430,1163,SSD,4,2024-07-24,South,241.18
3431,1464,SSD,4,2023-08-09,East,356.51
3432,4042,Phone,3,2023-06-06,South,826.14
3433,1496,Keyboard,2,2023-05-09,North,260.56
3434,1699,Webcam,4,2025-05-26,East,109.45
3435,3442,Keyboard,2,2023-09-27,North,73.69
3436,1702,Monitor,1,2023-06-12,North,1824.26
3437,2940,SSD,4,2025-08-12,North,334.18
3438,3355,Phone,3,2023-01-24,North,1968.4
3439,2791,Mouse,4,2024-05-11,West,175.83
3440,1182,Keyboard,2,2023-07-12,East,143.62
3441,1628,Phone,5,2025-05-27,West,1244.63
3442,4865,Headphones,5,2024-01-25,South,184.76
3443,3557,Webcam,2,2024-05-11,East,274.28
3444,2731,Mouse,1,2025-08-21,East,72.89
3445,1545,Headphones,4,2025-03-16,South,417.14
3446,2587,Headphones,5,2023-05-09,South,258.57
3447,1623,Keyboard,1,2025-10-17,East,136.94
3448,4835,Headphones,2,2024-07-06,West,224.56
3449,1593,Monitor,1,2025-11-25,West,1127.7
3450,1743,Monitor,2,2023-12-27,North,743.19
3451,4298,Keyboard,4,2025-02-03,North,129.93
3452,2768,Phone,-1,2023-10-14,East,2122.4
3453,4804,Laptop,4,2025-02-06,North,2646.86
3454,2459,Phone,1,2025-07-13,North,2410.09
3455,2948,Phone,2,2024-01-04,North,
3456,4493,Phone,2,2025-06-17,South,981.76
3457,3601,Phone,1,2025-12-20,South,2403.2
3458,3068,Mouse,2,2023-09-19,East,107.64
3459,3601,Laptop,3,2025-02-26,West,3670.9
3460,3444,Mouse,3,2023-04-21,South,61.48
3461,3672,Headphones,4,2025-07-30,North,266.65
3462,1104,Webcam,3,2023-05-21,East,305.16
3463,3239,Phone,3,2025-01-14,North,1010.75
3464,1016,Webcam,5,2024-06-18,West,262.55
3465,4191,Monitor,5,2023-03-20,North,1540.28
3466,1392,Keyboard,5,2025-11-20,West,50.46
3467,1424,Keyboard,5,2024-05-23,South,259.39
3468,3176,Mouse,2,2025-08-28,West,39.58
3469,4201,Mouse,4,2023-03-07,East,71.98
3470,1571,Monitor,4,2023-10-14,West,1945.32
3471,4631,Phone,3,2023-05-03,East,937.77
3472,3076,Webcam,4,2024-07-08,East,344.3
3473,2120,SSD,3,2025-09-30,East,443.4
3474,4081,Webcam,4,2023-01-04,East,271.48
3475,1241,Laptop,1,2024-02-16,West,3745.05
3476,4897,Headphones,1,2023-09-07,North,183.23
3477,3279,Keyboard,4,2024-03-28,North,217.21
3478,1788,Headphones,2,2023-06-07,North,575.82
3479,4355,Laptop,3,2025-04-16,South,2231.1
3480,1714,Mouse,4,2025-10-10,West,86.51
3481,1758,Webcam,3,2025-11-18,North,231.12
3482,3849,Keyboard,5,2025-09-04,East,108.07
3483,1775,Headphones,4,2023-12-01,East,470.45
3484,3773,SSD,2,2023-06-02,West,459.88
3485,3247,Mouse,5,2025-01-18,East,50.02
3486,3992,Laptop,4,2025-04-13,North,3708.39
3487,1078,SSD,1,2025-03-18,West,315.99
3488,4984,Headphones,4,2025-01-27,North,214.19
3489,4003,SSD,1,2025-11-21,East,531.73
3490,4926,Webcam,1,2024-06-15,North,97.5
3491,1855,Phone,4,2023-02-22,North,1594.56
3492,4244,SSD,4,2024-12-18,West,363.89
3493,3514,Mouse,1,2023-12-11,East,126.92
3494,3628,Laptop,3,2023-01-01,South,2592.78
3495,2439,Headphones,5,2023-06-16,East,535.6
3496,3987,Webcam,2,2023-11-13,South,388.9
3497,3496,Phone,4,2025-08-22,North,1733.22
3498,3134,Phone,5,2025-06-16,East,1235.41
3499,3148,Laptop,5,2023-09-30,East,4630.48
3500,2031,Monitor,3,2024-01-08,West,1982.26
3501,1844,Webcam,5,2025-06-18,East,317.4
3502,4271,Webcam,4,2023-07-20,East,186.79
3503,4576,Keyboard,5,2023-05-20,South,109.01
3504,1086,Laptop,4,2023-11-02,South,2469.86
3505,3090,Phone,4,2025-12-20,South,1199.4
3506,4456,Phone,1,2023-12-26,West,1186.49
3507,4692,SSD,3,2023-11-03,North,585.34
3508,4506,Laptop,2,2023-11-29,North,3929.72
3509,1407,Monitor,1,2023-11-30,East,750.46
3510,4554,Keyboard,2,2024-05-31,North,172.01
3511,3711,Headphones,4,2024-12-31,West,192.32
3512,4088,Laptop,1,2025-07-12,North,3818.05
3513,2668,Keyboard,5,2025-02-04,East,135.35
3514,1147,Webcam,5,2025-02-23,South,142.59
3515,3324,Keyboard,2,2023-01-21,North,110.7
3516,1231,SSD,4,2025-05-28,West,453.79
3517,4897,Mouse,2,2023-06-26,East,99.37
3518,2950,Phone,3,2023-01-22,North,1672.37
3519,1365,SSD,5,2025-04-16,North,519.6
3520,4299,Headphones,1,2025-08-17,South,427.71
3521,2674,Laptop,1,2024-07-01,South,3387.24
3522,1435,SSD,1,2023-09-07,South,579.33
3523,1398,Phone,5,2024-10-22,East,1164.66
3524,2234,Mouse,4,2025-08-09,South,79.13
3525,2414,SSD,5,2023-05-06,South,560.14
3526,3546,Mouse,5,2024-09-02,East,175.05
3527,3587,SSD,1,2025-10-06,North,208.53
3528,1562,Phone,5,2023-02-13,East,2380.91
3529,4562,Monitor,1,2024-07-01,East,515.25
3530,3489,Keyboard,4,2024-03-10,North,255.61
3531,2284,Laptop,3,2025-11-19,North,2836.41
3532,1772,Laptop,1,2025-03-04,North,2565.97
3533,3397,Laptop,2,2023-12-23,East,3346.13
3534,3037,Phone,3,2023-09-10,East,2325.04
3535,4423,Webcam,4,2025-02-23,East,331.49
3536,3567,Monitor,3,2024-12-21,West,1950.6
3537,2343,Headphones,1,2025-01-06,East,370.5
3538,3185,Mouse,4,2025-06-18,East,116.8
3539,2573,Phone,2,2023-05-03,North,822.15
3540,4694,Webcam,1,2024-11-15,North,137.79
3541,1991,Headphones,1,2023-05-23,North,348.81
3542,3415,Mouse,4,2025-09-29,East,157.94
3543,4291,Mouse,4,2025-07-26,South,169.84
3544,4408,Monitor,3,2024-05-25,East,924.9
3545,2246,Keyboard,2,2023-02-26,East,228.11
3546,4719,Laptop,3,2023-02-11,North,4485.59
3547,4839,SSD,3,2025-03-31,East,318.66
3548,1359,Headphones,1,2023-12-09,North,447.78
3549,1920,Phone,4,2023-11-28,South,1543.38
3550,3376,Headphones,1,2023-12-07,East,592.83
3551,4009,Keyboard,-1,2023-12-07,East,51.67
3552,3510,Laptop,3,2025-04-28,North,3243.04
3553,3993,Headphones,2,2023-07-01,North,231.86
3554,1962,Keyboard,4,2025-09-10,South,262.43
3555,4632,Phone,4,2024-06-06,North,1288.11
3556,2827,Monitor,5,2023-07-01,West,1315.77
3557,4453,Webcam,2,2023-09-08,South,316.89
3558,3883,Mouse,1,2023-05-18,West,114.53
3559,2613,Phone,2,2025-01-20,West,1497.68
3560,2640,Laptop,3,2024-03-29,South,2127.55
3561,3216,Mouse,4,2025-06-01,North,33.9
3562,1216,Webcam,4,2023-03-28,East,386.34
3563,1377,Phone,2,2023-10-20,North,1893.51
3564,1118,SSD,2,2023-04-02,East,521.36
3565,1189,Phone,2,2023-07-27,North,1616.75
3566,3814,Phone,3,2023-07-05,South,1244.69
3567,1369,SSD,3,2023-06-05,North,282.54
3568,2801,Phone,1,2023-10-20,North,873.94
3569,3196,Mouse,2,2024-06-16,East,164.45
3570,4747,Laptop,1,2023-06-10,West,3744.71
3571,1651,Webcam,5,2025-04-30,North,233.86
3572,2882,Keyboard,3,2023-06-05,South,263.07
3573,2511,Headphones,4,2023-05-23,South,322.42
3574,1769,SSD,5,2024-07-15,North,576.57
3575,3421,Monitor,4,2023-02-04,East,519.85
3576,1780,SSD,5,2023-08-12,East,593.08
3577,2716,Webcam,1,2024-10-29,North,341.08
3578,3207,Headphones,1,2024-01-28,East,277.47
3579,3398,Headphones,3,2024-02-12,East,397.68
3580,4983,Monitor,4,2023-10-24,North,1796.91
3581,2311,Webcam,5,2023-11-19,East,234.11
3582,4359,Mouse,2,2023-02-08,South,38.68
3583,3939,Laptop,2,2024-05-19,East,4711.09
3584,2249,Monitor,3,2025-01-22,South,1275.52
3585,1522,Laptop,4,2023-08-28,North,3635.47
3586,1521,Mouse,2,2024-11-17,East,32.33
3587,1782,Headphones,3,2025-01-09,East,150.03
3588,3320,Laptop,3,2025-09-23,East,4332.19
3589,1935,Mouse,4,2024-05-01,North,103.94
3590,4473,Mouse,2,2025-02-03,East,199.67
3591,3230,Keyboard,2,2024-09-14,South,223.92
3592,2688,Monitor,2,2025-01-05,East,1924.4
3593,1487,Keyboard,1,2023-10-25,East,119.84
3594,2850,SSD,2,2025-12-11,South,229.27
3595,1845,Headphones,5,2025-01-02,North,288.29
3596,3171,Monitor,1,2025-09-27,West,897.15
3597,4032,Headphones,1,2023-10-31,East,406.68
3598,4697,Keyboard,1,2024-10-25,West,236.11
3599,3837,Webcam,1,2025-06-17,South,208.67
3600,3461,Mouse,3,2025-03-01,East,45.27
3601,3003,Headphones,5,2024-10-08,East,113.17
3602,2748,Monitor,4,2023-07-28,East,827.04
3603,4243,SSD,2,2024-06-02,East,479.62
3604,4359,Monitor,1,2023-03-18,North,832.33
3605,4506,Headphones,4,2023-12-04,East,555.49
3606,1685,Monitor,3,2025-05-12,East,1477.47
3607,3160,SSD,4,2025-07-01,South,537.94
3608,3935,Mouse,1,2025-03-17,South,95.59
3609,4988,Webcam,5,2024-07-25,East,394.74
3610,3169,Mouse,4,2024-02-28,South,145.51
3611,2567,Monitor,1,2024-11-03,North,1035.44
3612,2245,SSD,1,2025-11-05,East,245.64
3613,4702,SSD,2,2025-07-14,North,539.94
3614,1038,Headphones,2,2023-04-08,South,259.05
3615,3544,Keyboard,5,2023-10-27,East,61.09
3616,1779,Monitor,2,2025-01-16,North,917.99
3617,2256,Monitor,5,2023-10-01,East,769.18
3618,3990,Monitor,3,2023-09-18,South,979.6
3619,4601,Monitor,3,2025-07-24,West,1419.9
3620,3196,Headphones,-1,2023-11-28,South,350.22
3621,4468,Keyboard,3,2023-04-25,North,227.71
3622,4069,Keyboard,4,2023-09-25,East,133.46
3623,3708,Laptop,4,2023-01-12,North,2359.43
3624,4709,Monitor,4,2023-03-14,East,740.4
3625,2927,Monitor,3,2025-10-12,East,1695.92
3626,1301,Laptop,4,2025-05-23,East,2293.97
3627,4431,Keyboard,5,2024-02-10,South,249.53
3628,3285,SSD,1,2023-06-27,West,245.68
3629,1646,SSD,2,2025-02-10,South,455.28
3630,1662,Phone,5,2025-08-03,North,1859.26
3631,3283,Mouse,4,2024-02-04,North,46.7
3632,2759,Phone,1,2023-09-27,East,1931.97
3633,3250,Keyboard,2,2024-04-30,West,161.88
3634,1255,Webcam,5,2023-02-28,North,306.29
3635,1597,Monitor,2,2024-10-03,West,1753.21
3636,1661,Phone,3,2025-06-05,East,867.15
3637,1234,Headphones,4,2023-09-23,South,423.98
3638,2368,SSD,5,2023-03-16,East,197.23
3639,3581,Headphones,5,2024-05-19,North,289.44
3640,3907,Laptop,1,2023-12-23,West,2038.04
3641,4868,Keyboard,1,2023-06-03,East,132.16
3642,4852,Keyboard,-1,2024-04-30,South,92.34
3643,4537,Phone,2,2023-03-07,West,1745.65
3644,1769,Monitor,4,2024-01-15,North,1268.41
3645,3588,Keyboard,2,2024-02-11,West,248.32
3646,1212,Phone,4,2023-10-04,North,1887.93
3647,1462,Phone,5,2024-09-06,East,2014.86
3648,3483,Mouse,2,2023-11-10,East,45.72
3649,1282,Mouse,2,2024-07-02,East,34.72
3650,4633,Keyboard,2,2024-04-05,South,292.39
3651,4678,Phone,3,2024-02-03,West,1525.96
3652,2486,Laptop,4,2024-03-26,South,3184.92
3653,2430,Laptop,4,2024-04-15,North,
3654,1087,Mouse,2,2025-08-13,South,50.21
3655,2067,Keyboard,3,2024-12-07,East,285.12
3656,1460,SSD,2,2023-04-13,South,462.68
3657,3325,Monitor,4,2023-11-24,East,1113.82
3658,4754,Webcam,5,2024-08-23,West,369.43
3659,3468,SSD,3,2023-09-03,West,415.45
3660,2724,Laptop,3,2025-12-17,North,4239.4
3661,2376,Laptop,2,2023-04-15,East,3294.8
3662,3743,SSD,5,2024-11-22,North,344.19
3663,1514,Mouse,4,2025-08-29,West,41.62
3664,1702,Mouse,1,2025-12-28,West,154.78
3665,2653,Keyboard,4,2025-09-19,West,74.78
3666,3066,Mouse,4,2023-06-02,East,159.93
3667,1022,Headphones,5,2025-11-24,South,195.43
3668,3460,Webcam,3,2025-08-14,South,159.16
3669,2053,SSD,4,2025-11-04,South,563.05
3670,2830,SSD,3,2024-12-30,North,362.21
3671,3155,Phone,5,2023-03-15,West,1012.91
3672,4438,Laptop,5,2025-05-05,South,4715.24
3673,2304,SSD,2,2023-10-12,West,353.58
3674,4199,Headphones,1,2023-10-07,West,165.28
3675,4300,SSD,5,2025-02-25,West,325.87
3676,2134,Monitor,5,2024-11-16,East,1383.99
3677,3183,Headphones,3,2025-08-26,North,281.17
3678,1361,Keyboard,5,2023-10-18,South,281.08
3679,4257,Monitor,4,2025-07-20,East,904.53
3680,4727,Monitor,2,2025-02-06,North,763.74
3681,4655,SSD,2,2023-11-08,North,249.43
3682,3176,Mouse,4,2024-10-07,East,44.24
3683,2899,SSD,5,2025-11-21,West,353.53
3684,2284,Headphones,1,2023-01-26,West,539.17
3685,1514,Keyboard,5,2023-09-12,North,126.33
3686,1448,Laptop,2,2025-12-15,West,2775.01
3687,2923,Webcam,1,2023-10-20,East,347.96
3688,4175,Mouse,3,2024-09-28,East,82.02
3689,2506,Headphones,3,2023-08-18,South,338.45
3690,2247,Laptop,5,2023-02-22,East,2093.71
3691,2855,Headphones,5,2025-08-11,East,243.54
3692,1873,Mouse,1,2023-04-11,East,52.2
3693,4937,Laptop,1,2025-03-14,South,2317.54
3694,4562,Mouse,5,2025-05-18,West,103.34
3695,3520,Headphones,2,2023-09-24,West,238.67
3696,4081,Monitor,3,2023-01-02,West,749.67
3697,2428,Webcam,1,2023-01-22,North,243.68
3698,4967,Phone,2,2024-07-31,South,2132.87
3699,3349,Webcam,5,2023-07-31,South,315.15
3700,3278,Monitor,4,2024-06-12,East,876.14
3701,2754,Mouse,1,2024-01-23,West,74.73
3702,1922,Webcam,4,2023-01-14,North,314.21
3703,4137,Mouse,2,2024-06-02,West,124.72
3704,3984,Mouse,3,2024-09-07,East,156.21
3705,3159,Laptop,2,2025-08-19,North,2004.1
3706,2036,Keyboard,3,2024-02-07,South,71.78
3707,2416,Mouse,2,2023-10-14,North,166.33
3708,3547,Webcam,1,2024-01-19,East,352.36
3709,3979,Webcam,1,2025-04-05,North,
3710,3645,Webcam,4,2023-11-08,East,386.67
3711,3281,Monitor,2,2024-12-26,East,952.35
3712,3649,Phone,2,2023-02-12,South,2313.48
3713,1313,Mouse,4,2025-01-23,North,101.69
3714,3613,SSD,5,2025-09-19,East,402.81
3715,4083,Mouse,2,2025-05-25,South,139.36
3716,3256,Mouse,2,2025-01-03,West,52.63
3717,2997,SSD,2,2023-05-24,East,166.7
3718,2037,Laptop,5,2023-07-28,North,3280.4
3719,2656,Mouse,1,2024-11-30,East,57.26
3720,4489,Monitor,4,2023-04-24,East,1323.4
3721,4508,Headphones,5,2023-06-24,North,326.82
3722,4448,Keyboard,3,2023-09-28,South,80.52
3723,4091,Webcam,3,2023-03-04,East,293.05
3724,3634,Mouse,5,2025-10-04,North,33.48
3725,4983,Laptop,5,2025-03-06,North,2379.15
3726,2778,Monitor,1,2023-08-13,East,1550.25
3727,4806,Mouse,3,2023-06-10,East,119.74
3728,2014,SSD,4,2025-11-25,West,276.87
3729,2093,Laptop,2,2024-01-16,South,2540.74
3730,4895,Headphones,2,2023-11-14,South,421.14
3731,4282,Phone,1,2024-12-08,East,1149.51
3732,2124,Mouse,1,2024-03-31,East,197.38
3733,1697,Monitor,3,2023-12-10,East,1803.97
3734,3179,Laptop,4,2025-11-29,South,2396.47
3735,4694,SSD,4,2024-02-18,South,536.62
3736,2404,Laptop,5,2023-08-13,East,3035.13
3737,2155,Mouse,1,2023-10-07,East,113.3
3738,2043,Laptop,2,2025-11-28,North,2428.47
3739,2929,Phone,2,2024-12-29,North,1001.57
3740,3583,Laptop,3,2024-09-12,West,4596.48
3741,2013,Webcam,2,2025-09-01,West,281.57
3742,1226,Keyboard,4,2024-07-26,South,165.12
3743,4225,Webcam,4,2024-05-03,South,91.57
3744,2828,Keyboard,1,2025-10-04,North,280.49
3745,4813,Laptop,3,2025-07-25,North,3128.26
3746,2492,SSD,2,2025-02-22,South,337.49
3747,1821,SSD,1,2024-05-22,North,280.41
3748,3023,Mouse,5,2024-02-09,East,181.52
3749,1870,SSD,5,2025-02-10,East,305.06
3750,3452,Keyboard,2,2024-10-25,West,93.56
3751,3249,Monitor,2,2023-05-11,East,1250.84
3752,3085,Keyboard,2,2023-10-08,North,245.37
3753,3989,Webcam,4,2024-02-24,North,198.83
3754,2795,Laptop,2,2024-09-28,West,3956.14
3755,1187,Mouse,5,2025-03-18,West,81.72
3756,2080,Headphones,2,2023-12-14,South,459.88
3757,1940,Mouse,3,2024-03-04,North,143.68
3758,4091,Mouse,5,2024-06-30,West,145.73
3759,3320,Mouse,3,2025-07-28,North,139.8
3760,4190,Monitor,5,2024-02-06,North,734.47
3761,3630,Phone,1,2025-12-06,West,2309.58
3762,3563,Webcam,5,2024-10-26,West,267.44
3763,4292,Laptop,5,2025-01-19,East,3147.16
3764,1525,Phone,3,2025-08-17,North,1092.97
3765,4586,Headphones,3,2024-09-28,East,491.79
3766,4799,Phone,5,2025-05-28,East,1665.38
3767,4812,Laptop,5,2023-03-28,East,2441.88
3768,1335,Webcam,4,2024-05-29,South,374.85
3769,3745,Webcam,1,2025-09-30,West,113.95
3770,2078,Laptop,1,2025-05-10,North,3572.66
3771,3547,Headphones,2,2025-07-04,North,405.29
3772,3947,Laptop,5,2024-03-26,South,4996.95
3773,4959,Headphones,5,2023-12-07,East,170.46
3774,3813,Headphones,5,2024-02-25,East,406.78
3775,3583,Laptop,5,2024-01-16,East,3430.15
3776,1161,Keyboard,1,2023-01-05,North,114.28
3777,4741,Webcam,3,2024-10-09,West,381.51
3778,1593,Headphones,4,2025-10-24,North,495.42
3779,2938,Laptop,3,2023-11-12,North,4331.17
3780,3206,SSD,3,2024-06-14,East,554.63
3781,4259,Keyboard,1,2023-12-21,North,231.26
3782,1059,Webcam,4,2025-11-22,East,242.16
3783,3962,Headphones,5,2024-10-23,South,295.77
3784,4888,Webcam,1,2023-05-07,North,305.32
3785,4390,Keyboard,1,2023-12-15,North,200.7
3786,2901,Webcam,4,2025-12-03,South,253.72
3787,3258,Monitor,2,2025-01-11,South,1383.59
3788,1405,Mouse,1,2024-12-28,South,141.41
3789,1663,Monitor,3,2023-09-01,East,1953.06
3790,2132,Keyboard,3,2023-01-09,North,238.29
3791,2099,Headphones,5,2024-12-12,East,188.22
3792,1541,Laptop,1,2025-04-25,East,3400.31
3793,2337,Phone,5,2023-03-27,West,1953.01
3794,1997,Laptop,1,2023-09-28,West,2526.96
3795,2140,Webcam,4,2024-05-27,North,378.47
3796,3974,Phone,1,2025-11-09,North,930.94
3797,1867,Phone,2,2023-05-10,East,1838.67
3798,4775,Webcam,3,2025-04-17,East,392.3
3799,3066,Webcam,4,2025-02-08,North,312.92
3800,1431,Headphones,3,2025-10-27,East,438.63
3801,4756,Keyboard,5,2025-05-01,East,299.36
3802,1739,SSD,4,2025-07-25,East,506.31
3803,2373,Laptop,2,2025-06-19,East,4910.88
3804,1182,Keyboard,3,2024-04-17,North,224.72
3805,3160,Monitor,1,2023-12-04,North,1498.19
3806,2206,Headphones,1,2023-11-15,South,481.28
3807,3528,Headphones,1,2025-11-14,North,194.38
3808,2169,SSD,4,2024-12-21,West,512.6
3809,1830,Monitor,2,2023-05-23,North,1955.21
3810,2651,Laptop,2,2024-10-18,North,3834.93
3811,2136,Mouse,2,2025-12-14,North,32.1
3812,3810,Monitor,3,2024-04-15,East,608.14
3813,1475,Laptop,4,2023-12-29,East,2704.12
3814,3810,Phone,1,2024-10-11,East,1634.87
3815,2326,Webcam,3,2023-07-28,West,212.4
3816,1970,Headphones,2,2025-12-24,South,589.61
3817,4896,Laptop,1,2024-07-02,North,4836.76
3818,2019,Keyboard,4,2023-09-20,East,148.18
3819,2141,SSD,5,2025-02-04,West,507.44
3820,2836,Webcam,2,2023-01-01,North,283.64
3821,1160,Keyboard,2,2023-05-28,North,110.78
3822,3448,Webcam,2,2025-05-25,East,377.98
3823,1197,Headphones,2,2025-09-12,South,229.76
3824,2283,Monitor,1,2024-05-27,South,1805.52
3825,1659,Mouse,4,2024-09-20,West,138.4
3826,2775,Monitor,3,2025-08-29,North,1431.69
3827,2070,Laptop,1,2024-10-14,East,4515.23
3828,3010,SSD,4,2024-04-10,North,372.44
3829,1398,Monitor,3,2025-02-02,North,1780.06
3830,2733,Headphones,2,2025-10-16,East,375.11
3831,2582,SSD,4,2025-07-17,North,593.09
3832,3125,Laptop,2,2025-03-04,East,3979.79
3833,3171,Phone,4,2025-06-18,North,1435.9
3834,1074,Monitor,5,2024-11-05,North,1645.05
3835,4942,Monitor,2,2025-10-05,North,1264.85
3836,3184,Mouse,2,2023-10-08,West,167.02
3837,1601,Laptop,2,2025-07-04,South,4500.39
3838,4471,Keyboard,1,2023-11-20,South,204.23
3839,1836,Monitor,3,2025-03-01,South,1808.28
3840,2528,Headphones,2,2025-12-21,East,
3841,1499,Monitor,2,2023-07-06,North,586.07
3842,2596,Mouse,1,2025-07-03,West,142.65
3843,1137,Phone,1,2024-06-25,West,2099.57
3844,3097,Mouse,5,2025-06-15,South,42.38
3845,2794,Monitor,4,2024-09-30,South,1656.36
3846,1972,SSD,2,2024-03-11,West,437.62
3847,2642,Keyboard,4,2023-08-01,South,79.1
3848,4696,Webcam,1,2025-03-28,West,252.78
3849,2885,Monitor,1,2025-08-19,North,663.11
3850,3301,Laptop,5,2025-08-17,South,2964.86
3851,4701,Monitor,3,2025-07-05,West,1705.98
3852,3028,Keyboard,1,2025-09-19,North,75.2
3853,3757,Laptop,2,2025-07-03,North,3378.16
3854,4920,Headphones,-1,2024-02-25,East,402.86
3855,2900,SSD,3,2023-11-15,West,573.23
3856,3610,Laptop,5,2023-07-07,North,4211.8
3857,3804,Mouse,1,2023-06-11,West,53.67
3858,4986,Phone,3,2023-05-09,East,2447.08
3859,2449,Mouse,4,2023-10-31,West,111.25
3860,1546,Webcam,3,2025-07-05,East,198.31
3861,4373,Laptop,2,2025-07-10,East,2386.13
3862,1921,Headphones,4,2025-11-25,West,566.74
3863,1580,Monitor,4,2023-05-31,North,1379.31
3864,2372,SSD,2,2024-08-15,West,594.59
3865,4903,Laptop,4,2023-02-16,North,2521.6
3866,2956,Mouse,1,2025-07-28,North,122.79
3867,3003,Laptop,3,2024-10-21,East,2329.66
3868,3096,Laptop,3,2023-08-19,North,3572.83
3869,3964,Laptop,2,2025-09-28,East,4669.38
3870,4145,Headphones,1,2023-06-14,East,154.66
3871,1703,SSD,4,2024-12-24,North,271.34
3872,3308,Keyboard,3,2025-03-30,North,220.6
3873,3403,Keyboard,3,2025-12-25,East,69.07
3874,4653,Laptop,3,2023-05-20,West,3361.95
3875,2625,Headphones,3,2024-02-04,West,266.53
3876,4331,Headphones,5,2023-05-10,North,519.07
3877,1637,Webcam,2,2025-09-11,West,95.7
3878,3790,Laptop,4,2025-02-04,North,4590.19
3879,4366,Mouse,4,2024-03-21,South,149.62
3880,2009,Mouse,2,2023-01-29,North,80.52
3881,3978,Phone,1,2025-03-09,South,1136.21
3882,1640,SSD,2,2023-10-16,East,577.58
3883,3839,Laptop,3,2025-09-03,East,3661.72
3884,4384,Phone,3,2023-04-10,West,1386.12
3885,3659,Mouse,2,2024-02-26,East,37.56
3886,2861,Mouse,2,2024-10-04,North,58.18
3887,3856,Laptop,4,2024-11-24,East,3794.5
3888,2205,Phone,4,2024-12-06,North,1672.29
3889,1685,Phone,5,2023-01-18,East,2087.94
3890,2851,Laptop,5,2024-04-15,South,4504.51
3891,4435,SSD,3,2024-12-23,North,328.73
3892,1187,Webcam,5,2025-10-27,South,112.3
3893,4640,Phone,5,2024-02-23,West,2145.6
3894,4614,Webcam,1,2024-01-15,East,257.2
3895,2619,Monitor,2,2024-05-22,West,1969.69
3896,2687,SSD,4,2023-04-24,South,508.36
3897,1984,Mouse,5,2025-05-01,West,85.94
3898,1547,Keyboard,4,2024-05-25,South,157.12
3899,3772,SSD,5,2025-04-30,East,256.01
3900,3973,Webcam,5,2025-09-02,South,243.84
3901,2431,Webcam,3,2024-09-05,North,307.43
3902,1875,Webcam,1,2024-04-13,West,276.0
3903,1617,Headphones,2,2023-04-03,East,271.04
3904,3461,SSD,2,2024-05-07,West,520.48
3905,2365,Phone,3,2025-02-01,North,978.6
3906,2243,Phone,3,2025-09-15,East,1042.34
3907,1902,Headphones,2,2024-04-23,North,302.08
3908,1162,Phone,2,2025-05-26,North,1993.81
3909,2974,Headphones,1,2023-06-16,West,447.09
3910,4291,Webcam,5,2023-05-20,East,197.29
3911,1269,Laptop,1,2023-04-04,West,
3912,1631,SSD,2,2024-07-29,South,177.26
3913,1905,Monitor,5,2025-10-24,West,935.03
3914,4919,Webcam,2,2024-08-28,East,302.01
3915,4471,Monitor,1,2024-08-06,East,776.06
3916,4253,Mouse,1,2025-03-26,South,66.16
3917,3014,Webcam,1,2024-08-15,West,107.8
3918,2641,Keyboard,5,2024-11-16,West,141.12
3919,4800,Phone,4,2025-08-20,South,2202.38
3920,1204,Keyboard,4,2025-09-13,East,259.09
3921,1581,Laptop,2,2025-12-11,South,4587.09
3922,2579,Monitor,5,2024-03-21,East,555.06
3923,1840,SSD,3,2023-08-25,West,597.07
3924,2836,Webcam,4,2025-12-03,North,240.85
3925,2251,SSD,5,2025-05-31,East,542.73
3926,2719,Laptop,5,2025-02-04,South,4715.34
3927,2642,Laptop,4,2025-07-25,East,3543.49
3928,3643,Phone,5,2023-12-25,West,886.85
3929,4921,Laptop,5,2024-10-07,South,3792.41
3930,3297,Webcam,4,2024-11-20,North,186.91
3931,1874,Webcam,1,2024-04-06,East,146.17
3932,2464,SSD,2,2023-04-11,East,232.13
3933,4604,SSD,3,2024-11-22,South,401.67
3934,3243,Monitor,2,2025-09-10,North,656.71
3935,1689,Webcam,1,2025-02-07,North,342.93
3936,3010,Keyboard,1,2023-09-25,North,106.82
3937,4590,Monitor,5,2025-06-01,East,1323.94
3938,4141,Phone,2,2024-02-12,South,1013.28
3939,3686,Monitor,1,2025-11-26,East,1789.44
3940,2422,Headphones,2,2024-04-12,North,446.04
3941,3001,SSD,1,2023-09-16,North,
3942,1671,Keyboard,3,2024-05-23,North,228.94
3943,4831,SSD,1,2023-11-05,East,187.31
3944,4274,Headphones,2,2024-09-16,North,486.11
3945,2171,Headphones,5,2023-04-20,West,345.17
3946,2495,Mouse,2,2024-11-09,South,50.43
3947,4726,Webcam,4,2025-01-11,South,256.15
3948,1943,Phone,2,2025-06-25,South,1141.47
3949,3246,Laptop,3,2023-09-25,South,4018.32
3950,4988,Headphones,3,2025-11-21,West,454.31
3951,2449,Monitor,3,2025-07-28,West,1641.26
3952,4737,Laptop,1,2025-03-21,North,4684.61
3953,3539,Monitor,3,2023-04-14,East,1482.41
3954,4959,SSD,2,2023-07-20,East,371.3
3955,1895,Monitor,5,2025-06-17,West,1781.34
3956,3189,Laptop,3,2025-01-12,South,4699.53
3957,2336,Laptop,2,2025-07-13,North,4345.26
3958,1164,Webcam,1,2024-08-19,East,381.58
3959,3361,Monitor,1,2025-11-24,South,1969.15
3960,3068,Phone,5,2024-11-18,East,1227.23
3961,2105,Webcam,5,2025-07-08,West,138.78
3962,4652,Keyboard,2,2025-02-26,North,162.15
3963,4202,Mouse,5,2024-02-03,West,199.48
3964,4670,Keyboard,5,2024-08-19,West,72.12
3965,2753,Phone,1,2023-04-27,West,2010.39
3966,4031,Webcam,2,2023-12-28,East,352.27
3967,3352,Mouse,5,2023-07-23,East,199.4
3968,2938,Webcam,2,2024-03-19,North,278.31
3969,1370,Laptop,3,2024-12-27,West,3140.28
3970,2880,Mouse,1,2025-05-10,South,58.3
3971,1852,SSD,1,2025-05-17,North,
3972,1383,Monitor,1,2025-02-05,South,1886.3
3973,2931,Keyboard,4,2023-12-28,East,251.13
3974,3492,Mouse,2,2024-01-30,South,190.44
3975,1424,Monitor,3,2023-09-05,East,591.28
3976,3208,Webcam,5,2025-07-02,East,282.08
3977,4249,Phone,3,2025-01-30,North,1267.15
3978,1628,Mouse,2,2024-10-17,North,160.15
3979,4779,Monitor,-1,2023-12-22,South,643.57
3980,1894,Webcam,4,2023-08-29,North,162.79
3981,3537,Webcam,2,2023-08-17,South,352.08
3982,4064,Webcam,2,2024-09-12,North,319.82
3983,3374,Phone,5,2025-07-19,West,2486.44
3984,1597,Laptop,3,2025-05-04,East,3931.95
3985,4062,Phone,3,2024-06-12,East,1315.23
3986,3336,Phone,5,2023-09-24,North,1731.4
3987,1592,SSD,4,2023-08-08,North,574.78
3988,2687,Keyboard,1,2024-07-14,East,212.94
3989,4644,Webcam,1,2025-11-09,East,362.08
3990,1572,Monitor,4,2025-11-26,North,534.33
3991,4425,Mouse,5,2024-01-17,North,92.82
3992,3075,Keyboard,2,2023-02-08,West,283.83
3993,4001,Webcam,3,2024-03-04,South,92.57
3994,3090,Headphones,2,2025-12-23,North,359.55
3995,2704,Phone,3,2025-03-01,North,1389.1
3996,3470,Headphones,2,2023-02-01,East,423.1
3997,4669,Webcam,5,2025-08-02,East,131.91
3998,1176,Keyboard,5,2024-06-14,South,213.33
3999,1528,Monitor,4,2023-04-16,North,1987.76
4000,2633,Keyboard,2,2024-04-26,South,117.79
4001,1965,SSD,2,2023-07-25,South,
4002,2517,Monitor,4,2025-04-14,South,544.55
4003,1197,Monitor,4,2023-03-30,North,1151.07
4004,3657,Webcam,5,2025-10-31,North,209.92
4005,4648,Laptop,5,2025-12-08,East,3694.12
4006,3889,Webcam,2,2025-06-14,East,162.17
4007,1852,Phone,5,2023-05-23,West,1358.71
4008,4588,Keyboard,5,2023-07-26,East,202.47
4009,2537,Monitor,2,2024-05-23,West,1862.71
4010,3069,Webcam,4,2023-01-05,West,155.26
4011,4183,Webcam,2,2023-07-30,North,296.79
4012,2080,Keyboard,1,2023-01-29,South,180.97
4013,4137,Keyboard,2,2023-07-07,East,76.15
4014,3889,SSD,1,2024-06-08,East,404.44
4015,1097,Monitor,2,2025-08-03,West,1563.21
4016,4215,Mouse,1,2023-06-06,East,131.7
4017,2903,SSD,1,2023-03-21,South,196.99
4018,1434,Headphones,2,2024-10-21,South,527.27
4019,1636,Phone,5,2024-09-17,South,869.71
4020,4750,Phone,3,2023-08-20,West,1201.21
4021,4157,Mouse,5,2023-06-09,West,134.67
4022,1587,Laptop,1,2023-12-10,North,2654.04
4023,1343,SSD,2,2023-07-24,East,195.81
4024,2317,Mouse,2,2025-09-21,East,117.03
4025,2979,Laptop,2,2025-04-17,South,4167.38
4026,1570,Laptop,2,2023-11-01,West,3232.27
4027,4721,Mouse,3,2024-10-31,East,148.74
4028,1610,Phone,4,2024-02-04,South,2263.11
4029,2727,Headphones,1,2023-04-16,South,579.4
4030,3290,Phone,3,2023-12-08,South,1196.55
4031,2854,Webcam,5,2025-09-12,South,273.72
4032,3608,Phone,4,2025-08-09,North,1253.69
4033,1959,Phone,4,2023-02-18,North,2280.56
4034,3079,SSD,2,2023-07-25,East,550.63
4035,3438,Mouse,3,2025-03-01,East,84.77
4036,3324,Mouse,5,2023-08-19,East,139.71
4037,1531,Webcam,2,2025-06-01,East,364.06
4038,2177,Webcam,2,2024-12-26,West,242.68
4039,3430,SSD,1,2023-10-11,West,474.21
4040,2091,Mouse,4,2023-10-03,South,166.15
4041,2901,Phone,5,2024-03-08,North,2282.22
4042,1883,Headphones,4,2024-09-24,South,357.6
4043,3261,Laptop,3,2023-08-04,East,4825.47
4044,2678,Keyboard,1,2023-04-07,West,207.24
4045,3423,Laptop,2,2025-08-12,East,2455.18
4046,3791,Webcam,1,2023-12-31,East,275.99
4047,3260,Webcam,2,2025-10-04,East,175.51
4048,3126,Laptop,1,2024-09-09,East,3116.26
4049,2749,Keyboard,2,2024-02-01,West,252.21
4050,3675,Phone,4,2024-04-02,West,2454.69
4051,3651,Headphones,4,2023-11-14,East,534.93
4052,1781,Headphones,4,2024-01-17,East,262.9
4053,4994,Laptop,4,2023-05-22,South,3360.98
4054,4452,Keyboard,1,2024-04-01,North,295.87
4055,4048,SSD,2,2024-05-15,North,565.59
4056,3727,Webcam,4,2023-11-19,North,392.62
4057,3105,Monitor,1,2025-09-26,West,1149.38
4058,4867,Phone,2,2023-09-25,North,2160.96
4059,4097,SSD,1,2024-05-01,North,542.05
4060,1880,Laptop,4,2025-05-27,South,2132.79
4061,1446,Headphones,3,2024-11-09,South,233.04
4062,3113,Webcam,1,2023-01-14,West,362.71
4063,4992,SSD,4,2025-09-30,North,324.93
4064,2783,SSD,5,2024-12-05,West,275.38
4065,2277,Mouse,2,2023-06-04,North,76.36
4066,4970,Mouse,4,2023-04-11,West,93.82
4067,2991,Keyboard,5,2024-07-25,East,110.99
4068,2067,Keyboard,1,2025-12-02,East,50.84
4069,4168,Laptop,1,2024-09-12,South,
4070,2577,SSD,5,2025-10-11,East,547.16
4071,2011,Monitor,5,2024-04-09,East,613.47
4072,3274,Headphones,2,2023-12-17,North,306.5
4073,1773,Laptop,1,2023-08-22,North,3369.46
4074,3726,Monitor,5,2024-02-07,West,1667.23
4075,4507,Webcam,3,2023-12-17,South,160.83
4076,2814,Keyboard,3,2023-01-28,West,127.41
4077,3648,Mouse,5,2023-09-16,East,32.43
4078,3426,Phone,2,2024-09-11,South,2334.81
4079,2201,SSD,1,2025-05-25,North,458.5
4080,2450,Webcam,3,2024-06-26,West,164.11
4081,4986,Mouse,5,2024-03-28,East,180.88
4082,3756,Headphones,5,2024-11-27,North,143.29
4083,1306,Headphones,4,2024-02-08,East,284.2
4084,1778,Mouse,5,2025-10-15,North,125.81
4085,3551,Webcam,2,2025-12-25,West,241.76
4086,3315,Mouse,3,2025-06-01,North,
4087,4657,Monitor,4,2024-07-28,North,946.39
4088,1007,Laptop,3,2024-02-27,North,4273.52
4089,4991,Keyboard,3,2024-07-02,North,151.36
4090,3555,Monitor,2,2024-04-12,East,687.95
4091,1475,Phone,5,2023-04-21,East,2058.68
4092,2320,Mouse,2,2023-06-02,East,185.03
4093,3211,Phone,5,2025-07-05,East,1419.52
4094,1484,Phone,4,2025-01-31,South,1802.41
4095,4668,Monitor,2,2024-12-20,East,1531.74
4096,4143,Keyboard,2,2025-05-29,West,257.88
4097,3614,Webcam,1,2024-11-12,South,143.36
4098,1904,Headphones,2,2025-02-07,North,384.99
4099,1558,Laptop,1,2023-10-06,East,4221.09
4100,4982,SSD,5,2023-12-29,North,239.61
4101,2967,Headphones,5,2024-08-23,North,336.24
4102,3285,Keyboard,5,2023-10-21,East,166.09
4103,2127,SSD,1,2025-05-20,West,527.71
4104,2233,Headphones,5,2023-03-14,East,488.65
4105,3601,Mouse,3,2023-09-16,East,69.43
4106,3875,Mouse,2,2023-12-22,North,69.6
4107,1467,Monitor,1,2024-07-24,East,1585.03
4108,4525,Phone,5,2024-07-26,East,2057.34
4109,4339,SSD,3,2025-03-27,South,230.5
4110,3433,Keyboard,2,2025-12-29,North,152.8
4111,3822,Keyboard,2,2024-03-22,East,256.44
4112,1847,Headphones,5,2025-02-21,West,139.71
4113,3434,Monitor,3,2025-06-27,East,1060.84
4114,3924,Headphones,1,2025-08-01,North,422.27
4115,1258,Headphones,5,2025-06-14,North,485.54
4116,1282,Keyboard,2,2025-07-18,South,213.16
4117,2649,Headphones,2,2024-09-28,North,298.76
4118,2898,Phone,2,2025-07-14,West,2486.32
4119,1039,Headphones,5,2024-06-14,East,120.77
4120,3533,SSD,4,2023-04-29,East,372.64
4121,3976,Phone,4,2023-03-07,West,1667.09
4122,3267,Keyboard,4,2023-09-02,North,109.95
4123,4200,Monitor,3,2023-02-26,East,1338.06
4124,2014,Mouse,5,2025-12-03,North,67.41
4125,4071,SSD,2,2024-06-07,North,349.54
4126,4591,Phone,3,2024-02-28,North,1533.78
4127,1612,Monitor,4,2024-01-30,West,
4128,3975,Monitor,1,2024-03-25,South,1913.89
4129,2915,Phone,3,2025-08-11,North,1144.83
4130,1687,Keyboard,3,2025-02-01,East,297.88
4131,4690,Laptop,5,2024-03-18,North,4820.95
4132,1612,Monitor,3,2025-08-24,North,668.98
4133,3307,Monitor,5,2025-06-10,East,1868.55
4134,4037,Keyboard,1,2024-06-17,North,191.14
4135,4013,Keyboard,2,2023-06-06,West,269.74
4136,3413,Headphones,2,2023-03-30,East,572.82
4137,2781,Keyboard,4,2023-07-21,North,264.73
4138,2810,Monitor,4,2025-09-06,North,1104.32
4139,3591,Phone,1,2024-04-06,East,1882.49
4140,3696,Laptop,2,2024-12-09,South,3394.31
4141,2547,Webcam,4,2024-03-29,East,197.26
4142,2930,Headphones,3,2024-01-15,East,225.35
4143,3861,Webcam,5,2024-02-05,East,221.28
4144,4958,Phone,4,2024-07-04,East,2170.15
4145,4087,Laptop,1,2025-07-24,West,4532.07
4146,2152,Laptop,2,2025-10-09,North,4874.02
4147,1574,Laptop,1,2025-09-04,North,2871.85
4148,4180,Mouse,5,2024-10-22,East,140.57
4149,2910,Phone,5,2025-06-21,South,1979.42
4150,2012,SSD,1,2024-03-20,East,236.1
4151,4604,Headphones,4,2023-02-21,East,283.44
4152,1669,Headphones,4,2023-11-25,South,271.13
4153,1268,Laptop,2,2025-02-08,North,4957.73
4154,4233,Phone,2,2024-05-12,East,2429.24
4155,2283,Mouse,3,2023-05-05,West,169.7
4156,1923,Laptop,3,2023-07-23,North,3418.51
4157,2125,Keyboard,2,2025-02-06,East,116.02
4158,2529,SSD,3,2024-10-04,South,562.18
4159,2758,Webcam,1,2025-11-10,North,165.77
4160,2594,Headphones,4,2024-08-12,North,
4161,1246,Webcam,3,2023-12-28,North,158.42
4162,4711,Monitor,3,2023-12-27,East,1956.89
4163,4866,Laptop,1,2023-02-24,East,2125.28
4164,4908,Keyboard,5,2023-10-19,West,93.59
4165,2560,Headphones,2,2025-12-10,North,482.52
4166,3178,Webcam,1,2025-04-21,West,128.46
4167,3400,SSD,5,2025-02-23,East,590.71
4168,3243,Mouse,1,2023-09-11,North,84.63
4169,4864,Phone,4,2024-05-06,North,2361.7
4170,2939,Headphones,1,2025-09-11,East,431.14
4171,1929,SSD,1,2024-07-26,West,435.35
4172,4737,Webcam,4,2025-05-08,East,372.92
4173,4453,Phone,2,2025-09-19,East,1672.57
4174,4069,Webcam,5,2025-08-18,North,208.25
4175,3692,Phone,3,2023-08-13,North,1169.96
4176,1226,Mouse,2,2023-04-13,North,
4177,3748,Mouse,1,2025-08-27,North,164.6
4178,4547,Laptop,3,2025-12-07,East,2383.81
4179,4548,Laptop,4,2025-01-06,West,3182.05
4180,1264,Headphones,2,2023-08-21,North,304.61
4181,2395,Mouse,5,2023-08-16,East,142.96
4182,4557,Keyboard,2,2025-10-03,North,119.63
4183,2457,Webcam,2,2024-06-05,North,348.23
4184,1645,Webcam,3,2023-01-13,North,146.39
4185,3258,Webcam,4,2024-03-20,North,332.53
4186,4643,Headphones,4,2023-12-06,North,524.88
4187,4448,Webcam,2,2024-08-20,South,141.82
4188,2418,Monitor,4,2023-06-06,South,1714.12
4189,2473,Phone,3,2024-10-17,South,2013.36
4190,3990,Webcam,3,2025-09-29,East,359.8
4191,2387,SSD,5,2025-03-08,South,379.49
4192,2899,Phone,4,2024-05-05,West,1197.56
4193,3504,Laptop,5,2025-04-14,West,4736.12
4194,3772,Webcam,1,2025-08-09,West,332.81
4195,4799,SSD,3,2023-12-23,East,159.44
4196,2249,Keyboard,2,2024-12-17,East,284.85
4197,1981,SSD,3,2023-12-28,North,576.84
4198,2154,Mouse,1,2023-01-08,East,90.4
4199,1587,Mouse,2,2024-04-16,North,31.7
4200,1475,Laptop,4,2023-06-21,North,3657.61
4201,2821,Monitor,4,2023-04-06,North,1870.51
4202,1985,Headphones,3,2024-11-04,South,162.22
4203,4348,Headphones,2,2024-08-30,North,395.25
4204,3203,Keyboard,2,2024-04-18,West,232.94
4205,4831,Laptop,5,2024-09-05,North,2404.07
4206,2241,Laptop,1,2024-11-19,West,3539.82
4207,1189,Monitor,4,2025-06-16,South,633.21
4208,2440,Webcam,3,2023-04-20,East,258.6
4209,1980,Headphones,2,2024-12-10,East,321.06
4210,2698,Webcam,4,2025-08-22,East,164.7
4211,2715,Laptop,3,2025-05-20,South,4559.24
4212,3593,Webcam,4,2024-10-10,East,202.17
4213,1040,Mouse,3,2023-12-15,South,
4214,3354,Keyboard,4,2024-04-07,East,247.67
4215,1942,Headphones,5,2025-06-03,East,189.31
4216,1337,Monitor,1,2023-09-03,North,678.67
4217,2337,Keyboard,4,2025-03-08,South,51.96
4218,2098,Phone,1,2025-05-19,North,1319.87
4219,4000,Mouse,4,2025-12-26,West,168.71
4220,3326,Monitor,2,2025-12-09,East,1659.15
4221,4247,SSD,5,2025-03-26,North,542.31
4222,1895,Keyboard,5,2024-05-29,South,240.15
4223,4733,Laptop,1,2023-08-14,South,2071.97
4224,3320,Phone,2,2024-07-31,South,1455.38
4225,3884,Monitor,3,2024-05-20,East,508.89
4226,3667,Laptop,5,2023-06-04,East,2108.15
4227,2674,Mouse,2,2023-04-21,East,111.35
4228,3909,SSD,2,2024-04-27,West,312.0
4229,4854,Phone,1,2025-03-18,East,1749.49
4230,4930,Headphones,2,2023-10-01,East,133.08
4231,1930,SSD,2,2023-06-04,East,414.74
4232,1288,Laptop,3,2025-11-08,East,2195.01
4233,1723,Keyboard,1,2023-12-11,West,155.92
4234,3940,Webcam,1,2025-01-04,East,192.75
4235,3319,Monitor,2,2024-07-22,North,835.92
4236,2953,Phone,3,2023-10-21,West,
4237,2089,Laptop,4,2024-10-06,East,2001.57
4238,1482,Headphones,5,2023-12-04,North,262.05
4239,1935,Webcam,1,2024-03-27,East,105.09
4240,3295,Monitor,3,2023-12-10,South,1881.95
4241,1155,Monitor,3,2024-12-17,West,611.5
4242,2070,Laptop,2,2024-09-22,West,4859.32
4243,2958,Headphones,5,2025-02-03,North,345.71
4244,3501,Mouse,1,2023-03-26,West,117.24
4245,3248,Webcam,4,2025-01-06,East,332.2
4246,2683,Mouse,2,2024-10-21,East,148.21
4247,1123,Phone,1,2023-08-15,South,1203.0
4248,3048,Laptop,1,2023-04-19,North,2076.4
4249,1967,Webcam,3,2023-05-15,South,329.1
4250,4830,Phone,5,2025-07-26,North,1020.56
4251,1854,SSD,4,2023-10-18,East,419.27
4252,1639,Mouse,5,2025-04-01,West,190.25
4253,3238,SSD,3,2025-11-18,West,397.25
4254,2602,SSD,4,2024-01-29,North,278.51
4255,3563,Webcam,4,2023-01-27,North,137.22
4256,1441,Monitor,2,2023-01-13,West,540.42
4257,2944,Phone,4,2024-07-07,South,1859.52
4258,2838,SSD,1,2025-07-21,West,401.1
4259,2829,Headphones,5,2024-03-20,East,330.86
4260,3190,Keyboard,5,2023-08-12,East,98.44
4261,4262,Mouse,2,2023-01-21,North,70.23
4262,1532,Mouse,4,2024-04-11,North,192.95
4263,3274,Headphones,3,2024-10-14,South,110.2
4264,2336,Webcam,1,2024-09-09,North,196.3
4265,4700,Webcam,2,2025-02-18,East,92.42
4266,1948,Webcam,4,2024-04-02,South,141.3
4267,4373,Phone,3,2024-10-01,East,2386.33
4268,4725,Laptop,4,2024-10-24,West,2448.69
4269,3019,SSD,2,2025-08-18,South,420.35
4270,1459,Monitor,3,2023-06-29,East,1020.42
4271,4472,Keyboard,3,2024-06-21,West,208.26
4272,1550,Laptop,3,2024-06-10,South,4556.43
4273,1392,Laptop,3,2023-01-22,North,2859.63
4274,4938,Headphones,4,2024-07-30,East,139.31
4275,2787,Phone,3,2025-02-01,East,1147.11
4276,1844,Mouse,4,2025-07-10,East,104.65
4277,4278,Mouse,3,2025-11-10,North,117.56
4278,3257,Headphones,3,2025-01-14,North,570.95
4279,2138,Phone,2,2024-11-02,South,827.37
4280,4808,Headphones,4,2024-09-28,North,478.81
4281,1645,Mouse,4,2025-10-20,East,42.33
4282,4322,Laptop,5,2023-06-01,East,2233.77
4283,3266,Monitor,2,2023-01-13,East,1481.2
4284,3454,SSD,4,2024-12-15,North,559.02
4285,2466,Webcam,2,2025-06-24,North,172.06
4286,4674,Phone,2,2023-09-06,East,1257.82
4287,2377,SSD,2,2024-01-22,East,427.97
4288,3935,Keyboard,1,2024-03-14,West,244.07
4289,3605,Keyboard,4,2023-10-27,South,267.24
4290,3597,Laptop,2,2024-12-21,East,2749.12
4291,1141,Headphones,1,2024-04-17,East,470.1
4292,3659,Headphones,1,2025-10-03,West,253.61
4293,1500,Mouse,3,2024-09-24,West,122.62
4294,1839,Laptop,3,2024-02-25,West,2572.56
4295,3749,Mouse,4,2025-08-13,West,54.82
4296,4618,Mouse,3,2025-08-30,East,189.0
4297,2682,Keyboard,4,2023-01-24,North,186.8
4298,2565,Mouse,1,2024-06-21,East,30.78
4299,3046,SSD,1,2025-02-15,North,507.05
4300,4917,Webcam,4,2024-09-29,North,
4301,2530,Mouse,3,2024-06-23,East,85.4
4302,1595,Keyboard,3,2025-06-21,East,165.99
4303,2904,Webcam,4,2024-02-25,East,223.96
4304,1280,Headphones,5,2024-04-28,South,237.38
4305,1423,Phone,3,2025-10-25,East,2466.95
4306,3903,Monitor,2,2023-06-06,West,1315.83
4307,1269,Mouse,3,2023-02-21,East,182.54
4308,1153,SSD,5,2023-08-31,East,413.41
4309,3661,Webcam,1,2025-02-12,East,300.86
4310,2750,Phone,1,2024-02-24,West,850.22
4311,1661,Keyboard,1,2024-02-29,South,177.95
4312,2967,Phone,3,2023-03-21,North,2026.17
4313,1082,Monitor,1,2024-11-25,South,682.79
4314,4693,SSD,5,2023-12-20,South,455.25
4315,3994,Phone,5,2023-10-20,North,943.26
4316,3946,SSD,3,2024-12-17,East,513.16
4317,2449,Webcam,2,2024-06-12,South,392.89
4318,2298,Phone,3,2024-04-24,North,1865.45
4319,4784,SSD,1,2024-04-21,North,184.69
4320,3331,Phone,3,2023-01-25,West,1797.48
4321,1979,Phone,5,2024-03-06,East,2059.47
4322,3220,Laptop,3,2023-11-13,South,4799.29
4323,4398,Mouse,3,2024-09-29,South,37.73
4324,4789,Keyboard,2,2023-12-24,South,243.76
4325,4134,Monitor,5,2024-11-20,East,698.87
4326,4144,Keyboard,4,2023-12-10,East,247.65
4327,3810,Laptop,4,2024-07-12,West,4666.13
4328,2659,Laptop,5,2024-12-12,East,4583.73
4329,2398,Webcam,4,2024-07-16,West,288.92
4330,1632,Laptop,1,2024-03-14,North,3502.3
4331,2531,Mouse,4,2025-11-10,West,178.68
4332,1786,Laptop,1,2023-05-23,East,3557.21
4333,3990,Phone,5,2025-05-17,North,1123.19
4334,4059,Keyboard,4,2023-12-19,North,285.71
4335,1397,Headphones,4,2025-10-13,East,286.65
4336,2143,Monitor,1,2024-04-12,North,1436.52
4337,1933,Laptop,1,2025-05-26,East,
4338,2460,Keyboard,3,2025-07-07,East,77.63
4339,2852,Webcam,2,2025-12-17,South,256.33
4340,3723,Laptop,4,2025-04-20,North,3663.78
4341,3983,Mouse,2,2025-05-27,West,92.86
4342,3512,Laptop,2,2023-02-21,North,2935.22
4343,1285,Laptop,4,2025-10-08,North,3122.52
4344,1264,SSD,1,2025-03-24,South,507.82
4345,3367,SSD,3,2023-09-26,West,310.98
4346,3720,Laptop,5,2023-04-06,East,4764.12
4347,4447,Webcam,4,2023-09-30,South,116.15
4348,3867,SSD,4,2023-05-13,South,569.21
4349,3136,Laptop,5,2025-07-16,South,4068.64
4350,2677,Monitor,2,2023-03-30,North,1016.53
4351,2226,Keyboard,3,2024-11-15,East,51.71
4352,1820,SSD,2,2025-04-03,North,511.09
4353,2762,SSD,5,2023-01-05,East,586.2
4354,4048,Mouse,5,2023-12-23,East,197.01
4355,3381,Laptop,3,2023-07-23,North,
4356,3269,Laptop,5,2024-04-15,West,2211.51
4357,1040,Laptop,5,2024-04-08,South,2941.26
4358,2731,Laptop,3,2024-05-11,North,2929.22
4359,1067,SSD,4,2024-12-02,West,196.07
4360,1987,Phone,2,2025-04-16,North,
4361,2799,Phone,4,2023-03-04,North,1827.78
4362,3561,Headphones,4,2023-08-27,South,464.41
4363,4944,Laptop,2,2024-06-23,North,2153.04
4364,4708,Headphones,4,2023-07-17,West,237.7
4365,4693,Monitor,3,2025-02-19,North,1032.81
4366,2621,Headphones,2,2023-01-30,North,546.12
4367,2655,Keyboard,1,2024-10-27,West,275.35
4368,4198,Phone,4,2025-12-22,North,1241.95
4369,2278,Phone,5,2025-12-16,West,1628.46
4370,1694,Laptop,2,2024-08-22,South,3274.27
4371,4087,SSD,1,2025-10-14,North,387.02
4372,3524,Laptop,5,2024-09-11,North,2858.34
4373,2085,Monitor,1,2025-12-05,North,1194.38
4374,3928,Mouse,4,2023-03-18,South,54.71
4375,3479,Monitor,5,2024-12-29,North,1564.33
4376,2693,Keyboard,4,2025-03-24,East,142.44
4377,3315,Laptop,5,2024-12-08,South,3627.25
4378,2058,Laptop,2,2023-09-25,South,3813.8
4379,1778,Monitor,3,2025-02-03,North,1754.79
4380,4647,Monitor,3,2024-08-07,East,622.64
4381,1493,Monitor,1,2024-02-23,North,1224.11
4382,2585,Phone,5,2025-05-19,North,2319.92
4383,2492,Headphones,4,2025-12-17,West,264.9
4384,2790,Headphones,2,2024-01-19,South,322.26
4385,1660,Laptop,2,2025-03-13,North,2255.22
4386,2348,Phone,2,2024-05-24,North,2076.14
4387,2327,Monitor,3,2024-03-05,South,
4388,2299,Laptop,4,2024-07-31,East,3892.93
4389,4940,Phone,2,2025-07-28,North,1436.22
4390,2986,Keyboard,2,2025-11-15,South,134.54
4391,4755,Mouse,1,2024-08-11,South,129.54
4392,4060,Phone,5,2025-03-08,West,1765.04
4393,3044,Webcam,5,2024-01-07,North,209.74
4394,4272,Laptop,5,2025-07-16,East,2835.03
4395,4516,SSD,1,2025-11-25,North,378.68
4396,2928,Headphones,3,2025-11-08,East,233.55
4397,2347,Webcam,1,2023-05-20,East,112.85
4398,2058,Monitor,2,2023-03-08,North,1698.73
4399,1976,Mouse,4,2025-10-11,South,149.39
4400,1481,SSD,2,2023-09-18,South,187.96
4401,1727,Keyboard,2,2025-08-31,South,90.65
4402,3527,SSD,4,2024-09-18,North,195.08
4403,4136,Mouse,5,2024-08-01,North,164.42
4404,2031,SSD,1,2025-10-18,North,497.79
4405,4372,Mouse,3,2024-09-30,North,99.37
4406,1342,Phone,2,2024-02-14,East,2196.38
4407,4502,Laptop,2,2025-04-12,North,4921.88
4408,2447,SSD,3,2023-04-23,North,586.71
4409,3379,SSD,1,2024-09-14,East,591.39
4410,3485,Laptop,2,2025-03-31,East,4539.15
4411,4659,Mouse,3,2025-04-19,West,66.89
4412,3221,Monitor,2,2023-07-08,West,586.13
4413,3606,Laptop,5,2023-10-04,East,4434.98
4414,1526,Mouse,5,2023-04-13,North,82.45
4415,2896,Laptop,2,2023-04-17,East,3013.26
4416,1658,Monitor,2,2025-01-26,East,609.49
4417,3073,Keyboard,5,2023-06-22,East,228.68
4418,1819,Webcam,2,2025-09-25,North,217.84
4419,3652,Mouse,1,2024-12-22,East,64.73
4420,1405,Headphones,1,2025-04-10,East,426.23
4421,3279,Headphones,4,2023-08-13,South,589.94
4422,3580,Mouse,1,2023-05-14,East,114.73
4423,4890,Phone,2,2025-11-26,North,1830.83
4424,2573,Keyboard,2,2023-04-03,East,90.71
4425,2811,Phone,3,2023-03-16,East,1073.63
4426,1504,Webcam,1,2025-01-25,North,226.64
4427,4740,Headphones,5,2023-07-02,West,522.38
4428,1178,Monitor,5,2024-12-17,West,1863.73
4429,1131,Mouse,4,2024-04-03,North,139.1
4430,2846,Webcam,3,2024-09-18,North,195.37
4431,2478,SSD,5,2024-02-13,East,487.52
4432,3395,SSD,4,2023-07-26,South,281.37
4433,3587,Laptop,1,2024-11-03,South,2658.66
4434,1771,Headphones,3,2025-10-09,East,497.71
4435,2429,Keyboard,3,2025-01-17,West,237.83
4436,3123,Headphones,2,2023-09-30,South,541.05
4437,1578,Keyboard,1,2024-01-14,North,194.12
4438,3901,Keyboard,3,2024-09-17,East,274.18
4439,2515,Mouse,4,2024-10-25,East,34.5
4440,1193,Keyboard,5,2025-11-15,West,113.43
4441,3007,Phone,1,2024-11-10,North,2167.57
4442,2185,SSD,1,2024-06-27,East,340.65
4443,3394,Webcam,3,2025-01-02,South,156.6
4444,3998,Monitor,3,2023-04-01,East,1694.21
4445,2384,Headphones,3,2024-04-20,North,511.13
4446,2792,Monitor,4,2024-12-26,West,1184.38
4447,4655,Webcam,2,2024-06-17,East,229.31
4448,2110,Laptop,3,2024-11-28,West,4342.81
4449,4333,Webcam,2,2025-05-29,South,326.83
4450,3261,Headphones,2,2023-03-26,East,533.28
4451,4736,SSD,1,2024-08-14,West,440.49
4452,4793,Monitor,5,2025-04-20,West,778.84
4453,2936,Monitor,5,2023-03-18,West,1324.57
4454,3620,Mouse,4,2023-11-26,North,95.01
4455,1779,Mouse,4,2024-01-18,South,34.6
4456,1261,Webcam,5,2024-01-12,North,142.88
4457,1729,Webcam,5,2023-12-07,South,145.79
4458,1282,Laptop,1,2024-02-28,North,2247.01
4459,4719,Keyboard,1,2023-06-23,East,163.33
4460,2490,Headphones,5,2024-02-10,East,354.02
4461,4451,Mouse,3,2023-03-23,East,87.8
4462,1361,Headphones,3,2023-01-21,East,306.18
4463,4520,Laptop,1,2024-11-21,North,3648.48
4464,1440,Mouse,2,2025-10-06,West,50.48
4465,3140,Mouse,5,2024-02-02,North,125.59
4466,2644,Keyboard,4,2023-11-26,South,227.48
4467,3800,Headphones,3,2023-08-13,South,537.38
4468,1866,SSD,2,2025-02-19,West,285.71
4469,2447,Headphones,3,2025-06-12,West,473.7
4470,1141,Headphones,2,2024-03-13,North,403.01
4471,2314,Keyboard,5,2023-08-11,North,175.7
4472,2455,Mouse,5,2024-05-23,East,186.32
4473,3796,Laptop,5,2024-09-08,East,3860.02
4474,2875,Headphones,1,2025-12-01,East,283.03
4475,2847,Monitor,2,2025-08-16,North,1569.4
4476,2712,SSD,4,2024-08-26,East,581.94
4477,3700,SSD,4,2025-10-31,North,563.18
4478,1700,Keyboard,5,2023-06-01,South,295.07
4479,1997,Phone,4,2023-07-08,North,961.64
4480,3096,Laptop,3,2025-08-17,West,3330.33
4481,2325,Monitor,2,2024-11-06,North,1149.03
4482,1880,Headphones,2,2024-09-29,East,291.91
4483,2213,Phone,2,2023-07-30,North,1103.43
4484,2159,Laptop,3,2023-12-05,South,4496.6
4485,1554,Keyboard,1,2023-02-16,West,218.27
4486,1403,Phone,3,2025-03-30,North,1830.18
4487,1891,Mouse,2,2025-09-01,West,105.97
4488,3912,Webcam,2,2025-12-16,West,204.33
4489,1601,Phone,2,2025-04-16,East,2136.99
4490,2830,Webcam,4,2025-08-09,North,248.59
4491,1340,SSD,1,2024-08-20,West,423.44
4492,4828,Monitor,3,2023-06-19,West,650.0
4493,2968,Laptop,2,2025-04-18,West,3414.45
4494,1703,Monitor,5,2025-11-22,West,695.47
4495,1317,Monitor,1,2025-03-06,South,580.75
4496,3665,Headphones,5,2025-08-16,East,444.65
4497,2386,Keyboard,1,2025-03-25,South,118.7
4498,4893,Phone,2,2023-12-08,South,2440.59
4499,3429,Laptop,1,2023-02-17,East,3816.5
4500,3280,SSD,1,2023-12-30,East,440.32
4501,2800,Mouse,2,2024-12-25,East,63.46
4502,2367,Keyboard,5,2023-05-18,West,82.22
4503,2572,Keyboard,5,2023-12-21,North,181.35
4504,1816,Laptop,4,2025-12-29,South,4776.68
4505,1552,Keyboard,5,2025-03-21,South,63.94
4506,4600,Headphones,5,2024-12-12,North,354.09
4507,1855,Keyboard,1,2023-02-28,South,99.68
4508,2812,SSD,4,2025-02-09,West,501.89
4509,3866,SSD,2,2024-01-24,East,
4510,4642,Headphones,2,2025-04-25,North,
4511,1182,Phone,3,2025-05-18,South,1847.77
4512,4112,Phone,4,2023-12-05,East,2472.12
4513,2574,Monitor,1,2025-01-26,South,1292.21
4514,1396,SSD,3,2024-08-18,East,278.45
4515,2727,Headphones,3,2024-03-11,North,176.07
4516,3826,Mouse,2,2024-01-12,South,198.24
4517,2517,Phone,5,2024-01-26,East,1758.49
4518,4730,Keyboard,1,2024-04-25,East,143.67
4519,1906,Laptop,4,2025-03-31,North,2642.95
4520,2356,Laptop,3,2023-04-24,West,4850.6
4521,3174,Webcam,1,2025-02-12,North,280.65
4522,4629,SSD,2,2023-06-21,North,175.95
4523,4628,Headphones,3,2023-01-18,East,129.72
4524,1000,Mouse,3,2023-08-23,East,189.7
4525,4239,Monitor,2,2024-12-23,North,1565.15
4526,4691,Keyboard,2,2023-10-08,East,75.86
4527,1018,Headphones,2,2025-04-10,North,411.88
4528,4403,Webcam,1,2024-02-22,West,214.22
4529,1583,Laptop,1,2023-10-11,East,4366.11
4530,1455,Headphones,1,2024-08-07,North,236.86
4531,4004,Keyboard,5,2024-09-13,North,145.71
4532,3036,Mouse,3,2023-08-09,East,58.46
4533,2132,SSD,1,2023-01-09,East,263.62
4534,4339,Mouse,5,2025-04-11,West,62.16
4535,3492,Phone,3,2024-01-10,West,841.31
4536,4311,Keyboard,1,2024-06-17,South,61.54
4537,2952,Webcam,2,2024-12-02,West,347.4
4538,4372,Phone,4,2025-04-11,East,2166.47
4539,3649,Phone,1,2025-02-15,South,1039.23
4540,3150,Phone,4,2025-07-28,East,1935.42
4541,1987,Headphones,1,2024-03-22,North,472.82
4542,4321,Webcam,2,2024-11-10,North,96.41
4543,4524,Laptop,4,2023-12-10,West,2265.63
4544,1519,Mouse,5,2024-02-29,East,125.71
4545,4224,SSD,2,2024-09-16,West,318.37
4546,1858,Headphones,4,2023-11-02,North,449.7
4547,1173,Laptop,4,2023-05-28,South,3673.06
4548,2366,Mouse,2,2025-04-28,South,35.27
4549,4741,SSD,2,2025-01-01,South,457.66
4550,4052,Webcam,2,2024-03-29,West,145.25
4551,3478,SSD,3,2025-07-26,South,290.67
4552,1726,Webcam,5,2023-02-02,East,315.64
4553,4760,Keyboard,1,2025-09-10,East,242.81
4554,2710,SSD,4,2024-01-26,East,305.62
4555,2875,Mouse,1,2023-12-23,East,45.17
4556,3897,Mouse,2,2024-07-26,East,160.84
4557,2681,Webcam,5,2024-04-08,East,358.47
4558,2347,Mouse,5,2025-07-18,North,193.93
4559,1989,Monitor,3,2023-04-09,West,976.74
4560,4744,Keyboard,2,2023-05-28,West,80.96
4561,3686,Headphones,4,2024-07-23,South,568.83
4562,1419,SSD,3,2024-12-27,East,329.89
4563,1593,Headphones,2,2025-09-28,East,146.77
4564,3532,Laptop,3,2023-10-30,West,3496.34
4565,4730,Headphones,1,2023-01-04,North,195.26
4566,2774,Phone,2,2025-02-16,East,1403.97
4567,3459,Mouse,4,2023-04-17,North,84.46
4568,1935,Headphones,4,2023-03-16,North,593.64
4569,2107,Laptop,2,2025-11-29,East,
4570,2136,Laptop,3,2024-09-30,West,3475.41
4571,4808,Phone,5,2024-11-25,East,1673.38
4572,1331,Laptop,2,2023-03-14,East,3812.27
4573,4449,Webcam,4,2024-07-05,East,359.28
4574,4826,Monitor,1,2025-09-03,West,718.97
4575,3702,Webcam,4,2023-04-06,South,271.88
4576,3088,Mouse,5,2025-06-02,North,84.77
4577,2793,Mouse,4,2023-10-04,West,127.14
4578,1958,Mouse,5,2023-09-16,South,118.01
4579,4868,Keyboard,2,2023-02-15,North,57.48
4580,1104,Headphones,4,2023-12-12,East,391.23
4581,1201,Monitor,3,2025-04-26,East,1563.82
4582,3497,Headphones,3,2025-06-13,South,223.0
4583,2842,Monitor,4,2025-12-12,West,660.3
4584,2866,Headphones,4,2023-08-21,North,205.82
4585,2996,Phone,1,2023-02-20,North,1881.9
4586,2289,SSD,4,2024-10-26,South,360.96
4587,1909,Webcam,1,2024-03-26,North,356.9
4588,1209,Laptop,1,2023-12-17,East,2854.97
4589,1562,Laptop,1,2024-10-10,South,3095.29
4590,4189,Webcam,1,2025-05-27,West,248.98
4591,3760,Phone,2,2024-08-05,East,1582.03
4592,4448,Monitor,3,2023-09-02,South,1321.64
4593,4622,Webcam,1,2024-07-03,North,179.87
4594,2563,Keyboard,3,2024-12-28,South,91.67
4595,1770,Monitor,1,2024-09-30,East,1704.97
4596,4155,Laptop,3,2024-08-06,North,2117.89
4597,3501,Keyboard,4,2023-08-14,East,142.43
4598,3714,Headphones,-1,2025-04-06,South,143.7
4599,1628,Keyboard,3,2024-03-16,West,234.08
4600,4585,Monitor,1,2024-02-16,East,1048.27
4601,2628,Phone,2,2025-03-24,West,851.08
4602,2701,Headphones,3,2023-09-03,East,137.94
4603,1386,Monitor,5,2024-08-05,East,797.9
4604,2935,Headphones,2,2024-05-14,East,493.46
4605,4421,Keyboard,5,2025-09-08,West,249.8
4606,3343,Laptop,3,2024-07-03,East,4989.84
4607,3305,Monitor,1,2023-04-27,East,861.38
4608,2104,SSD,5,2023-07-23,North,177.2
4609,1267,Phone,3,2023-12-17,North,1281.32
4610,3466,SSD,2,2023-11-15,North,230.47
4611,3282,SSD,1,2025-07-28,East,469.67
4612,2856,Webcam,5,2024-05-03,North,390.16
4613,4382,Keyboard,3,2023-04-17,East,118.26
4614,4884,Monitor,1,2024-10-15,South,992.95
4615,2998,Phone,1,2023-06-21,North,1396.9
4616,4033,Monitor,4,2024-06-02,South,1785.43
4617,2380,Keyboard,1,2025-08-15,South,194.5
4618,2236,Monitor,3,2025-03-23,East,1960.96
4619,1573,Headphones,2,2024-06-11,South,413.58
4620,1048,Keyboard,4,2023-11-16,North,226.47
4621,2150,Monitor,3,2025-11-26,West,633.75
4622,1222,Webcam,3,2024-05-13,South,384.54
4623,3968,Laptop,3,2023-09-22,South,3884.17
4624,4350,Monitor,5,2025-06-26,West,1280.27
4625,2431,Headphones,5,2024-02-06,North,293.7
4626,2528,Phone,2,2025-09-13,South,930.99
4627,4365,Webcam,3,2024-08-24,South,122.67
4628,2819,Phone,5,2025-08-09,South,819.88
4629,3324,SSD,5,2023-08-06,North,599.41
4630,2461,Webcam,5,2023-11-26,North,331.61
4631,2130,Phone,2,2023-07-05,South,2155.67
4632,2681,Laptop,2,2023-07-28,North,4190.27
4633,3467,Headphones,3,2023-10-15,North,342.05
4634,3658,SSD,4,2023-03-29,North,189.69
4635,4500,Keyboard,3,2025-09-29,South,68.07
4636,1374,Phone,5,2023-05-16,North,2357.84
4637,3120,Webcam,5,2023-06-07,East,80.1
4638,3021,Headphones,1,2025-03-04,West,449.55
4639,4705,Monitor,3,2025-07-08,East,1442.87
4640,2053,Laptop,5,2023-06-04,West,3503.68
4641,4259,Headphones,5,2023-08-08,East,587.48
4642,4435,Headphones,4,2023-11-18,East,199.06
4643,2889,Keyboard,1,2024-11-21,North,246.32
4644,2823,Headphones,3,2025-04-20,North,437.42
4645,2474,Keyboard,2,2024-05-26,South,293.61
4646,3242,Laptop,3,2023-03-28,North,4802.22
4647,2179,Laptop,3,2023-10-02,West,2385.71
4648,4243,Monitor,4,2023-05-21,West,961.57
4649,3894,Keyboard,3,2024-09-16,North,262.7
4650,2064,Keyboard,4,2025-07-04,East,107.17
4651,4134,Phone,4,2023-12-19,South,1443.52
4652,3070,Phone,5,2025-10-25,East,1864.14
4653,1359,Monitor,2,2024-01-17,East,1344.37
4654,4146,Laptop,4,2024-04-19,North,3921.82
4655,3607,Mouse,1,2025-07-16,East,151.29
4656,3719,Phone,1,2023-01-30,East,2038.91
4657,3041,Headphones,2,2025-07-10,East,468.78
4658,4896,Laptop,4,2024-08-16,South,4975.03
4659,2141,Mouse,2,2024-05-07,West,90.62
4660,2635,SSD,5,2024-05-09,West,169.88
4661,2403,Headphones,1,2024-01-23,East,274.43
4662,2943,Webcam,3,2025-05-22,North,371.7
4663,1678,Keyboard,1,2025-04-14,South,70.85
4664,4361,Laptop,4,2024-09-21,East,3940.83
4665,3487,Webcam,2,2025-07-27,North,215.41
4666,4739,Monitor,1,2023-01-30,South,1882.36
4667,3980,Keyboard,3,2024-09-14,North,282.14
4668,1006,Keyboard,3,2025-03-17,South,246.31
4669,4267,Headphones,2,2023-12-08,North,149.26
4670,3468,Webcam,2,2025-09-27,North,87.91
4671,2591,Keyboard,1,2023-09-01,South,84.15
4672,1832,Phone,4,2023-08-09,West,1347.1
4673,4264,Laptop,5,2024-01-08,South,2724.3
4674,3606,Phone,3,2024-06-14,South,1428.59
4675,4219,Headphones,2,2023-08-03,East,171.54
4676,2810,Mouse,5,2024-01-02,North,157.93
4677,4740,SSD,5,2023-04-24,North,530.38
4678,4273,Headphones,5,2023-01-25,North,343.98
4679,4515,Laptop,4,2025-07-22,East,4869.58
4680,1913,Keyboard,2,2024-09-02,East,80.09
4681,3011,Webcam,3,2025-05-07,North,113.86
4682,2442,Webcam,2,2025-10-23,East,144.13
4683,2450,Monitor,1,2025-06-16,West,1972.87
4684,4054,Headphones,3,2025-02-11,North,308.25
4685,2502,Laptop,2,2024-03-20,East,4772.32
4686,4546,Monitor,3,2023-01-20,South,803.01
4687,1125,Keyboard,1,2025-03-16,East,261.53
4688,3442,Mouse,3,2023-05-08,East,82.7
4689,1816,Headphones,5,2023-12-24,East,467.2
4690,3928,Mouse,4,2025-05-30,East,195.66
4691,2829,Laptop,1,2025-11-26,East,4799.07
4692,1575,Mouse,3,2025-07-05,South,171.33
4693,3372,Mouse,1,2024-05-24,North,38.54
4694,2415,Laptop,5,2024-03-19,East,3823.31
4695,1929,Laptop,4,2025-02-17,North,4506.34
4696,4759,Headphones,1,2023-09-09,South,299.66
4697,4699,Mouse,5,2025-11-20,North,154.3
4698,2463,Monitor,5,2024-02-25,South,707.17
4699,4275,SSD,5,2023-03-02,South,229.54
4700,4557,Laptop,3,2024-08-01,East,3931.13
4701,1832,Keyboard,2,2024-08-01,North,159.28
4702,2054,Mouse,1,2024-10-01,East,67.1
4703,4459,Laptop,2,2023-04-21,South,2848.62
4704,2648,Monitor,5,2024-05-05,West,1428.38
4705,2900,Webcam,2,2023-02-03,South,312.12
4706,2457,Headphones,5,2023-07-31,West,203.81
4707,3884,Mouse,5,2023-05-05,North,192.38
4708,3973,Webcam,4,2025-06-12,East,82.62
4709,2399,Laptop,4,2023-11-27,North,4100.19
4710,4415,Laptop,2,2024-02-16,East,2873.0
4711,1442,Keyboard,1,2025-07-22,North,169.63
4712,4650,Keyboard,2,2024-10-25,South,192.46
4713,3122,Mouse,1,2025-12-24,South,125.46
4714,1556,Webcam,2,2024-08-25,West,328.41
4715,4843,SSD,3,2023-01-26,North,520.72
4716,4737,Webcam,3,2024-10-30,East,103.47
4717,2178,Laptop,1,2024-08-06,West,4109.03
4718,4501,SSD,4,2025-12-03,North,329.58
4719,3037,Mouse,1,2024-01-15,West,169.16
4720,1362,Laptop,2,2024-01-04,North,3826.67
4721,3495,Keyboard,5,2023-07-28,West,52.56
4722,2257,Monitor,3,2025-11-02,West,1499.7
4723,4634,Phone,5,2023-01-25,West,2373.71
4724,2841,SSD,3,2024-06-29,South,187.39
4725,3309,Phone,2,2023-10-02,West,1640.19
4726,2850,Laptop,3,2025-05-23,North,3877.56
4727,3172,Webcam,1,2023-08-10,South,142.68
4728,1910,Keyboard,5,2025-11-26,South,212.67
4729,1244,Headphones,5,2025-05-24,South,124.9
4730,1541,Headphones,2,2023-08-06,East,552.84
4731,3532,Phone,5,2023-04-21,North,2096.51
4732,3169,Monitor,2,2025-03-26,West,1911.54
4733,3172,Phone,4,2024-12-08,East,1511.32
4734,2572,Laptop,1,2023-05-27,West,2102.61
4735,3217,Monitor,3,2024-07-05,West,1012.3
4736,1123,Headphones,3,2023-05-14,East,357.88
4737,4940,Webcam,3,2024-04-08,North,379.48
4738,4106,Keyboard,4,2025-05-13,East,270.77
4739,4158,SSD,1,2024-03-31,South,417.33
4740,3693,Keyboard,5,2025-12-20,North,232.44
4741,2731,Laptop,5,2025-10-25,South,4861.69
4742,1785,Phone,1,2025-11-26,East,2246.01
4743,3043,Laptop,1,2024-04-04,North,3976.46
4744,3248,SSD,3,2023-05-19,South,393.02
4745,3416,Keyboard,5,2024-09-09,South,169.01
4746,1796,SSD,1,2024-11-10,North,490.47
4747,1076,Headphones,5,2025-08-18,East,504.39
4748,1058,Keyboard,1,2024-08-21,East,104.41
4749,3478,Monitor,2,2024-08-18,West,1211.04
4750,3685,Webcam,-1,2023-01-11,North,326.77
4751,2523,SSD,1,2023-11-23,South,454.07
4752,2936,Webcam,4,2024-01-14,South,269.3
4753,3156,Mouse,1,2023-08-19,West,85.03
4754,4807,Keyboard,2,2024-09-09,South,202.3
4755,4055,Keyboard,4,2025-02-03,South,203.04
4756,2301,Webcam,4,2023-02-18,North,218.38
4757,1067,Mouse,1,2024-03-26,North,193.25
4758,4140,Monitor,2,2024-05-05,North,1479.68
4759,4236,Phone,-1,2024-02-11,East,2246.18
4760,4560,SSD,3,2025-12-10,East,208.03
4761,3352,SSD,3,2023-06-24,South,490.55
4762,2932,Keyboard,5,2024-04-24,South,200.47
4763,3721,Webcam,-1,2023-08-11,North,178.65
4764,1364,Laptop,2,2023-09-26,East,2409.09
4765,4925,Keyboard,4,2025-03-20,West,144.91
4766,1820,Laptop,3,2025-06-11,West,3324.13
4767,2402,Monitor,3,2025-06-19,North,711.14
4768,3390,Keyboard,2,2025-07-07,East,217.53
4769,1946,SSD,4,2023-11-14,West,288.2
4770,3946,Webcam,2,2024-01-20,East,337.93
4771,2577,Monitor,-1,2024-09-17,South,1472.52
4772,2377,Monitor,3,2025-12-13,East,965.75
4773,2439,Phone,2,2024-10-04,East,1412.03
4774,4180,Keyboard,2,2024-12-04,South,285.54
4775,4634,Laptop,1,2023-11-01,North,4844.36
4776,1761,Laptop,5,2025-04-21,East,
4777,4568,Keyboard,3,2024-05-25,West,219.79
4778,1340,Mouse,2,2023-06-12,West,196.6
4779,3989,Phone,3,2025-01-07,North,2489.89
4780,1382,Phone,5,2023-12-07,East,922.63
4781,2003,Phone,2,2025-07-20,North,1740.95
4782,2556,Laptop,1,2024-06-13,West,4179.85
4783,1299,Monitor,3,2023-02-03,North,780.3
4784,1138,Webcam,1,2025-09-24,South,343.01
4785,1358,Mouse,5,2023-11-19,North,109.64
4786,1835,SSD,5,2023-12-13,East,373.99
4787,2522,Phone,3,2024-12-21,South,1266.35
4788,4456,Laptop,5,2023-09-02,East,2900.44
4789,2627,Laptop,4,2024-11-08,South,2252.52
4790,2982,SSD,3,2025-07-03,South,569.18
4791,2303,Monitor,4,2024-12-23,South,1072.8
4792,4708,SSD,5,2025-09-30,North,223.0
4793,3530,Keyboard,3,2023-05-13,North,85.59
4794,1908,Keyboard,4,2025-06-28,East,151.85
4795,2134,Webcam,5,2023-02-18,South,282.31
4796,3913,SSD,2,2025-12-23,North,500.0
4797,3186,Webcam,2,2023-08-01,East,375.87
4798,1995,Phone,1,2023-04-29,North,1880.69
4799,3482,Webcam,2,2025-05-05,East,214.61
4800,3556,Phone,4,2025-01-30,West,1517.31
4801,3320,Mouse,2,2024-11-09,South,127.64
4802,4170,Webcam,3,2025-06-13,East,
4803,4835,Monitor,3,2023-10-07,East,1461.22
4804,4921,Phone,3,2024-02-28,South,1655.8
4805,3151,Monitor,2,2023-12-29,East,588.49
4806,2237,Laptop,2,2025-10-17,South,3502.19
4807,2784,Phone,1,2023-11-10,North,838.31
4808,4735,Laptop,5,2025-02-08,East,2541.82
4809,3809,Headphones,1,2025-12-22,East,293.71
4810,3834,Monitor,4,2023-09-29,West,1326.96
4811,1164,Headphones,3,2025-11-26,East,192.41
4812,1998,Phone,2,2025-11-05,South,1269.71
4813,4924,Laptop,5,2023-12-09,East,3122.63
4814,3567,Phone,5,2023-12-12,East,1135.27
4815,2307,Headphones,2,2023-08-21,East,599.38
4816,3564,SSD,1,2025-09-16,West,512.12
4817,1656,SSD,5,2024-07-29,West,514.92
4818,3660,Phone,1,2024-02-20,North,1767.07
4819,3211,Mouse,2,2025-06-23,South,193.43
4820,2909,Keyboard,1,2023-09-24,East,233.05
4821,4730,Headphones,3,2025-09-23,East,265.44
4822,3046,Phone,2,2025-01-13,East,1837.9
4823,3111,Laptop,2,2025-06-29,South,3631.1
4824,4162,Phone,5,2024-03-18,South,1786.49
4825,2140,SSD,5,2024-07-13,North,517.98
4826,2889,Laptop,5,2023-03-17,East,3528.69
4827,1266,Keyboard,3,2023-09-04,North,232.16
4828,2845,Phone,3,2024-08-02,East,1226.01
4829,2708,Webcam,4,2023-11-09,West,378.26
4830,4630,SSD,2,2024-07-29,North,188.87
4831,4211,Webcam,5,2023-12-09,North,397.95
4832,3293,Keyboard,2,2024-12-15,North,208.17
4833,4732,Headphones,1,2025-09-10,South,334.98
4834,4829,Laptop,3,2024-12-26,North,
4835,3442,Webcam,4,2024-09-23,South,209.65
4836,2510,Mouse,1,2024-02-03,East,163.01
4837,1475,Headphones,2,2024-12-14,South,169.72
4838,4588,Laptop,3,2025-07-12,East,2758.06
4839,1976,SSD,5,2023-10-19,West,205.68
4840,2207,SSD,1,2023-02-23,North,341.99
4841,2043,SSD,3,2025-09-09,West,
4842,2960,Keyboard,2,2024-04-21,North,212.2
4843,1557,Webcam,2,2023-01-22,North,398.63
4844,2017,SSD,1,2025-11-18,East,551.56
4845,4595,Monitor,1,2024-11-25,South,1820.57
4846,2605,SSD,1,2023-06-09,North,440.57
4847,4600,Phone,4,2025-06-28,North,1260.03
4848,1882,Keyboard,5,2024-06-13,West,146.02
4849,3194,Laptop,3,2023-04-11,North,2750.37
4850,1665,Laptop,2,2023-12-09,East,2405.25
4851,4375,Laptop,2,2024-08-01,East,3308.09
4852,3667,Laptop,5,2025-02-28,North,4692.61
4853,2771,Phone,1,2025-04-24,South,2064.53
4854,3867,Headphones,1,2023-05-05,North,592.42
4855,1863,Mouse,2,2025-06-08,North,63.12
4856,1581,Monitor,5,2024-10-30,North,1250.82
4857,4070,Phone,2,2024-05-17,North,2148.18
4858,1694,Laptop,1,2023-06-22,North,3381.38
4859,4833,Phone,3,2025-06-05,North,1403.59
4860,2251,Keyboard,1,2023-04-30,East,253.97
4861,4173,Mouse,3,2023-09-30,South,103.15
4862,2610,Laptop,4,2025-07-01,West,4738.9
4863,4488,Monitor,5,2025-05-25,North,902.6
4864,2239,Laptop,4,2025-05-07,East,4689.36
4865,3454,Mouse,1,2023-09-18,West,77.34
4866,1398,Monitor,5,2023-10-05,North,934.35
4867,2946,Mouse,1,2023-04-03,East,101.5
4868,1714,Monitor,5,2025-08-16,South,1273.72
4869,1703,Headphones,5,2025-04-02,West,309.11
4870,3808,Webcam,1,2023-05-08,East,355.89
4871,3546,Headphones,1,2024-06-15,South,497.78
4872,4825,Phone,5,2025-02-11,East,1326.77
4873,4536,Phone,5,2023-06-16,East,1669.58
4874,2714,SSD,1,2025-04-10,South,343.96
4875,2972,Monitor,1,2023-08-24,East,584.11
4876,4021,SSD,2,2025-11-21,East,486.67
4877,4802,SSD,2,2023-07-10,North,231.75
4878,1081,Laptop,2,2024-10-18,West,4802.43
4879,1603,Webcam,4,2024-09-04,South,
4880,2970,Keyboard,5,2023-09-12,East,205.56
4881,2710,Keyboard,3,2025-08-30,South,254.57
4882,3046,Laptop,4,2025-12-15,West,2540.89
4883,4822,Laptop,5,2024-10-10,East,3623.41
4884,3819,Headphones,3,2023-04-16,East,218.71
4885,1902,Keyboard,2,2023-07-11,West,177.42
4886,1364,Monitor,3,2025-09-29,North,1369.15
4887,1162,Mouse,1,2023-06-24,North,58.75
4888,4119,SSD,1,2024-09-26,East,411.37
4889,3558,Phone,5,2023-03-26,South,1573.34
4890,4400,SSD,4,2025-08-05,South,384.9
4891,2863,SSD,2,2024-12-28,East,557.24
4892,1115,Mouse,5,2025-11-03,East,112.25
4893,3988,Headphones,2,2025-11-26,South,338.07
4894,4920,Keyboard,1,2025-11-16,West,167.6
4895,3384,SSD,4,2023-03-11,East,430.4
4896,1880,Webcam,4,2023-06-03,West,197.61
4897,3784,Laptop,1,2025-02-03,West,4404.08
4898,4935,Webcam,3,2023-09-28,North,
4899,1839,Webcam,4,2024-06-24,East,175.85
4900,3194,Keyboard,3,2024-07-24,South,197.19
4901,4646,Monitor,2,2023-05-29,West,889.83
4902,4877,Headphones,4,2023-01-10,East,144.97
4903,2346,SSD,1,2024-10-05,North,242.51
4904,3490,SSD,3,2023-03-03,West,561.15
4905,3884,SSD,2,2025-02-12,East,154.82
4906,2036,Laptop,2,2024-06-11,West,2400.38
4907,1942,Mouse,4,2024-03-20,North,158.87
4908,4565,Monitor,4,2023-01-17,West,1969.79
4909,2724,Mouse,5,2024-01-04,East,146.99
4910,3334,Phone,5,2024-11-14,East,2367.97
4911,3767,Headphones,4,2025-06-26,West,527.62
4912,2137,Monitor,5,2024-08-05,East,1219.96
4913,3527,Monitor,1,2023-09-12,East,1000.28
4914,1021,SSD,1,2024-03-31,North,434.51
4915,4420,Mouse,5,2024-10-04,West,120.7
4916,2749,Laptop,4,2024-07-14,East,2077.49
4917,1682,Phone,1,2024-06-16,West,2427.41
4918,4906,SSD,2,2023-11-16,South,406.61
4919,4637,SSD,4,2023-08-08,South,543.52
4920,3953,SSD,3,2024-11-29,North,480.58
4921,2833,Mouse,3,2023-02-01,East,
4922,3367,Monitor,4,2024-12-15,South,1851.74
4923,1125,Headphones,5,2025-01-23,South,495.21
4924,1276,Monitor,1,2025-11-05,East,1144.69
4925,2999,Keyboard,1,2024-02-13,North,260.12
4926,2227,Headphones,4,2025-04-07,West,235.78
4927,3241,SSD,2,2023-06-22,East,451.81
4928,4752,Headphones,5,2025-07-24,West,157.29
4929,4735,Monitor,2,2024-12-07,North,1798.65
4930,4618,Laptop,4,2025-09-02,South,4188.3
4931,1695,SSD,4,2025-02-21,South,218.66
4932,2309,Headphones,2,2023-05-12,East,110.67
4933,1056,Keyboard,3,2024-10-24,North,147.47
4934,4805,Mouse,4,2023-12-25,South,144.8
4935,4374,Laptop,5,2025-01-29,West,2849.44
4936,4234,Laptop,2,2023-06-14,North,4919.77
4937,1018,Laptop,3,2024-12-17,East,4804.04
4938,4441,Headphones,2,2024-03-02,East,398.97
4939,3311,Laptop,3,2024-11-07,North,2946.8
4940,3841,Monitor,3,2024-05-02,East,1844.4
4941,1112,Laptop,5,2023-08-01,East,4410.41
4942,4559,Keyboard,4,2025-02-04,North,71.54
4943,4398,SSD,3,2023-06-06,South,364.35
4944,1541,SSD,4,2024-03-10,West,591.55
4945,3694,Phone,5,2025-04-21,North,1571.64
4946,1578,Keyboard,4,2024-10-06,East,
4947,2088,Headphones,1,2023-11-08,East,588.64
4948,4363,Laptop,3,2023-05-07,North,3162.08
4949,1024,Laptop,5,2024-01-12,West,4893.68
4950,2572,Monitor,2,2023-08-13,North,706.91
4951,3048,Mouse,5,2025-11-06,South,57.22
4952,3958,Laptop,3,2024-05-11,East,2829.63
4953,2572,Webcam,5,2024-04-17,North,229.62
4954,1140,Keyboard,2,2024-04-19,East,95.26
4955,2767,Headphones,1,2023-08-05,West,270.09
4956,1647,SSD,3,2023-07-15,North,196.64
4957,4972,Phone,3,2023-07-20,South,1531.01
4958,3235,Laptop,5,2024-01-01,North,4482.44
4959,4199,Phone,4,2024-12-19,West,1811.59
4960,1200,Laptop,4,2024-02-04,North,4430.48
4961,4198,Headphones,2,2024-08-12,South,167.86
4962,1256,Mouse,1,2023-08-02,East,97.9
4963,4747,Keyboard,1,2023-12-07,South,59.83
4964,1546,SSD,5,2025-08-16,North,316.49
4965,3241,Headphones,5,2023-04-29,West,407.25
4966,3750,Phone,4,2025-04-15,South,1767.08
4967,4175,Laptop,1,2025-04-21,South,2180.97
4968,4606,Phone,1,2025-05-16,North,905.5
4969,4336,Keyboard,1,2025-08-02,West,126.27
4970,1801,Webcam,2,2024-02-06,North,326.85
4971,1941,SSD,2,2025-06-01,North,159.26
4972,4455,Headphones,5,2024-07-19,South,407.96
4973,4331,Phone,4,2024-02-28,West,1112.29
4974,1413,Phone,3,2023-04-28,North,2405.34
4975,3014,Keyboard,4,2024-01-03,North,157.55
4976,2381,Webcam,2,2024-09-21,East,95.32
4977,2098,Laptop,2,2023-05-28,South,4140.92
4978,4426,Webcam,5,2023-05-30,East,235.08
4979,4655,Phone,3,2025-03-26,East,2298.11
4980,4842,Keyboard,1,2023-09-13,North,212.96
4981,1909,Laptop,3,2023-03-23,East,4077.58
4982,1187,Webcam,3,2023-01-16,North,325.52
4983,4756,SSD,3,2025-06-19,South,339.16
4984,3015,Webcam,5,2023-07-12,East,333.62
4985,2313,SSD,2,2024-12-23,South,172.78
4986,3092,Webcam,1,2025-12-20,North,324.97
4987,4644,Mouse,3,2025-08-30,North,138.17
4988,3130,Laptop,1,2025-08-08,West,3700.0
4989,2146,Webcam,3,2024-06-19,West,181.81
4990,1357,Mouse,2,2023-12-09,South,49.4
4991,2551,Headphones,1,2024-01-30,North,423.6
4992,2089,Keyboard,4,2025-07-31,West,167.92
4993,3983,Webcam,2,2023-09-15,East,149.71
4994,2680,SSD,1,2023-02-22,South,169.52
4995,3422,Laptop,3,2024-10-12,East,3616.3
4996,1161,SSD,3,2023-09-28,North,206.83
4997,4817,Mouse,2,2023-07-20,East,188.0
4998,4451,Mouse,2,2024-01-31,West,55.61
4999,4727,Headphones,3,2024-01-13,North,116.01
5000,4429,SSD,1,2024-11-06,East,267.92
5001,4259,Monitor,4,2024-06-18,East,762.43
5002,3369,Keyboard,5,2025-07-11,West,247.81
5003,1449,SSD,2,2024-02-02,North,280.2
5004,2497,Monitor,3,2025-05-16,West,867.86
5005,2036,Laptop,1,2024-07-14,South,4984.43
5006,3231,Keyboard,2,2023-07-09,South,87.52
5007,3158,SSD,1,2023-07-24,North,188.25
5008,2950,Headphones,2,2025-08-25,West,252.81
5009,3555,Laptop,3,2023-02-13,North,3215.27
5010,2313,Keyboard,1,2025-09-30,West,240.11
5011,3342,SSD,3,2025-10-15,South,579.95
5012,4522,SSD,1,2024-10-01,West,493.65
5013,3951,Keyboard,2,2025-09-20,North,231.66
5014,2238,Monitor,5,2024-12-01,North,1987.17
5015,1973,Laptop,5,2024-12-13,East,4296.09
5016,1631,Headphones,4,2024-09-28,East,169.77
5017,4965,Headphones,4,2025-03-14,South,330.76
5018,2590,Laptop,3,2023-11-07,East,3510.51
5019,2050,Laptop,1,2025-05-27,North,2914.43
5020,4701,Mouse,4,2025-05-06,East,57.93
5021,3780,Phone,2,2023-10-01,North,2009.96
5022,4302,SSD,5,2024-06-14,North,274.87
5023,2588,Monitor,1,2023-01-17,West,1436.98
5024,4878,Laptop,5,2024-12-18,South,2967.77
5025,3368,Laptop,1,2025-11-19,East,3518.71
5026,3960,Phone,4,2024-04-14,North,1372.99
5027,4304,Phone,4,2025-03-21,North,1499.99
5028,2693,Keyboard,3,2024-07-08,South,233.02
5029,1436,Webcam,1,2023-04-03,South,362.82
5030,3828,Headphones,2,2025-05-31,North,354.37
5031,2556,Monitor,4,2024-07-31,North,1415.38
5032,4474,Keyboard,3,2024-09-22,North,266.1
5033,2076,Laptop,4,2025-03-31,North,2429.67
5034,4858,SSD,5,2024-08-06,West,222.99
5035,4384,Phone,4,2025-04-25,South,1410.7
5036,2304,Mouse,1,2025-04-21,East,82.54
5037,3773,Headphones,3,2023-11-24,North,593.19
5038,3078,Keyboard,1,2024-12-30,West,191.02
5039,3384,Mouse,2,2023-09-11,North,119.06
5040,1182,Headphones,2,2024-07-24,South,389.36
5041,4094,Webcam,4,2024-06-27,North,360.05
5042,3591,Webcam,3,2025-04-30,South,157.94
5043,2469,Mouse,3,2023-04-30,West,116.86
5044,4145,Phone,3,2025-09-01,South,1260.64
5045,4081,Keyboard,3,2025-04-01,West,245.14
5046,4555,Keyboard,4,2024-05-28,West,244.28
5047,2479,Webcam,1,2025-09-05,North,386.38
5048,2589,Headphones,4,2023-04-07,South,323.41
5049,2587,Mouse,1,2025-05-20,West,56.97
5050,1659,Phone,5,2023-09-14,North,2323.9
5051,1159,Laptop,5,2023-05-08,East,4671.81
5052,4953,Keyboard,1,2023-02-26,West,108.67
5053,4085,SSD,4,2024-08-04,East,274.32
5054,4249,Laptop,2,2024-07-09,East,2940.24
5055,3459,Phone,4,2024-12-24,West,
5056,4949,Webcam,2,2024-10-14,East,345.29
5057,2011,SSD,4,2023-06-07,South,214.97
5058,1052,Keyboard,3,2023-03-26,North,225.1
5059,3455,Keyboard,3,2023-11-18,East,138.2
5060,3894,Mouse,5,2023-11-05,West,63.26
5061,2045,SSD,5,2023-10-11,East,302.3
5062,2053,Laptop,1,2025-12-01,East,3599.83
5063,3750,Webcam,2,2025-09-29,South,374.85
5064,3307,Mouse,3,2023-05-14,West,136.81
5065,2228,Monitor,4,2024-09-05,North,1410.62
5066,4130,Laptop,1,2024-10-10,East,2326.22
5067,2494,Laptop,4,2023-08-17,West,2239.4
5068,3823,Monitor,3,2025-09-24,North,694.2
5069,2489,Phone,3,2023-04-29,West,962.43
5070,2035,SSD,3,2025-07-26,West,409.36
5071,4702,SSD,3,2023-11-20,West,353.68
5072,2950,Phone,4,2025-07-09,South,808.49
5073,4361,Keyboard,1,2023-06-08,South,137.77
5074,1849,Headphones,3,2023-08-27,East,163.68
5075,4831,Mouse,5,2024-01-31,South,197.98
5076,1353,Headphones,1,2023-11-16,North,330.08
5077,4710,Keyboard,5,2023-11-05,West,156.53
5078,2098,SSD,4,2023-09-06,East,439.88
5079,3920,Headphones,3,2024-06-21,North,278.55
5080,2739,Laptop,1,2024-12-01,North,4146.54
5081,4632,Laptop,3,2024-01-29,East,4714.38
5082,4662,Monitor,3,2024-10-13,West,
5083,2464,Monitor,1,2025-10-14,South,1074.38
5084,1990,Keyboard,3,2024-02-10,North,180.47
5085,2264,Keyboard,3,2025-09-26,East,200.89
5086,4065,Webcam,2,2023-01-21,North,351.26
5087,2884,Keyboard,2,2023-06-04,North,148.62
5088,4225,Laptop,1,2025-05-16,East,2154.29
5089,2809,Headphones,1,2024-07-12,South,415.37
5090,4167,Mouse,3,2023-07-13,East,197.77
5091,4797,Webcam,5,2024-02-03,West,353.36
5092,3341,Webcam,1,2023-10-07,South,322.64
5093,3256,SSD,3,2025-09-06,West,229.43
5094,4414,Webcam,5,2025-10-30,West,319.56
5095,2111,Keyboard,2,2024-04-16,East,70.37
5096,1817,Keyboard,1,2023-06-01,North,173.48
5097,2799,Laptop,3,2025-03-12,West,
5098,2960,Mouse,2,2024-07-06,West,183.9
5099,3437,Laptop,4,2024-12-30,South,2479.51
5100,3372,Mouse,2,2024-05-27,East,164.11
5101,3987,Laptop,3,2025-10-09,North,2145.54
5102,1888,Headphones,5,2023-06-20,North,450.88
5103,2855,SSD,4,2025-04-29,South,282.2
5104,2180,Keyboard,-1,2025-03-04,North,293.98
5105,1667,Phone,4,2023-05-05,North,1941.96
5106,4722,Phone,1,2023-06-24,South,1325.14
5107,1632,SSD,3,2024-05-18,West,255.98
5108,3624,Keyboard,4,2024-12-11,West,209.83
5109,2642,Webcam,2,2023-04-16,West,167.27
5110,4730,Keyboard,5,2024-06-11,South,96.7
5111,1136,Keyboard,3,2023-02-07,East,211.92
5112,2946,SSD,2,2024-01-30,West,475.93
5113,2697,Keyboard,1,2025-07-09,East,109.51
5114,1427,Webcam,4,2024-04-21,North,251.48
5115,2475,Mouse,2,2024-12-22,South,142.82
5116,3659,SSD,3,2023-11-11,West,573.86
5117,4921,Headphones,2,2023-12-31,North,501.72
5118,3958,Phone,1,2023-06-30,North,1515.39
5119,1818,SSD,5,2025-01-03,South,529.98
5120,3188,Monitor,4,2025-05-25,West,1162.54
5121,2106,Phone,3,2025-09-20,North,1021.22
5122,3224,Phone,4,2024-10-22,East,1379.87
5123,1197,Webcam,4,2023-09-01,North,337.51
5124,3671,Laptop,4,2023-11-09,East,4867.41
5125,4639,Keyboard,2,2023-03-17,East,
5126,2995,Keyboard,2,2023-09-19,North,209.77
5127,3738,Keyboard,5,2023-08-19,West,169.59
5128,4492,Laptop,1,2024-12-03,West,2486.17
5129,3448,Webcam,3,2024-10-07,South,112.81
5130,4769,SSD,2,2025-01-26,North,383.33
5131,1470,Headphones,4,2025-04-21,South,463.89
5132,3265,Headphones,1,2025-05-28,West,
5133,2948,Webcam,3,2024-05-30,North,295.9
5134,1928,Monitor,3,2024-03-17,South,1356.22
5135,4899,Headphones,3,2024-08-05,South,570.37
5136,3010,Webcam,3,2023-09-19,North,147.06
5137,4800,SSD,5,2025-01-18,North,415.98
5138,3679,Headphones,3,2025-03-29,East,306.9
5139,3998,Keyboard,1,2025-09-28,South,115.39
5140,1905,Mouse,2,2025-05-16,West,90.74
5141,3222,Webcam,1,2024-08-30,West,174.25
5142,1022,Phone,4,2025-06-28,South,1697.0
5143,4796,Headphones,5,2024-06-06,East,379.03
5144,4988,Headphones,5,2025-11-02,East,532.77
5145,1234,Laptop,4,2023-06-11,East,4343.92
5146,4084,Monitor,1,2023-01-05,North,953.77
5147,2124,Mouse,1,2023-07-21,North,188.33
5148,1928,SSD,4,2024-02-20,West,540.76
5149,4607,Laptop,3,2025-11-01,North,3877.59
5150,4947,Keyboard,3,2025-08-05,East,54.66
5151,1522,Phone,2,2025-01-21,East,1155.53
5152,2808,Monitor,1,2025-08-07,North,1683.98
5153,4523,Laptop,1,2024-01-08,East,3361.28
5154,1430,Webcam,4,2024-03-06,West,120.3
5155,1792,Headphones,4,2024-11-20,North,304.13
5156,2629,Headphones,3,2023-04-28,West,205.95
5157,2736,Monitor,1,2024-08-10,North,1838.85
5158,1532,Headphones,1,2025-12-05,West,544.63
5159,4923,Webcam,5,2023-08-15,East,203.86
5160,4026,Laptop,2,2023-12-14,East,2412.18
5161,2746,Laptop,2,2023-05-21,North,3076.49
5162,2675,Headphones,3,2023-07-23,South,164.37
5163,2316,Headphones,1,2025-09-30,West,252.02
5164,3857,Keyboard,5,2025-05-10,South,242.8
5165,1912,Phone,1,2025-04-24,East,1296.31
5166,2124,SSD,4,2025-09-21,West,394.89
5167,2525,Monitor,3,2023-11-09,South,678.31
5168,2327,Laptop,2,2023-05-17,South,3042.88
5169,3918,Monitor,1,2023-12-17,West,559.46
5170,3587,Keyboard,3,2023-06-22,West,187.04
5171,2023,Laptop,2,2023-03-20,South,3042.87
5172,2576,Keyboard,1,2025-09-05,East,268.0
5173,2378,Keyboard,5,2024-07-22,West,148.14
5174,4374,Mouse,3,2025-05-12,North,124.82
5175,2519,Headphones,1,2023-02-26,North,588.32
5176,2681,Webcam,2,2023-12-29,East,285.67
5177,4839,Mouse,2,2023-05-14,North,115.08
5178,2997,SSD,5,2023-01-14,East,194.16
5179,1226,Monitor,3,2023-10-10,East,1731.45
5180,2259,Webcam,3,2025-03-16,North,285.56
5181,1872,Monitor,1,2023-05-07,West,662.79
5182,1891,Headphones,2,2023-08-06,North,222.83
5183,2478,Webcam,2,2025-01-14,South,252.05
5184,2036,Mouse,5,2024-11-10,South,37.66
5185,3257,Monitor,5,2025-09-23,West,1577.47
5186,3788,Mouse,3,2023-09-17,North,68.72
5187,1396,Headphones,2,2023-04-09,North,344.86
5188,2123,Webcam,1,2023-07-01,West,157.33
5189,3078,Webcam,4,2023-06-18,West,236.54
5190,3945,Laptop,1,2023-08-21,North,2569.04
5191,4599,Keyboard,5,2025-08-13,North,198.48
5192,1648,Keyboard,1,2024-04-16,East,277.6
5193,1328,Mouse,2,2024-11-09,East,167.25
5194,4237,Webcam,3,2024-01-16,West,157.29
5195,2482,Monitor,4,2023-09-08,North,1247.16
5196,4893,Mouse,3,2023-11-15,North,101.93
5197,1951,Mouse,4,2023-07-12,East,
5198,3005,Phone,4,2025-07-25,East,2158.0
5199,3016,SSD,2,2024-08-23,East,198.34
5200,4171,Webcam,2,2024-08-29,West,133.94
5201,3668,Keyboard,5,2025-02-03,East,225.51
5202,2878,Webcam,5,2025-06-03,North,131.15
5203,2196,Headphones,4,2025-09-17,East,
5204,2772,Mouse,5,2024-05-20,South,198.8
5205,1161,Phone,2,2023-03-06,South,2123.23
5206,4976,Phone,5,2023-08-10,West,845.56
5207,2751,Keyboard,4,2024-04-10,East,170.68
5208,1775,Keyboard,3,2023-03-13,North,151.52
5209,4334,Keyboard,1,2025-06-06,South,249.88
5210,2827,Headphones,5,2024-04-18,North,243.5
5211,3321,Phone,2,2024-10-16,North,1456.41
5212,4074,Monitor,3,2023-01-19,East,640.25
5213,2051,Headphones,2,2024-06-05,East,271.32
5214,3373,Laptop,5,2025-02-22,South,4921.56
5215,1939,SSD,4,2024-02-19,South,573.97
5216,4220,SSD,1,2023-12-30,South,487.62
5217,1539,Mouse,1,2024-06-11,North,184.23
5218,3535,SSD,3,2025-03-06,North,245.03
5219,1821,Keyboard,1,2024-03-18,West,205.46
5220,2461,Phone,4,2023-09-22,East,1649.95
5221,2088,SSD,2,2024-10-11,West,340.21
5222,1355,Mouse,4,2024-05-23,East,85.22
5223,4604,SSD,3,2024-04-10,East,539.84
5224,4323,Webcam,3,2023-12-31,North,
5225,1234,Headphones,1,2024-05-07,North,462.02
5226,3274,Laptop,4,2024-06-25,East,4117.85
5227,2548,Webcam,2,2024-12-23,South,123.54
5228,4384,Headphones,4,2025-04-21,East,124.47
5229,3096,Headphones,2,2023-10-27,South,519.98
5230,1117,Monitor,2,2023-06-23,West,1235.48
5231,3101,SSD,4,2024-10-07,South,514.54
5232,2673,Mouse,5,2023-01-24,South,80.5
5233,3612,Monitor,4,2024-12-31,West,1792.75
5234,2067,Headphones,2,2023-01-07,South,515.41
5235,4886,SSD,3,2025-10-26,West,321.75
5236,3100,Laptop,3,2025-05-27,North,3235.09
5237,4657,Phone,1,2023-06-15,East,1396.52
5238,1557,Phone,3,2024-03-03,North,859.2
5239,4596,SSD,5,2023-05-25,North,459.45
5240,4748,Webcam,2,2025-07-21,East,167.27
5241,4173,Mouse,4,2024-05-23,North,180.28
5242,2815,Keyboard,4,2025-06-25,North,274.34
5243,4841,Keyboard,5,2024-10-06,West,230.64
5244,3005,Phone,3,2023-03-17,West,1108.66
5245,4920,Headphones,2,2025-04-03,North,144.65
5246,3915,Headphones,3,2025-11-27,South,508.22
5247,1397,Monitor,1,2024-07-19,East,1839.6
5248,4209,SSD,3,2024-09-08,West,308.42
5249,1674,Mouse,1,2024-01-16,West,90.0
5250,4992,SSD,4,2025-04-27,North,325.62
5251,1386,SSD,2,2023-10-30,East,522.43
5252,3158,Monitor,1,2025-01-25,North,1560.61
5253,3661,Keyboard,3,2023-06-13,South,80.49
5254,3064,SSD,3,2023-04-11,North,435.61
5255,4851,Phone,4,2025-06-16,North,816.62
5256,4253,Webcam,5,2025-02-21,East,307.32
5257,1883,SSD,5,2024-01-03,North,494.08
5258,4607,Headphones,3,2024-12-27,West,507.47
5259,1540,SSD,5,2024-01-07,East,431.54
5260,1170,Phone,2,2025-05-11,North,1107.0
5261,3456,Laptop,5,2023-10-07,West,4381.24
5262,1739,Phone,2,2023-11-12,West,2329.64
5263,2401,Laptop,3,2025-03-26,East,3901.39
5264,4259,Monitor,3,2023-05-31,South,912.68
5265,3905,Monitor,3,2025-10-05,North,769.04
5266,3277,Keyboard,4,2024-10-30,North,107.87
5267,4904,Phone,5,2024-02-11,South,828.74
5268,4923,Phone,1,2023-10-14,North,817.29
5269,1118,Laptop,1,2025-07-05,East,2891.12
5270,4227,Monitor,3,2024-05-06,North,1884.44
5271,3831,Laptop,5,2025-10-29,South,3863.98
5272,4758,Monitor,2,2025-01-07,South,1079.16
5273,3512,Laptop,1,2023-05-11,South,2032.54
5274,3151,Monitor,3,2025-09-23,South,1984.55
5275,4675,Laptop,1,2024-05-12,South,3367.53
5276,3745,Webcam,1,2024-09-13,West,397.28
5277,2995,Monitor,1,2025-06-07,East,1580.21
5278,4866,Mouse,3,2023-12-20,South,38.71
5279,4573,Laptop,3,2023-09-28,West,4577.08
5280,4764,Phone,4,2024-03-07,East,1701.68
5281,2705,Keyboard,4,2025-01-08,North,163.18
5282,2722,Mouse,4,2024-04-16,North,
5283,3222,Mouse,1,2024-05-22,North,161.72
5284,4805,Laptop,5,2023-02-24,South,4389.29
5285,3792,Keyboard,3,2023-02-06,South,240.13
5286,2697,Phone,4,2025-06-18,East,1890.16
5287,2444,Mouse,5,2023-02-24,West,144.86
5288,4205,Phone,4,2024-06-07,North,2259.59
5289,4462,Monitor,4,2025-07-03,South,1535.81
5290,2759,SSD,5,2024-04-07,South,195.61
5291,2524,Webcam,4,2024-11-27,West,286.56
5292,1664,SSD,1,2024-12-16,North,226.5
5293,1032,SSD,1,2025-10-27,North,156.41
5294,3102,Keyboard,1,2025-01-01,North,103.54
5295,3566,Webcam,2,2025-09-15,East,129.41
5296,3803,Headphones,4,2023-07-31,South,151.05
5297,4896,Monitor,2,2025-01-23,East,822.48
5298,4709,Keyboard,3,2024-03-11,South,190.89
5299,3059,Laptop,5,2023-03-25,North,2454.41
5300,2551,Webcam,3,2025-02-17,South,169.42
5301,1719,Laptop,2,2025-04-13,West,4548.78
5302,3602,Phone,1,2024-04-05,South,2309.69
5303,3420,SSD,4,2023-06-26,West,299.89
5304,1483,Mouse,4,2023-11-08,South,182.82
5305,1972,Webcam,1,2023-07-05,North,267.43
5306,4718,Headphones,4,2023-09-03,East,213.18
5307,4299,Laptop,5,2025-10-13,North,4262.88
5308,3670,Keyboard,5,2024-01-19,North,280.52
5309,1306,Webcam,5,2025-12-01,North,290.96
5310,1456,Webcam,3,2023-10-12,North,144.43
5311,3207,Mouse,1,2025-09-06,South,44.6
5312,1330,Mouse,5,2025-09-14,South,69.0
5313,3823,Keyboard,2,2023-10-27,South,134.63
5314,1224,Mouse,5,2025-06-19,South,86.74
5315,4030,Laptop,3,2025-05-23,East,3495.64
5316,3776,Keyboard,2,2024-04-30,North,176.29
5317,4575,SSD,1,2024-03-11,East,362.14
5318,2479,Keyboard,1,2025-03-16,South,135.96
5319,4116,Phone,5,2023-06-30,East,981.61
5320,4285,Headphones,2,2025-06-01,East,309.16
5321,2082,Webcam,2,2025-05-26,East,
5322,1643,Phone,5,2024-11-24,East,1911.59
5323,1615,Headphones,5,2023-12-06,South,319.89
5324,1194,Keyboard,4,2024-05-05,South,70.87
5325,4996,Webcam,4,2024-05-09,East,148.24
5326,1488,Mouse,5,2024-12-30,South,127.69
5327,3204,Headphones,3,2024-03-31,South,348.94
5328,3657,Keyboard,4,2023-04-15,North,54.8
5329,2249,Keyboard,5,2024-12-19,North,71.56
5330,3459,Phone,2,2024-03-14,East,1405.21
5331,4276,Phone,4,2024-10-12,North,1039.4
5332,2102,Mouse,3,2024-05-23,North,192.83
5333,2147,SSD,1,2023-09-08,West,165.35
5334,3518,Monitor,2,2025-08-22,North,1961.07
5335,2241,Laptop,3,2023-02-16,South,3969.66
5336,1515,Monitor,3,2025-05-28,West,1110.84
5337,2625,Monitor,3,2025-10-14,North,1309.15
5338,2127,Webcam,2,2025-02-13,West,211.24
5339,1392,SSD,3,2025-06-03,North,407.94
5340,1630,Webcam,1,2023-03-05,North,128.64
5341,4716,Mouse,4,2023-11-16,North,50.4
5342,2847,Webcam,2,2025-05-09,East,249.15
5343,3655,Headphones,3,2025-02-18,West,135.67
5344,1979,Mouse,5,2023-01-29,West,79.72
5345,1433,Mouse,4,2024-03-12,East,187.57
5346,4402,Keyboard,2,2025-02-01,North,269.05
5347,4214,Keyboard,5,2025-01-05,West,257.85
5348,4871,Keyboard,5,2025-12-06,East,176.79
5349,3587,Laptop,3,2024-03-26,North,2083.65
5350,1277,Headphones,2,2024-09-24,West,160.68
5351,1232,Headphones,3,2025-12-12,West,559.73
5352,2552,Keyboard,1,2023-08-21,East,259.1
5353,2594,Monitor,5,2023-07-19,North,1064.78
5354,2113,Laptop,1,2024-11-04,West,
5355,4563,Monitor,3,2024-07-02,North,1781.79
5356,4270,Phone,4,2025-07-25,East,1854.57
5357,3409,Headphones,5,2023-04-07,North,526.76
5358,4512,Headphones,4,2023-02-18,West,222.34
5359,1025,Monitor,2,2025-06-14,South,1193.2
5360,4096,Laptop,5,2024-06-05,East,3737.13
5361,2417,Headphones,1,2023-02-09,North,415.58
5362,3554,Monitor,4,2025-07-02,East,1980.49
5363,4372,Mouse,2,2024-07-06,West,173.81
5364,4410,Mouse,5,2024-11-06,West,39.39
5365,3314,Webcam,2,2025-02-08,North,134.12
5366,1460,Laptop,1,2023-07-30,South,3971.43
5367,4764,Monitor,5,2024-03-08,North,860.77
5368,3503,Webcam,2,2024-12-07,South,130.87
5369,4431,Mouse,3,2024-07-18,West,143.33
5370,2091,Laptop,5,2023-05-27,East,3609.27
5371,2006,SSD,5,2023-10-09,South,512.34
5372,3910,Webcam,5,2025-01-24,South,182.2
5373,4483,SSD,5,2025-12-10,East,298.37
5374,2994,Keyboard,3,2024-05-09,North,87.62
5375,1490,Laptop,1,2024-02-13,North,3956.77
5376,4904,Phone,3,2023-09-30,North,2005.12
5377,2072,Keyboard,3,2024-04-02,North,84.61
5378,4758,Webcam,2,2023-02-15,South,161.32
5379,3611,Monitor,4,2023-11-07,West,731.41
5380,4173,Keyboard,4,2024-07-15,North,236.92
5381,1215,Keyboard,2,2023-11-27,West,102.27
5382,4509,Webcam,3,2023-01-11,East,128.72
5383,2723,Monitor,2,2025-06-26,East,604.78
5384,2592,Monitor,5,2025-12-07,North,1746.95
5385,3606,Mouse,2,2023-01-08,North,51.08
5386,1158,Phone,2,2025-09-10,North,850.43
5387,3536,Monitor,5,2024-07-19,East,596.46
5388,1685,Headphones,-1,2023-09-30,East,283.42
5389,4313,Headphones,5,2025-07-29,West,398.33
5390,3841,Phone,1,2025-06-19,South,1476.95
5391,2776,Laptop,2,2023-05-11,South,3366.22
5392,4953,Webcam,2,2024-12-24,South,374.18
5393,3052,Laptop,4,2024-09-25,North,4276.76
5394,4667,Headphones,3,2023-04-24,South,270.52
5395,2843,Monitor,5,2024-06-15,West,
5396,3408,Phone,3,2025-11-10,South,2073.59
5397,3506,Laptop,1,2023-02-02,West,3720.57
5398,3295,Laptop,5,2023-05-13,South,4886.74
5399,2589,SSD,1,2025-07-08,South,558.8
5400,2696,Webcam,1,2025-09-01,East,260.37
5401,3993,Keyboard,1,2023-01-26,North,67.48
5402,3469,Headphones,5,2024-08-23,West,115.48
5403,2946,Monitor,5,2024-06-28,West,1756.28
5404,4809,Phone,4,2023-01-18,East,1986.67
5405,3062,Laptop,2,2025-07-22,West,3680.47
5406,3783,Webcam,3,2023-10-16,North,300.46
5407,4644,Keyboard,3,2025-11-16,South,184.95
5408,2145,Headphones,1,2025-03-27,West,389.17
5409,3324,Headphones,5,2023-04-18,South,212.94
5410,2581,Webcam,5,2025-08-30,North,225.76
5411,3500,SSD,1,2025-08-05,North,154.98
5412,4461,Phone,2,2025-01-07,South,1936.85
5413,4365,Laptop,3,2023-11-20,East,2996.91
5414,4645,Phone,4,2025-05-16,North,1915.75
5415,3645,Webcam,2,2025-01-04,South,376.47
5416,3493,Webcam,5,2025-03-03,North,269.33
5417,3257,Phone,1,2023-10-16,South,1357.74
5418,4661,Mouse,3,2025-11-26,West,
5419,3761,Keyboard,1,2025-06-10,East,112.93
5420,3349,Headphones,5,2023-02-12,South,
5421,2932,Mouse,1,2023-01-09,North,134.61
5422,4294,Monitor,3,2023-07-03,North,1160.82
5423,2757,Headphones,1,2025-06-13,North,215.49
5424,3050,Headphones,3,2025-12-12,East,486.53
5425,1989,Keyboard,1,2025-05-19,North,146.86
5426,2541,Monitor,1,2024-06-16,South,951.69
5427,2116,Laptop,3,2025-09-26,East,2666.91
5428,3567,Monitor,1,2024-10-24,East,778.45
5429,4499,Laptop,2,2025-08-11,East,2820.13
5430,1492,SSD,-1,2023-03-10,East,432.24
5431,4306,SSD,2,2023-10-28,North,257.93
5432,1619,Monitor,4,2023-01-27,North,590.9
5433,4232,Phone,2,2025-07-18,East,1410.34
5434,4792,Webcam,4,2024-10-15,South,267.15
5435,4823,Monitor,1,2024-07-06,North,590.33
5436,3378,Mouse,3,2023-04-16,East,106.95
5437,3380,Mouse,3,2024-08-08,East,38.89
5438,3097,Keyboard,5,2024-07-25,South,242.04
5439,2546,Webcam,4,2025-03-20,North,359.0
5440,1862,Webcam,5,2024-09-25,East,388.42
5441,2691,Laptop,5,2025-10-31,South,4073.79
5442,4563,Headphones,4,2025-07-19,North,416.03
5443,2605,Keyboard,3,2024-10-20,East,223.52
5444,4752,Mouse,4,2025-06-04,South,175.29
5445,3319,Mouse,1,2023-11-17,North,167.21
5446,1579,SSD,5,2024-04-04,South,347.32
5447,2890,Laptop,5,2024-08-01,West,3953.22
5448,2275,Mouse,4,2025-05-26,West,57.53
5449,3607,Mouse,5,2025-01-23,West,148.14
5450,3743,Laptop,3,2023-06-09,South,
5451,2855,Mouse,5,2024-04-08,East,166.22
5452,4770,Headphones,4,2025-09-24,West,508.82
5453,4161,Phone,3,2023-08-29,South,1547.84
5454,3493,Keyboard,3,2025-07-24,South,275.88
5455,4064,Headphones,5,2025-08-21,East,590.48
5456,2355,Headphones,4,2025-08-16,West,589.02
5457,2162,Phone,5,2025-05-14,West,1795.79
5458,1356,SSD,1,2024-10-11,North,401.77
5459,2624,Webcam,1,2023-11-23,West,226.35
5460,3321,Keyboard,3,2025-05-14,South,124.95
5461,4090,SSD,5,2024-06-12,South,300.19
5462,3006,SSD,1,2025-05-28,West,247.09
5463,3358,Headphones,2,2023-11-30,West,577.86
5464,1869,Mouse,1,2025-10-23,East,135.37
5465,1885,SSD,5,2025-12-10,West,570.51
5466,3001,Phone,5,2025-05-31,East,1458.11
5467,3201,Webcam,1,2023-12-16,South,175.42
5468,2413,Keyboard,5,2023-06-23,West,83.19
5469,2283,Monitor,5,2023-04-26,West,950.37
5470,1619,Laptop,2,2023-12-27,South,4670.48
5471,1882,Mouse,3,2023-03-17,South,128.99
5472,1796,Phone,5,2025-01-25,South,1569.21
5473,4642,Laptop,4,2023-03-13,West,3704.75
5474,3172,Webcam,3,2024-03-27,East,365.66
5475,4425,Webcam,3,2025-06-29,West,141.7
5476,2296,Monitor,4,2024-01-02,South,1948.49
5477,1618,SSD,1,2025-04-05,East,449.79
5478,2834,Headphones,2,2024-10-31,West,527.68
5479,1244,Headphones,5,2025-11-13,North,362.7
5480,3895,Keyboard,1,2023-04-20,East,109.16
5481,3497,Phone,4,2023-02-21,East,1764.64
5482,1929,Phone,2,2024-04-11,East,915.5
5483,2270,SSD,2,2025-03-28,East,533.49
5484,1519,Webcam,2,2025-02-25,West,287.87
5485,4212,Keyboard,4,2024-07-09,South,120.71
5486,3409,SSD,1,2025-07-17,North,273.51
5487,1007,Laptop,5,2023-09-16,West,4708.42
5488,3525,Headphones,2,2023-03-06,South,520.45
5489,4423,Headphones,2,2023-06-12,North,481.55
5490,3019,Webcam,1,2023-02-08,South,212.73
5491,1494,Phone,2,2024-10-26,North,2283.26
5492,2629,Webcam,2,2023-11-16,East,159.0
5493,3880,SSD,4,2023-12-26,East,160.91
5494,4498,Phone,3,2023-09-26,East,1535.71
5495,2062,Keyboard,1,2023-11-20,East,279.88
5496,3640,SSD,1,2023-11-22,South,407.05
5497,1186,Monitor,1,2023-09-14,North,844.15
5498,4667,Laptop,4,2023-07-19,West,3952.46
5499,4671,Mouse,4,2024-09-01,South,156.65
5500,3801,Monitor,5,2025-06-23,North,1325.51
5501,2877,SSD,4,2023-06-13,East,529.17
5502,3140,Monitor,1,2024-09-06,South,1388.56
5503,1085,Phone,5,2023-04-16,North,963.24
5504,4115,Phone,3,2024-11-29,North,2176.23
5505,1136,Phone,2,2023-12-30,West,1048.81
5506,3468,Monitor,2,2025-11-10,South,1824.13
5507,3121,Webcam,5,2024-10-21,North,246.99
5508,4619,Laptop,3,2024-11-29,East,4195.6
5509,2636,Webcam,2,2025-01-16,West,391.07
5510,4583,Phone,5,2025-08-18,East,1534.3
5511,4227,SSD,4,2025-07-18,North,356.87
5512,4326,SSD,1,2023-07-28,South,521.63
5513,3218,Headphones,3,2025-12-25,North,155.12
5514,2751,Webcam,2,2024-05-05,East,88.86
5515,3217,Laptop,1,2024-12-03,East,3812.95
5516,2787,SSD,5,2024-05-16,South,225.38
5517,1871,Headphones,2,2024-10-27,East,227.87
5518,3369,Laptop,1,2023-08-09,East,4928.84
5519,4638,Phone,4,2024-03-10,West,1910.35
5520,3503,Webcam,3,2023-10-07,East,353.84
5521,1943,Mouse,5,2024-06-07,East,182.62
5522,2626,Keyboard,2,2024-10-28,West,80.34
5523,3837,Phone,4,2025-11-12,North,2377.22
5524,3660,SSD,3,2025-01-01,North,539.93
5525,4226,Monitor,3,2023-12-14,East,568.01
5526,3936,Mouse,4,2025-02-03,South,196.13
5527,1348,Monitor,2,2025-07-22,South,1187.48
5528,4522,Laptop,3,2023-07-02,West,4923.47
5529,4947,Monitor,5,2024-05-22,East,1735.78
5530,2676,Mouse,1,2023-07-17,West,104.82
5531,2196,Mouse,5,2024-01-16,West,116.96
5532,1009,Phone,3,2025-04-04,North,1267.67
5533,3787,Headphones,1,2025-10-26,East,343.46
5534,4336,Phone,4,2023-07-11,West,982.74
5535,2461,Laptop,1,2024-06-08,South,4725.91
5536,4831,SSD,1,2025-11-25,East,470.95
5537,4318,Monitor,1,2025-12-29,East,1707.81
5538,1666,Headphones,3,2023-10-16,North,365.56
5539,3593,Webcam,2,2023-04-15,North,120.2
5540,2522,Keyboard,3,2023-11-09,South,184.31
5541,3176,Mouse,2,2025-12-14,South,85.97
5542,4743,Headphones,4,2023-11-03,East,105.05
5543,1600,SSD,4,2025-03-31,West,426.77
5544,3652,Webcam,4,2023-02-05,North,353.17
5545,1326,Headphones,4,2025-06-05,South,455.28
5546,4824,Phone,4,2025-11-14,East,
5547,4906,Webcam,5,2025-11-26,West,342.12
5548,1979,Keyboard,3,2025-11-08,East,127.37
5549,3451,SSD,2,2023-02-04,East,248.32
5550,1628,Mouse,4,2024-04-11,East,193.39
5551,2629,SSD,5,2025-06-15,East,157.47
5552,4746,Laptop,5,2023-07-18,North,2502.71
5553,4682,Laptop,5,2025-02-06,North,3401.0
5554,4696,Headphones,3,2023-08-29,North,183.53
5555,4430,Webcam,4,2023-10-21,North,133.4
5556,4674,Headphones,5,2025-07-10,South,417.17
5557,4929,Monitor,5,2024-04-12,East,1728.55
5558,3765,Keyboard,4,2024-01-02,North,215.4
5559,4088,Mouse,3,2025-11-10,North,47.25
5560,1273,Headphones,5,2023-11-12,East,547.69
5561,1684,Monitor,2,2025-01-27,North,1884.12
5562,1115,Webcam,1,2024-03-26,North,169.92
5563,1860,Keyboard,1,2025-02-16,West,188.28
5564,3003,Mouse,1,2025-06-26,North,112.49
5565,1692,Laptop,3,2024-03-21,South,4004.67
5566,4162,Monitor,5,2025-08-14,North,1966.92
5567,2105,Webcam,1,2023-03-21,West,395.64
5568,3371,Keyboard,1,2025-11-06,East,177.29
5569,4008,Monitor,4,2023-05-18,North,637.92
5570,3161,Headphones,5,2024-10-13,East,267.24
5571,2792,Phone,5,2025-04-30,North,1503.06
5572,4129,Laptop,4,2024-07-05,South,3603.9
5573,1153,Headphones,5,2023-03-15,East,580.19
5574,2900,Headphones,2,2023-02-19,North,231.21
5575,2427,Webcam,3,2025-10-30,South,251.74
5576,4699,Webcam,4,2024-01-23,South,173.14
5577,4926,Keyboard,1,2024-01-20,West,279.87
5578,2289,Webcam,5,2023-10-26,West,396.79
5579,1314,Monitor,2,2023-12-05,East,1806.11
5580,4786,Laptop,2,2024-04-18,West,3016.23
5581,2064,Headphones,3,2024-09-07,East,238.94
5582,1104,Keyboard,2,2025-08-19,West,157.79
5583,2924,SSD,5,2025-03-02,South,486.41
5584,2913,SSD,5,2023-01-13,East,154.19
5585,2216,Laptop,2,2024-03-24,West,4985.33
5586,2424,Webcam,5,2023-06-23,West,362.69
5587,4349,Webcam,5,2024-08-17,North,87.62
5588,3401,Monitor,1,2025-07-20,North,1073.15
5589,4063,Webcam,4,2023-09-26,West,300.11
5590,2772,SSD,5,2024-09-09,East,258.63
5591,2960,Headphones,5,2025-02-11,West,171.42
5592,3780,SSD,3,2025-05-14,East,433.19
5593,2603,Mouse,4,2024-06-09,West,183.6
5594,1708,Headphones,4,2025-06-06,South,577.8
5595,4327,Headphones,4,2024-11-02,North,105.13
5596,1650,Webcam,2,2023-06-27,East,359.83
5597,3871,Laptop,1,2023-09-16,West,
5598,1946,Webcam,1,2023-09-17,East,156.07
5599,1660,Laptop,3,2024-10-04,South,3850.83
5600,3146,Laptop,4,2023-03-22,East,4987.37
5601,3635,SSD,4,2025-12-18,East,274.28
5602,3329,Laptop,5,2023-05-09,West,2830.66
5603,4954,Keyboard,2,2024-02-16,North,224.74
5604,3450,Phone,2,2023-11-11,North,873.45
5605,2132,Webcam,3,2024-03-30,South,342.58
5606,1699,Keyboard,1,2024-09-06,South,213.13
5607,3246,Headphones,4,2025-06-17,West,520.6
5608,4374,Keyboard,3,2025-06-21,North,107.69
5609,3038,Monitor,-1,2025-10-29,West,1770.79
5610,3374,Mouse,2,2023-08-20,West,106.26
5611,3201,Laptop,2,2024-09-02,North,2398.17
5612,1551,Webcam,4,2024-12-30,West,368.46
5613,4716,Monitor,4,2025-08-22,South,1557.52
5614,1404,Webcam,4,2025-05-31,East,133.85
5615,1461,SSD,5,2023-11-14,North,260.93
5616,3179,Mouse,1,2024-06-05,West,75.71
5617,3838,Monitor,2,2024-12-16,East,1945.0
5618,1873,Webcam,2,2025-12-15,West,363.58
5619,1083,Headphones,5,2025-12-08,East,273.17
5620,2422,Laptop,2,2025-11-05,East,3399.91
5621,3801,Monitor,2,2025-06-02,North,927.92
5622,3675,Headphones,4,2023-07-21,North,471.32
5623,4180,Laptop,4,2023-04-03,South,2483.63
5624,1220,Phone,1,2025-11-22,West,1375.64
5625,4975,Headphones,2,2024-02-23,North,403.05
5626,3600,Keyboard,3,2024-07-04,West,269.34
5627,2391,Webcam,2,2024-09-17,West,283.38
5628,4218,SSD,2,2025-04-24,South,572.88
5629,1111,Laptop,-1,2025-05-31,North,4792.43
5630,1614,Monitor,3,2024-12-20,West,1577.45
5631,2581,Mouse,2,2025-08-01,North,77.38
5632,3971,Monitor,3,2024-01-29,South,1524.62
5633,4565,Keyboard,4,2025-03-19,North,98.18
5634,4576,Webcam,4,2025-05-21,West,186.63
5635,1474,Keyboard,3,2025-05-16,East,239.47
5636,3883,Monitor,2,2024-07-24,South,1775.95
5637,2913,SSD,3,2024-09-25,North,337.55
5638,1270,Webcam,3,2024-09-23,South,247.5
5639,3468,Mouse,4,2025-03-19,North,95.64
5640,2920,Laptop,3,2023-11-18,West,3437.9
5641,3754,Webcam,5,2024-07-27,East,244.0
5642,2390,Headphones,5,2025-11-29,East,445.92
5643,4351,Webcam,4,2025-11-29,North,320.17
5644,4354,Keyboard,2,2025-05-19,East,293.75
5645,1039,Keyboard,2,2025-01-15,North,159.41
5646,2982,Keyboard,4,2025-11-04,West,70.78
5647,3236,Mouse,2,2025-07-25,East,146.99
5648,4235,Webcam,1,2025-08-16,North,239.45
5649,1993,SSD,5,2023-02-17,North,528.46
5650,3012,SSD,1,2023-07-08,West,215.94
5651,4607,Webcam,1,2023-10-31,North,286.37
5652,3583,SSD,1,2024-01-04,East,356.67
5653,4075,Phone,4,2024-04-04,East,1512.82
5654,4906,Mouse,1,2023-09-04,North,126.03
5655,1289,Laptop,3,2023-09-21,East,4052.55
5656,3480,Laptop,2,2024-06-13,East,4552.78
5657,3518,Laptop,4,2025-01-19,East,2705.33
5658,4252,Laptop,3,2024-02-11,South,2879.28
5659,4319,Laptop,3,2024-03-28,West,3645.74
5660,3675,SSD,5,2025-03-24,North,305.95
5661,1278,Monitor,5,2024-07-31,South,1352.52
5662,3924,Keyboard,3,2025-08-22,North,100.04
5663,1580,Mouse,5,2023-05-27,West,82.3
5664,1862,Monitor,2,2024-02-10,North,987.26
5665,1253,Mouse,2,2023-07-02,East,198.69
5666,1180,Phone,5,2023-08-24,East,2252.39
5667,4901,Webcam,1,2024-09-29,West,348.06
5668,1680,Headphones,3,2025-08-15,East,356.78
5669,1824,Keyboard,2,2023-06-28,East,166.71
5670,4580,Phone,5,2024-03-07,West,919.21
5671,4832,Monitor,5,2024-06-08,East,
5672,1699,Headphones,2,2025-01-12,West,547.67
5673,3613,Webcam,2,2023-11-19,North,248.21
5674,2349,Phone,1,2024-02-03,South,2478.65
5675,2380,Webcam,5,2023-12-03,West,269.37
5676,4896,Webcam,5,2023-04-29,West,200.8
5677,2673,SSD,4,2024-02-17,West,273.35
5678,3727,Mouse,1,2024-08-02,East,186.12
5679,3438,Headphones,2,2023-11-01,West,285.37
5680,2638,Mouse,2,2023-07-15,North,54.84
5681,2957,Webcam,3,2023-11-29,North,169.04
5682,4156,SSD,2,2025-11-09,North,440.53
5683,4388,Phone,5,2024-09-14,West,1026.12
5684,1211,Webcam,2,2024-10-19,South,109.3
5685,2538,Monitor,5,2024-12-04,East,1186.44
5686,1383,Webcam,5,2025-06-01,North,106.77
5687,2714,Mouse,1,2024-06-07,North,96.8
5688,1341,Headphones,2,2023-08-05,East,261.36
5689,2838,Phone,1,2025-09-16,East,
5690,2987,Mouse,5,2024-01-10,North,112.92
5691,1843,Webcam,2,2023-02-05,South,139.31
5692,4109,Monitor,2,2025-02-14,North,1163.64
5693,2534,Keyboard,1,2023-01-28,East,140.38
5694,1419,SSD,1,2023-03-27,North,507.96
5695,3798,Monitor,5,2023-07-07,East,1542.03
5696,4240,Webcam,5,2023-11-01,North,359.21
5697,2988,Monitor,2,2025-02-04,East,1503.51
5698,2932,SSD,2,2023-03-21,North,204.49
5699,4414,Keyboard,4,2023-07-05,South,176.77
5700,2849,Monitor,4,2025-10-25,South,1613.7
5701,1305,Keyboard,3,2024-07-11,East,260.42
5702,4613,Webcam,5,2024-05-23,East,138.01
5703,3749,Keyboard,3,2025-08-28,West,105.88
5704,1868,Mouse,3,2025-10-22,West,176.58
5705,3584,Mouse,1,2023-08-05,East,
5706,2135,Keyboard,1,2023-09-14,East,163.11
5707,2434,Phone,4,2023-11-20,East,1640.0
5708,1205,Headphones,3,2023-07-16,East,186.67
5709,4256,Phone,4,2024-05-18,East,1866.98
5710,4453,Keyboard,5,2024-11-24,South,251.99
5711,1495,Headphones,2,2025-08-16,South,
5712,4450,Mouse,1,2023-01-18,East,35.16
5713,4118,Headphones,5,2023-04-17,East,457.59
5714,2909,Keyboard,5,2023-05-05,South,72.81
5715,4811,Mouse,1,2024-04-27,North,194.37
5716,4622,Headphones,1,2025-10-24,South,341.12
5717,4599,Headphones,3,2024-09-18,West,487.71
5718,3551,Phone,4,2023-12-17,North,1857.16
5719,2045,Headphones,5,2023-12-17,East,575.97
5720,1212,Webcam,3,2024-10-10,West,391.57
5721,1309,Keyboard,3,2025-06-19,South,119.72
5722,3708,Laptop,5,2023-08-16,West,3448.61
5723,2991,Laptop,5,2023-01-16,West,3512.72
5724,3800,Laptop,2,2024-02-29,South,2533.09
5725,1271,Keyboard,4,2024-04-08,North,275.98
5726,4642,Laptop,5,2024-12-24,North,3048.82
5727,2822,Phone,1,2025-03-04,South,948.68
5728,3985,Keyboard,2,2023-06-26,West,88.63
5729,4273,Webcam,4,2024-06-26,North,244.26
5730,3079,Mouse,1,2024-05-23,West,179.89
5731,1442,Webcam,1,2024-07-17,North,281.03
5732,3209,Keyboard,4,2023-08-21,West,103.71
5733,3814,Keyboard,2,2025-11-27,North,124.2
5734,1253,Headphones,1,2024-05-05,East,588.01
5735,1520,Headphones,3,2025-10-13,North,126.42
5736,1976,Headphones,4,2024-03-19,North,597.17
5737,4722,SSD,4,2023-01-20,North,557.64
5738,4551,SSD,5,2023-04-21,North,455.32
5739,1009,Monitor,2,2024-05-01,North,1914.8
5740,3773,SSD,3,2023-03-30,East,218.61
5741,3552,Phone,3,2024-03-09,South,2402.4
5742,3832,Keyboard,5,2023-03-13,East,103.14
5743,4907,Webcam,1,2025-04-01,East,254.79
5744,2583,Keyboard,1,2025-03-26,East,172.19
5745,3483,Headphones,3,2024-02-08,West,356.23
5746,2134,Keyboard,2,2023-09-08,West,116.84
5747,1152,Mouse,1,2025-05-18,South,162.71
5748,2658,SSD,4,2025-05-17,South,484.16
5749,3964,Keyboard,5,2025-06-14,East,288.49
5750,3916,Webcam,2,2023-09-13,East,242.24
5751,4173,Laptop,1,2025-05-22,South,3644.28
5752,3800,Mouse,3,2024-05-06,East,183.57
5753,2856,Mouse,5,2023-12-02,North,186.3
5754,2214,Keyboard,1,2024-09-24,North,212.38
5755,2752,Monitor,3,2023-12-28,East,1730.59
5756,3610,Headphones,1,2025-11-19,North,352.57
5757,4875,Phone,5,2025-07-07,North,1459.93
5758,2104,Phone,4,2025-06-12,North,2268.92
5759,3536,Laptop,4,2024-09-28,South,4331.82
5760,1894,Phone,3,2025-01-16,South,1212.1
5761,2111,Phone,4,2024-11-13,South,881.0
5762,4265,Headphones,5,2025-09-29,North,382.8
5763,1103,SSD,3,2025-10-03,North,528.73
5764,4854,Headphones,1,2024-11-23,North,223.6
5765,4167,Monitor,2,2023-08-03,South,1651.09
5766,4494,Webcam,1,2023-04-28,South,212.48
5767,2914,Laptop,5,2023-08-15,East,3007.13
5768,4269,Phone,3,2025-06-09,East,1093.79
5769,4072,Monitor,1,2024-03-19,East,1901.44
5770,2006,Laptop,3,2024-07-02,East,2677.09
5771,1406,Mouse,4,2025-04-08,South,77.46
5772,2401,Phone,2,2023-01-12,West,1363.53
5773,1166,Phone,5,2024-05-03,North,1283.93
5774,1508,Headphones,1,2024-08-01,North,181.45
5775,2661,Keyboard,2,2025-01-11,North,138.61
5776,3360,Laptop,5,2023-06-17,West,3415.32
5777,4664,Phone,5,2025-08-18,West,1738.01
5778,4489,SSD,4,2023-07-19,West,220.42
5779,1762,Laptop,3,2025-05-13,South,4338.24
5780,1680,Webcam,3,2025-01-23,West,179.69
5781,3524,SSD,2,2025-11-02,North,563.08
5782,3120,Monitor,4,2025-02-12,East,994.33
5783,2164,SSD,5,2023-04-07,West,538.3
5784,1581,Monitor,4,2023-03-12,East,1028.8
5785,1261,Keyboard,4,2025-09-19,North,176.46
5786,2363,Phone,2,2023-12-23,East,1433.0
5787,2331,SSD,3,2025-03-22,North,324.19
5788,3292,Webcam,4,2024-06-27,North,277.95
5789,2538,Headphones,4,2023-09-11,East,446.46
5790,4408,Phone,4,2025-09-14,North,2279.8
5791,4646,Laptop,1,2023-01-04,North,3707.16
5792,1560,Mouse,4,2023-05-25,East,66.86
5793,2099,Monitor,4,2023-06-14,East,1984.37
5794,2903,Laptop,5,2023-12-10,North,4051.32
5795,1174,Keyboard,1,2024-06-03,North,143.69
5796,3156,Monitor,4,2025-07-14,West,1952.31
5797,3230,Headphones,4,2024-08-31,North,579.24
5798,1191,Monitor,2,2024-05-26,East,619.31
5799,1064,Mouse,2,2024-02-13,West,
5800,4920,SSD,1,2024-03-11,East,170.01
5801,4010,Webcam,5,2024-06-25,North,299.3
5802,2497,SSD,1,2024-09-04,South,469.9
5803,4854,Phone,1,2025-06-18,East,2030.85
5804,4171,Mouse,2,2025-12-22,East,137.14
5805,2567,Webcam,2,2025-11-21,East,171.36
5806,3911,Mouse,5,2024-07-16,North,58.41
5807,2151,Phone,4,2024-07-28,North,2377.36
5808,4523,Monitor,5,2025-10-18,South,1869.71
5809,2937,Keyboard,4,2023-12-09,East,110.62
5810,1368,Phone,3,2024-09-04,East,1085.49
5811,1850,Phone,2,2023-05-09,North,1438.08
5812,1042,Webcam,3,2025-11-08,East,95.49
5813,2907,Headphones,3,2023-12-23,East,181.07
5814,4490,SSD,2,2025-08-16,West,321.13
5815,3535,Monitor,3,2023-03-22,South,858.12
5816,1077,Phone,1,2024-10-27,South,2052.59
5817,3873,Keyboard,4,2025-02-19,South,276.24
5818,2824,Laptop,5,2025-03-01,East,4727.42
5819,2293,Monitor,2,2024-05-06,East,1406.42
5820,1673,Headphones,1,2023-08-13,East,451.74
5821,1700,Mouse,5,2025-09-13,North,113.99
5822,1758,Phone,5,2024-02-23,East,1049.37
5823,2923,Keyboard,5,2025-02-18,South,208.76
5824,3775,Monitor,3,2023-05-17,West,1024.93
5825,4386,Keyboard,3,2023-08-14,North,51.45
5826,3972,Keyboard,3,2023-11-19,North,193.74
5827,4922,SSD,3,2025-03-22,North,239.27
5828,1901,Webcam,1,2024-03-20,North,363.68
5829,3936,Mouse,3,2023-01-07,North,188.77
5830,1992,Headphones,2,2023-05-08,North,181.09
5831,2191,SSD,5,2023-09-24,South,163.24
5832,3386,Monitor,1,2024-11-15,North,506.07
5833,3240,Phone,3,2025-07-16,West,2352.17
5834,2476,Headphones,5,2023-08-02,North,176.01
5835,3330,Phone,1,2023-09-04,West,1540.07
5836,4407,Laptop,5,2024-02-25,West,2171.48
5837,1389,Keyboard,1,2025-11-30,North,143.34
5838,1999,Laptop,4,2024-12-17,North,4356.27
5839,1524,Webcam,1,2023-05-23,North,210.13
5840,4311,Keyboard,3,2023-05-21,East,243.9
5841,2855,Mouse,5,2024-07-18,East,147.1
5842,2506,Headphones,5,2023-04-17,South,358.65
5843,1658,Phone,5,2023-02-02,North,2054.11
5844,3763,SSD,2,2023-04-29,East,545.6
5845,4663,Webcam,2,2023-08-17,South,333.76
5846,1890,Mouse,3,2024-11-18,West,147.59
5847,4626,Phone,4,2025-04-09,South,1993.1
5848,2481,Headphones,2,2025-10-07,North,180.55
5849,4160,Monitor,1,2025-04-29,North,1926.01
5850,4731,Webcam,3,2025-01-02,East,145.81
5851,4166,Laptop,4,2025-04-24,South,3046.86
5852,1451,Laptop,1,2023-09-29,North,3553.96
5853,3475,SSD,5,2024-09-26,North,206.78
5854,4222,Phone,2,2025-10-28,South,1809.08
5855,2537,Phone,1,2024-02-07,East,1110.55
5856,4447,Phone,4,2025-07-16,North,2369.73
5857,4093,Webcam,-1,2024-09-18,East,364.38
5858,1882,Headphones,1,2024-09-08,South,372.21
5859,1312,Monitor,3,2025-09-07,South,1174.21
5860,1839,Laptop,5,2024-06-20,East,2307.81
5861,3566,Mouse,4,2025-12-12,East,169.96
5862,4277,Keyboard,4,2023-09-04,East,144.84
5863,1374,Webcam,2,2023-12-03,South,158.82
5864,1450,Webcam,4,2023-02-02,West,398.5
5865,4697,Headphones,1,2025-03-09,South,434.15
5866,4855,Laptop,1,2024-07-01,South,2221.59
5867,4062,SSD,1,2025-06-09,North,510.58
5868,1594,Monitor,5,2024-12-29,North,1625.6
5869,4250,Headphones,4,2023-02-13,East,300.6
5870,2233,Mouse,4,2023-10-31,North,51.03
5871,1499,Laptop,1,2023-09-26,West,3492.33
5872,1463,Headphones,2,2024-11-13,North,481.66
5873,4911,Laptop,2,2024-02-04,East,2228.04
5874,4195,Laptop,4,2024-08-25,East,2490.32
5875,1112,SSD,4,2025-07-10,West,428.52
5876,2035,Webcam,3,2025-08-28,North,259.05
5877,4197,Monitor,4,2024-03-06,West,1857.63
5878,4636,Webcam,1,2024-02-25,West,340.73
5879,3378,Keyboard,5,2023-05-11,West,279.71
5880,2924,Monitor,4,2024-07-31,West,1198.94
5881,4354,Laptop,4,2024-06-23,West,4363.4
5882,1139,Headphones,1,2023-05-05,East,124.36
5883,2424,Mouse,3,2025-07-22,West,80.06
5884,3949,SSD,4,2024-08-14,East,439.92
5885,4168,Monitor,2,2024-10-05,East,1645.53
5886,1516,Keyboard,2,2023-11-24,East,192.62
5887,3616,Laptop,2,2025-03-22,West,3442.21
5888,2947,Mouse,5,2023-02-15,North,69.66
5889,3893,Monitor,5,2023-03-25,West,761.28
5890,4140,Webcam,4,2025-03-04,North,360.15
5891,3165,Webcam,4,2023-12-18,South,125.51
5892,1887,Monitor,4,2025-11-02,North,1152.93
5893,4130,Monitor,5,2024-09-28,South,1832.72
5894,4104,Monitor,4,2023-08-22,West,721.57
5895,2341,Mouse,1,2025-12-10,South,51.68
5896,1049,Webcam,3,2025-02-19,East,301.6
5897,4951,Headphones,2,2024-11-11,North,265.79
5898,4560,Keyboard,2,2025-07-21,West,158.93
5899,1018,Keyboard,1,2025-05-10,West,206.4
5900,1725,SSD,4,2023-05-28,South,320.54
5901,3244,Laptop,5,2023-10-27,South,4399.52
5902,4962,Phone,4,2024-07-02,South,2447.27
5903,2473,Headphones,4,2025-09-04,South,566.53
5904,3606,Webcam,2,2024-01-18,North,254.54
5905,4750,Laptop,2,2025-03-10,West,3064.45
5906,1451,SSD,5,2024-06-17,West,345.18
5907,3336,Laptop,2,2024-07-23,North,2990.47
5908,2164,Monitor,4,2025-07-19,West,1162.59
5909,2107,Phone,1,2023-08-25,North,822.05
5910,4765,Webcam,5,2025-08-23,South,97.67
5911,3438,Phone,1,2024-12-01,East,2111.27
5912,4662,Headphones,4,2025-01-23,North,267.41
5913,1214,Phone,5,2024-07-28,North,2150.49
5914,2549,Laptop,1,2025-08-14,North,3439.83
5915,3262,Phone,5,2025-10-13,East,2170.06
5916,4474,Phone,4,2025-02-09,West,1928.09
5917,1127,Keyboard,5,2023-08-11,East,100.25
5918,2845,Webcam,4,2024-07-10,East,223.27
5919,4548,Webcam,5,2025-06-29,East,305.39
5920,1759,Laptop,5,2023-09-30,South,2991.85
5921,3451,Mouse,2,2024-03-05,West,62.86
5922,4100,Phone,4,2024-06-06,East,
5923,2815,Phone,3,2025-08-17,North,1265.2
5924,3385,Monitor,5,2025-06-28,North,1391.51
5925,3878,Webcam,1,2024-03-26,West,166.96
5926,3761,Phone,2,2025-10-08,North,2341.18
5927,1360,Webcam,2,2023-02-11,West,190.05
5928,1568,Phone,5,2023-04-04,North,2342.67
5929,2415,Keyboard,3,2024-04-30,East,119.87
5930,3265,Laptop,2,2024-05-31,South,3813.36
5931,2597,Webcam,4,2024-12-17,West,121.67
5932,2692,Headphones,5,2024-05-13,East,489.19
5933,1201,Laptop,5,2024-01-06,North,2600.65
5934,3064,Monitor,3,2025-09-07,North,1796.03
5935,3369,Laptop,4,2024-11-29,South,3357.34
5936,1517,Phone,4,2024-04-29,West,960.72
5937,4641,Monitor,3,2024-10-26,East,
5938,2348,Laptop,1,2024-09-19,West,4339.18
5939,2435,SSD,4,2025-01-01,North,184.33
5940,2341,Monitor,1,2023-07-11,East,1438.59
5941,1680,SSD,1,2025-04-15,West,378.27
5942,2988,Headphones,5,2025-12-06,East,254.93
5943,4153,Laptop,5,2023-05-07,North,4266.85
5944,4545,Webcam,2,2024-12-27,East,96.78
5945,2491,Webcam,5,2025-10-27,East,239.25
5946,1424,Mouse,4,2024-11-26,East,116.17
5947,2968,Phone,4,2024-07-17,North,946.89
5948,4802,SSD,1,2024-01-01,North,211.21
5949,2712,Monitor,4,2025-12-05,West,1114.48
5950,4275,Mouse,5,2024-01-28,North,121.21
5951,4654,Mouse,5,2025-08-11,South,39.04
5952,4066,Keyboard,5,2023-01-23,East,52.94
5953,3434,SSD,3,2024-03-20,East,236.67
5954,1777,Monitor,4,2025-02-15,West,1231.71
5955,3145,Mouse,2,2024-12-08,North,36.85
5956,4416,Keyboard,4,2024-03-08,East,233.31
5957,2826,Mouse,4,2024-04-17,North,55.83
5958,1207,Phone,3,2023-02-17,North,2113.44
5959,2537,Headphones,4,2023-09-20,North,202.37
5960,2659,SSD,1,2025-11-20,East,305.98
5961,4863,Keyboard,5,2023-12-24,East,169.77
5962,3633,Headphones,5,2024-07-21,South,273.64
5963,3213,Monitor,3,2024-04-24,North,535.43
5964,1021,Phone,5,2025-05-16,East,2344.58
5965,1153,Keyboard,1,2025-10-25,North,121.62
5966,2962,Monitor,3,2024-12-08,North,704.05
5967,4510,Mouse,2,2024-03-01,East,52.53
5968,4366,Webcam,5,2025-11-16,South,391.88
5969,1218,Laptop,4,2023-05-07,South,2369.17
5970,1668,Monitor,1,2023-05-15,East,1019.82
5971,2518,Headphones,1,2023-11-27,North,133.81
5972,3277,Phone,5,2024-01-27,West,2050.3
5973,3067,Phone,2,2023-01-08,East,1814.48
5974,3600,Monitor,4,2024-09-04,North,1300.35
5975,1949,Mouse,2,2024-08-20,East,175.49
5976,3195,Laptop,2,2024-01-21,South,3720.01
5977,4179,SSD,5,2024-04-16,East,579.99
5978,1402,Headphones,4,2023-06-28,East,411.39
5979,1595,Monitor,5,2024-03-25,West,1031.51
5980,4554,Monitor,5,2025-03-25,West,555.12
5981,3414,Webcam,1,2023-12-24,East,312.09
5982,4905,Phone,5,2024-01-11,East,
5983,2437,Headphones,3,2024-12-02,North,399.6
5984,4380,Laptop,4,2025-04-17,West,4629.04
5985,3849,Phone,1,2024-06-21,North,
5986,3965,Monitor,4,2025-02-20,East,1639.42
5987,4906,Phone,1,2023-03-23,North,1539.98
5988,2157,Phone,3,2023-07-04,North,1010.9
5989,2742,Keyboard,5,2023-10-15,North,195.61
5990,2306,Phone,1,2025-12-21,North,1705.45
5991,4849,Mouse,1,2025-06-01,North,173.19
5992,1072,Phone,1,2024-05-21,South,1686.66
5993,1480,SSD,3,2023-01-30,South,522.31
5994,4423,Mouse,4,2025-07-24,South,122.56
5995,1559,Headphones,3,2023-01-31,South,323.47
5996,4397,Phone,1,2023-03-27,East,1431.01
5997,1744,Laptop,1,2023-01-28,West,2521.09
5998,2466,Mouse,5,2023-05-02,East,129.29
5999,1099,Mouse,3,2024-07-26,North,122.52
6000,2082,Monitor,3,2024-02-07,North,1963.61
6001,3555,Headphones,2,2024-11-13,South,306.2
6002,3305,Phone,4,2023-09-29,West,1516.59
6003,1412,Webcam,2,2025-04-16,North,132.44
6004,4523,Laptop,2,2023-04-23,East,3792.71
6005,2088,Monitor,4,2023-01-19,North,1771.78
6006,3642,Headphones,5,2024-08-27,South,223.96
6007,2177,SSD,5,2024-04-09,East,154.09
6008,3008,Mouse,4,2024-11-21,South,147.55
6009,3313,Laptop,4,2025-10-07,South,2094.12
6010,1820,SSD,3,2025-10-10,West,334.17
6011,4150,Phone,3,2023-06-12,North,1841.61
6012,4386,Webcam,3,2024-11-29,East,203.52
6013,1661,Keyboard,3,2023-10-22,South,115.14
6014,3994,Keyboard,1,2024-08-01,West,249.82
6015,1559,Headphones,1,2024-12-01,East,250.47
6016,3964,Webcam,5,2023-10-29,North,137.61
6017,3938,Laptop,1,2023-05-04,West,3165.19
6018,2271,Monitor,1,2024-10-30,North,
6019,2813,Laptop,-1,2023-07-14,North,4071.19
6020,3915,Webcam,3,2025-04-21,East,307.23
6021,1609,SSD,4,2023-12-17,East,156.65
6022,3461,Mouse,3,2024-05-03,East,148.13
6023,1024,Keyboard,4,2023-07-19,East,124.75
6024,3028,Headphones,4,2025-06-02,South,428.1
6025,1283,Phone,1,2024-05-22,West,2001.02
6026,2472,Laptop,3,2025-06-16,West,2833.34
6027,3928,Keyboard,1,2024-03-21,East,96.35
6028,1300,Monitor,3,2023-03-21,North,1739.54
6029,2091,Headphones,1,2025-01-14,West,469.59
6030,2030,Phone,1,2024-11-28,East,2223.14
6031,1816,Laptop,1,2025-07-19,West,3307.16
6032,4208,Monitor,5,2024-10-15,North,1184.55
6033,4235,Phone,1,2025-06-20,East,1385.08
6034,1082,Mouse,2,2023-09-29,West,114.84
6035,2920,Keyboard,2,2023-05-04,South,211.64
6036,4721,Mouse,2,2024-11-16,East,168.47
6037,4491,Keyboard,4,2024-10-13,West,95.79
6038,4144,Monitor,1,2023-10-24,East,1108.13
6039,4308,SSD,2,2025-02-25,East,357.54
6040,3093,Mouse,4,2024-09-12,North,112.96
6041,1617,Keyboard,2,2025-08-30,East,185.49
6042,3975,Headphones,3,2025-05-30,North,500.87
6043,4871,Monitor,5,2023-12-17,North,1829.38
6044,3309,Keyboard,1,2023-09-12,East,89.79
6045,1175,Laptop,5,2024-11-09,North,4138.05
6046,2189,Keyboard,5,2023-01-29,West,169.78
6047,3704,Mouse,3,2024-04-11,East,101.01
6048,1841,Headphones,3,2025-11-24,East,156.67
6049,1369,Phone,3,2025-01-18,North,909.03
6050,2818,SSD,4,2024-08-24,North,590.01
6051,3101,Phone,2,2025-01-09,North,1892.03
6052,1689,Keyboard,1,2025-07-19,North,163.11
6053,4490,Phone,3,2025-12-27,West,2095.0
6054,2779,Keyboard,1,2023-05-11,East,72.78
6055,4578,Headphones,1,2023-04-21,West,403.72
6056,2364,Phone,1,2024-06-07,East,1923.04
6057,4198,Mouse,3,2024-11-17,East,106.85
6058,2432,Mouse,3,2025-04-10,East,72.94
6059,4995,Laptop,2,2024-10-27,North,4863.75
6060,1366,Keyboard,-1,2025-12-02,East,125.28
6061,4342,Phone,3,2025-05-24,North,1012.15
6062,1643,Mouse,1,2023-10-12,East,137.18
6063,4676,Webcam,2,2025-04-02,North,263.78
6064,3426,Headphones,5,2024-07-17,East,477.39
6065,1072,SSD,3,2023-01-19,North,489.2
6066,4994,Headphones,3,2024-06-30,North,410.12
6067,4993,Webcam,5,2023-02-17,East,146.41
6068,3962,Webcam,1,2023-08-07,North,363.89
6069,2271,Laptop,2,2025-02-04,North,2744.85
6070,1859,Headphones,1,2023-01-31,South,146.99
6071,4856,Headphones,4,2023-09-16,South,250.75
6072,1042,Phone,3,2023-11-04,West,1621.49
6073,3424,Keyboard,4,2025-12-30,East,
6074,2064,Monitor,3,2023-11-03,West,1000.51
6075,3217,SSD,4,2024-07-21,North,381.16
6076,3259,Headphones,5,2023-01-21,South,261.47
6077,2516,SSD,3,2025-10-26,East,190.19
6078,4751,SSD,3,2023-08-19,North,238.75
6079,3086,SSD,4,2023-03-23,North,507.39
6080,1368,Headphones,2,2025-08-15,East,577.17
6081,3804,Monitor,4,2023-08-05,East,722.66
6082,1150,Headphones,3,2023-12-01,North,440.51
6083,2134,Phone,3,2024-07-12,North,2339.49
6084,2503,Phone,2,2025-05-13,East,1308.54
6085,2459,Monitor,1,2025-05-23,North,1744.19
6086,2070,Mouse,2,2025-01-22,West,183.84
6087,2023,Headphones,1,2024-08-16,West,249.75
6088,2598,Mouse,3,2024-12-04,West,39.65
6089,3784,SSD,5,2025-07-13,North,562.56
6090,3040,Headphones,5,2024-07-06,North,265.24
6091,2389,Keyboard,4,2025-02-21,West,53.43
6092,1068,Headphones,2,2023-03-28,South,337.46
6093,3346,Phone,2,2024-05-27,South,996.99
6094,1943,Laptop,5,2025-09-10,North,4705.11
6095,1801,Webcam,1,2025-10-05,North,129.6
6096,3343,Laptop,2,2024-08-09,East,2913.26
6097,3250,Laptop,1,2024-05-12,West,4371.35
6098,1060,Laptop,1,2025-06-25,East,4419.04
6099,1945,Webcam,1,2025-08-13,East,368.41
6100,4010,Mouse,1,2025-01-12,North,114.56
6101,4901,Webcam,4,2024-03-24,East,395.75
6102,2337,Mouse,4,2024-08-10,North,117.75
6103,2184,Webcam,5,2023-09-17,North,333.03
6104,1330,Webcam,4,2024-04-07,North,195.81
6105,2551,Headphones,2,2023-04-04,East,570.65
6106,1337,Mouse,4,2025-10-17,North,146.45
6107,2629,Headphones,2,2023-12-21,West,138.55
6108,2327,Keyboard,2,2024-04-13,West,77.13
6109,2526,Headphones,1,2023-04-05,North,545.41
6110,2673,Laptop,5,2025-05-17,South,4428.68
6111,2361,Monitor,1,2023-04-01,East,995.14
6112,2573,Monitor,1,2025-12-03,West,1282.39
6113,3686,Phone,4,2025-08-12,West,2249.67
6114,1274,Phone,4,2024-01-19,North,975.83
6115,2187,SSD,2,2023-01-23,North,212.16
6116,4514,Headphones,4,2023-01-23,North,457.76
6117,3366,Webcam,4,2023-11-07,South,106.31
6118,3636,Webcam,3,2024-07-28,South,192.82
6119,3551,Monitor,2,2023-04-13,East,877.71
6120,4757,Laptop,2,2024-05-14,North,4280.86
6121,3434,Mouse,3,2025-04-07,West,30.42
6122,2993,Laptop,2,2023-07-08,North,2346.15
6123,1869,SSD,5,2024-04-04,South,194.55
6124,3880,Laptop,5,2023-07-08,South,2954.23
6125,2014,Headphones,3,2023-12-17,North,216.24
6126,2911,Headphones,4,2024-08-03,East,214.14
6127,1602,Keyboard,5,2023-04-24,South,142.6
6128,4821,SSD,3,2023-04-14,West,246.32
6129,2799,Laptop,5,2024-09-11,West,2318.64
6130,1690,Webcam,1,2025-11-10,West,266.64
6131,1493,Webcam,3,2024-01-22,East,384.56
6132,1489,SSD,2,2025-08-01,East,423.22
6133,3768,Laptop,5,2025-05-04,North,4271.06
6134,4144,Headphones,2,2024-04-27,East,586.09
6135,3556,Headphones,3,2024-04-17,West,176.58
6136,1389,Keyboard,5,2025-05-08,North,164.95
6137,4690,Keyboard,2,2025-07-30,East,195.46
6138,4928,Phone,4,2024-01-28,West,1347.59
6139,1294,SSD,4,2024-05-30,West,425.91
6140,2392,Monitor,1,2023-12-12,South,1435.73
6141,3843,Laptop,3,2024-06-24,South,4526.69
6142,3912,SSD,2,2023-02-16,North,524.63
6143,2717,Webcam,1,2023-12-09,East,125.61
6144,3596,Laptop,3,2024-06-26,North,2506.68
6145,1648,Keyboard,4,2025-03-29,North,105.59
6146,2873,Keyboard,2,2025-11-25,North,115.31
6147,1567,Phone,5,2025-01-26,South,1759.64
6148,4258,Monitor,4,2023-12-17,South,991.24
6149,3900,Phone,5,2023-07-07,East,2420.04
6150,3817,Webcam,5,2023-11-30,West,117.86
6151,1444,Monitor,-1,2024-04-27,North,
6152,4641,Mouse,2,2024-10-28,East,177.61
6153,1362,Laptop,5,2023-10-23,East,3752.99
6154,3170,Phone,1,2023-02-14,North,1730.63
6155,2211,Keyboard,5,2024-05-09,West,198.59
6156,1741,Phone,5,2023-06-24,North,1228.85
6157,3041,Mouse,2,2025-09-30,East,159.45
6158,1679,Phone,3,2023-02-25,East,1644.1
6159,3467,Laptop,4,2023-12-07,East,2127.79
6160,4697,Mouse,2,2023-08-02,North,60.12
6161,4323,SSD,1,2025-01-27,East,517.48
6162,2642,SSD,4,2024-07-03,East,305.27
6163,2572,SSD,2,2024-05-11,East,498.05
6164,2358,Keyboard,2,2023-06-22,West,215.84
6165,3139,Keyboard,3,2023-04-15,East,125.36
6166,4601,SSD,1,2024-04-23,North,207.17
6167,4937,SSD,1,2024-03-09,North,513.13
6168,1062,SSD,2,2024-10-03,East,439.39
6169,4733,Headphones,3,2024-11-23,East,250.4
6170,3559,SSD,2,2025-09-17,North,385.47
6171,2162,Mouse,5,2025-07-10,North,134.02
6172,4769,Headphones,-1,2023-07-13,North,101.06
6173,4256,Headphones,-1,2025-04-22,East,435.26
6174,2228,Laptop,2,2025-03-11,East,3968.23
6175,3819,Phone,3,2023-02-28,East,940.38
6176,4285,Keyboard,2,2024-04-22,South,246.94
6177,1255,Keyboard,2,2024-06-16,South,256.27
6178,1134,Phone,5,2024-08-14,East,1293.28
6179,4644,Keyboard,4,2025-04-18,North,90.55
6180,1874,Phone,1,2024-07-02,North,1967.02
6181,1821,Mouse,1,2025-11-03,East,50.97
6182,3135,Laptop,3,2023-08-09,West,4574.13
6183,4907,SSD,1,2025-05-25,South,366.06
6184,4035,Laptop,5,2024-11-08,West,4729.43
6185,4278,Webcam,4,2024-10-23,North,285.49
6186,4200,Laptop,2,2024-11-14,North,2855.28
6187,1822,Phone,2,2023-12-02,South,1595.66
6188,4074,Webcam,5,2023-08-13,East,249.39
6189,1973,Phone,-1,2025-05-20,South,2185.77
6190,3981,SSD,2,2023-02-04,East,537.83
6191,2777,Monitor,1,2023-07-07,North,1524.52
6192,1120,Webcam,5,2024-10-04,South,174.14
6193,4456,SSD,2,2025-08-20,North,387.86
6194,2637,SSD,3,2025-08-25,East,208.78
6195,4109,Keyboard,4,2024-05-08,East,107.53
6196,2364,Keyboard,1,2023-11-07,East,125.76
6197,2007,Monitor,1,2024-06-04,East,609.14
6198,1924,Monitor,1,2024-01-04,East,1827.48
6199,1644,Laptop,1,2025-01-15,East,2367.93
6200,3032,SSD,5,2023-01-31,West,463.58
6201,3761,Monitor,5,2025-09-24,East,1258.49
6202,3907,Phone,5,2024-05-11,East,2214.01
6203,3068,SSD,5,2025-08-21,East,483.47
6204,1241,Headphones,2,2023-10-25,East,479.87
6205,3502,Phone,5,2024-07-30,South,1511.19
6206,4010,Webcam,2,2023-02-23,East,346.87
6207,3668,Monitor,3,2023-08-17,North,642.11
6208,3350,Keyboard,5,2025-02-17,North,
6209,2619,Phone,3,2025-09-11,East,2490.84
6210,4666,Keyboard,5,2024-01-08,North,
6211,1802,Phone,3,2024-04-13,West,939.76
6212,1963,Keyboard,4,2024-02-24,East,193.25
6213,1068,Mouse,3,2024-06-15,East,83.66
6214,2152,Phone,2,2025-09-14,South,2038.4
6215,1195,Webcam,1,2024-07-15,East,315.45
6216,3187,Keyboard,3,2023-03-31,South,50.02
6217,4515,Headphones,1,2024-01-04,North,522.91
6218,3330,Webcam,4,2023-01-15,West,151.55
6219,3359,Laptop,4,2023-12-10,North,4897.72
6220,1745,Phone,2,2025-11-25,East,2339.23
6221,4606,Headphones,2,2025-07-05,West,195.33
6222,2688,Laptop,3,2023-07-24,West,3909.01
6223,1276,Phone,5,2025-02-14,East,1303.8
6224,1060,Headphones,4,2025-12-16,East,151.49
6225,4390,Headphones,1,2024-11-16,West,537.0
6226,2913,Webcam,5,2024-12-18,West,137.86
6227,3099,Mouse,4,2023-08-13,East,101.56
6228,4927,Headphones,3,2023-03-05,East,562.09
6229,3200,Mouse,4,2025-08-05,South,42.81
6230,2772,Monitor,2,2025-08-18,North,
6231,2334,Webcam,1,2023-11-16,North,263.09
6232,2837,SSD,1,2023-12-23,East,493.38
6233,3591,Keyboard,2,2023-04-03,South,256.78
6234,1566,Webcam,5,2024-11-25,East,215.73
6235,4935,Laptop,2,2024-03-09,East,4231.05
6236,4460,Keyboard,1,2025-04-20,South,277.61
6237,2571,Keyboard,3,2025-10-20,North,271.57
6238,1621,SSD,5,2025-06-16,East,375.82
6239,3025,Mouse,4,2025-06-02,West,133.2
6240,2200,SSD,3,2025-02-16,East,452.76
6241,4433,SSD,5,2024-05-06,North,518.6
6242,1313,Keyboard,1,2025-12-19,East,176.93
6243,3854,Headphones,1,2025-03-23,West,155.95
6244,3895,Mouse,3,2024-01-27,East,95.5
6245,3144,Keyboard,5,2023-01-21,South,230.05
6246,3928,Mouse,4,2024-05-27,North,136.05
6247,2236,Monitor,4,2025-06-26,South,1630.24
6248,3876,Mouse,2,2024-12-15,North,114.99
6249,1136,Phone,3,2025-08-01,North,1096.49
6250,2029,Headphones,5,2023-12-16,East,157.6
6251,4058,Laptop,3,2024-06-29,East,3443.79
6252,3156,Phone,4,2024-08-21,East,1149.73
6253,3594,Phone,5,2023-02-01,South,2469.85
6254,4110,SSD,1,2023-09-16,South,239.44
6255,1661,SSD,1,2024-04-20,East,405.05
6256,3472,Phone,5,2025-04-04,West,803.01
6257,3677,Keyboard,3,2025-08-29,South,113.41
6258,3308,Mouse,3,2025-07-08,North,74.05
6259,4497,Mouse,1,2023-02-02,South,155.46
6260,1086,Webcam,1,2025-06-17,East,238.6
6261,3512,Keyboard,4,2024-01-23,West,53.02
6262,3123,Headphones,5,2025-03-08,East,289.59
6263,3518,Keyboard,3,2024-03-31,West,211.2
6264,3461,Keyboard,4,2023-08-12,South,209.18
6265,3872,Keyboard,3,2023-08-05,North,63.47
6266,3942,Headphones,1,2023-06-05,West,564.46
6267,3773,Webcam,5,2025-02-27,North,159.04
6268,3504,Headphones,2,2023-02-05,North,545.76
6269,2308,Monitor,5,2024-09-27,West,820.12
6270,4310,Webcam,2,2023-01-09,South,261.71
6271,2700,Monitor,4,2025-11-29,North,1109.12
6272,4670,Monitor,2,2023-06-28,South,1372.02
6273,3700,Monitor,2,2025-08-16,East,1246.79
6274,3719,Mouse,4,2024-05-15,North,30.35
6275,4629,Phone,5,2024-01-08,South,1397.27
6276,4443,Phone,4,2025-12-27,East,819.07
6277,1494,Monitor,1,2025-08-27,West,1525.05
6278,2647,Monitor,1,2024-05-29,South,1780.24
6279,2942,Laptop,2,2023-12-30,East,3154.14
6280,2068,SSD,4,2025-02-15,East,386.16
6281,2424,Phone,4,2025-02-12,North,911.92
6282,4318,SSD,4,2023-11-25,South,323.34
6283,4687,SSD,5,2025-03-04,East,212.49
6284,1596,Laptop,3,2025-08-19,East,2194.11
6285,1449,SSD,3,2024-01-05,South,227.41
6286,1484,Webcam,3,2024-08-19,North,358.67
6287,1645,Laptop,5,2024-07-24,North,4946.61
6288,3667,SSD,4,2025-11-27,East,545.65
6289,4089,SSD,3,2024-01-12,East,
6290,2629,Keyboard,4,2023-04-10,East,232.7
6291,1661,SSD,2,2025-03-26,East,221.87
6292,1757,Mouse,3,2023-04-28,West,125.74
6293,1288,Webcam,2,2024-02-25,West,314.11
6294,4485,Headphones,5,2024-06-24,East,356.73
6295,1720,Phone,1,2025-07-18,East,1742.93
6296,1637,Monitor,5,2024-11-29,North,1379.29
6297,3282,SSD,5,2023-04-23,South,360.08
6298,3463,Webcam,5,2024-01-08,East,172.99
6299,3985,Monitor,3,2023-10-26,West,1455.54
6300,1498,Headphones,2,2025-11-08,North,126.75
6301,4021,Webcam,3,2025-02-14,East,134.7
6302,1633,Phone,1,2024-11-01,West,2372.94
6303,2673,Webcam,-1,2023-01-11,West,236.42
6304,3030,Monitor,4,2023-01-08,East,1732.53
6305,4067,Monitor,1,2024-04-05,North,1589.81
6306,1114,Keyboard,2,2023-09-12,North,130.18
6307,3979,SSD,1,2024-08-08,North,511.64
6308,1673,Laptop,3,2023-12-28,East,2273.97
6309,2736,Webcam,4,2025-09-29,North,359.99
6310,2257,Monitor,3,2025-02-26,North,1520.84
6311,4611,Mouse,5,2023-07-28,East,187.6
6312,4082,Phone,5,2023-09-24,East,2322.37
6313,3253,Mouse,1,2024-10-17,East,94.64
6314,4750,Headphones,5,2025-09-23,West,528.42
6315,3294,Webcam,5,2024-07-07,North,260.17
6316,4630,Keyboard,2,2025-01-05,South,89.28
6317,3805,Phone,2,2024-02-25,East,2210.24
6318,4198,Keyboard,3,2023-11-04,North,276.98
6319,1146,Laptop,3,2023-05-17,East,2253.64
6320,3165,Monitor,2,2023-07-14,East,1895.83
6321,4982,SSD,1,2025-11-14,East,420.57
6322,4453,Phone,2,2024-08-28,North,844.03
6323,1411,Headphones,3,2025-10-10,West,370.9
6324,2687,SSD,4,2025-05-11,West,508.54
6325,4655,Webcam,5,2023-08-09,North,250.62
6326,3410,Laptop,4,2023-10-24,South,
6327,2532,Laptop,4,2025-10-07,East,4638.75
6328,1136,Keyboard,5,2023-12-09,North,267.44
6329,4246,Laptop,2,2024-08-15,East,2536.61
6330,4360,Phone,1,2025-06-10,North,1526.12
6331,4005,Keyboard,4,2023-03-18,West,
6332,4552,SSD,1,2024-12-07,South,417.79
6333,1018,Laptop,3,2025-12-01,West,4864.18
6334,3242,Webcam,4,2025-01-26,North,138.19
6335,3377,SSD,3,2024-08-12,North,331.63
6336,2959,Headphones,2,2024-01-23,South,577.01
6337,3222,Webcam,4,2025-07-15,West,320.04
6338,2001,Mouse,3,2024-09-28,East,42.1
6339,1448,Phone,3,2023-05-21,East,1528.31
6340,2948,Headphones,2,2025-11-16,South,593.94
6341,1945,Headphones,1,2024-03-23,North,326.62
6342,2377,Keyboard,1,2023-10-20,East,207.35
6343,2522,Monitor,4,2024-12-15,East,1551.47
6344,1140,Keyboard,2,2024-04-01,North,215.98
6345,3805,Phone,4,2025-06-10,North,1681.82
6346,2920,Phone,1,2025-04-18,South,1025.75
6347,3977,Keyboard,2,2024-10-15,South,227.1
6348,1092,Monitor,5,2024-10-25,East,1899.99
6349,1238,Webcam,2,2025-02-03,South,381.34
6350,1204,Keyboard,2,2025-12-26,East,198.35
6351,3607,Phone,5,2023-06-25,East,1636.74
6352,2456,Monitor,3,2024-05-24,East,1000.94
6353,1244,Phone,3,2024-12-05,East,
6354,1831,Monitor,3,2024-08-24,West,1824.68
6355,4388,Monitor,1,2025-04-17,East,705.58
6356,3972,SSD,2,2025-09-28,West,279.58
6357,1294,Keyboard,5,2023-02-20,East,235.1
6358,3687,Keyboard,1,2024-11-16,North,226.19
6359,1855,Keyboard,5,2023-09-23,South,220.25
6360,4353,Monitor,1,2024-08-28,South,1612.56
6361,3064,Monitor,1,2025-12-11,North,1312.97
6362,1070,Phone,1,2024-08-07,East,1063.42
6363,2292,Headphones,5,2023-12-05,East,599.18
6364,2348,Keyboard,4,2025-12-31,East,273.03
6365,4865,SSD,1,2024-01-09,South,344.02
6366,1304,Mouse,3,2024-08-02,East,120.16
6367,4522,Phone,2,2024-05-31,North,1469.04
6368,2030,Phone,4,2023-05-01,North,1884.56
6369,2337,Laptop,4,2025-04-16,East,4193.42
6370,1816,Keyboard,5,2024-07-23,North,107.89
6371,2126,Webcam,4,2023-02-12,North,218.49
6372,1820,Phone,5,2023-03-13,South,1888.4
6373,1192,Laptop,5,2023-04-01,North,4964.06
6374,2776,Mouse,3,2024-05-05,North,85.23
6375,4645,SSD,1,2025-01-18,South,485.25
6376,1528,Mouse,4,2025-09-24,North,88.93
6377,3218,Webcam,1,2024-01-18,North,109.55
6378,4608,Keyboard,1,2025-03-15,East,242.54
6379,1250,Monitor,1,2023-06-19,South,1473.96
6380,2788,Laptop,5,2025-07-06,East,3543.02
6381,4458,Monitor,1,2023-05-31,North,1512.55
6382,4278,Mouse,4,2024-03-06,West,179.48
6383,3588,Mouse,5,2024-03-26,East,158.61
6384,4700,Headphones,4,2024-10-04,South,528.91
6385,3026,Headphones,5,2025-02-18,North,245.01
6386,3463,SSD,2,2023-01-23,North,510.22
6387,3841,Webcam,2,2024-01-02,East,195.2
6388,2403,Headphones,2,2024-10-12,South,110.33
6389,2167,Headphones,2,2025-03-30,North,121.59
6390,3072,Webcam,5,2023-08-27,West,313.71
6391,4893,Phone,1,2024-03-09,South,1262.25
6392,3715,Headphones,3,2024-12-04,East,253.79
6393,2096,Phone,3,2025-07-30,West,1858.38
6394,3679,Phone,2,2024-06-24,West,2060.57
6395,2847,Keyboard,1,2024-09-24,East,189.72
6396,4904,Phone,4,2023-07-17,West,2000.83
6397,4164,Phone,1,2024-04-26,West,2399.79
6398,1504,Headphones,4,2025-05-18,West,527.08
6399,2621,Phone,3,2024-06-06,South,1209.37
6400,3383,Monitor,1,2024-10-12,South,1860.19
6401,3472,Webcam,1,2025-08-16,North,175.12
6402,3546,Headphones,3,2024-03-12,West,430.29
6403,2387,Webcam,1,2025-05-06,North,359.91
6404,3994,Laptop,4,2023-11-10,South,3870.34
6405,3677,Headphones,1,2023-01-19,North,503.1
6406,4816,Phone,4,2025-03-28,East,2376.49
6407,2222,Monitor,2,2023-05-02,East,1950.41
6408,1717,Webcam,1,2023-03-13,North,211.4
6409,4484,Headphones,4,2025-12-14,East,596.38
6410,1338,Monitor,3,2024-04-04,South,907.52
6411,1658,Webcam,2,2023-06-18,South,227.9
6412,1961,Laptop,1,2024-08-04,West,4282.12
6413,1428,Mouse,4,2024-09-20,East,194.93
6414,4854,SSD,1,2023-01-26,North,173.82
6415,1898,SSD,4,2024-12-21,West,575.54
6416,1138,Laptop,1,2025-10-30,South,4996.03
6417,4764,Mouse,2,2023-05-01,East,184.63
6418,3989,Keyboard,2,2023-05-06,East,77.1
6419,1541,Mouse,1,2024-07-02,South,172.92
6420,3104,Keyboard,1,2025-12-28,East,209.94
6421,2255,Headphones,5,2023-10-24,North,104.76
6422,3705,Keyboard,1,2024-11-16,South,296.09
6423,3482,SSD,1,2025-08-30,South,217.74
6424,1383,SSD,2,2025-12-04,East,328.57
6425,3607,Monitor,1,2024-09-26,East,545.41
6426,1193,Keyboard,3,2024-01-17,East,127.38
6427,4807,Monitor,1,2025-11-16,East,1352.49
6428,4719,SSD,5,2024-12-05,North,568.88
6429,3581,Webcam,4,2024-05-11,North,396.92
6430,3565,Webcam,2,2025-05-01,North,215.47
6431,3763,Mouse,3,2024-12-07,West,102.79
6432,3798,Mouse,4,2025-12-08,West,57.26
6433,3232,Mouse,3,2023-05-01,West,114.72
6434,2895,Keyboard,2,2024-09-17,North,285.02
6435,3339,Mouse,5,2024-06-09,East,58.12
6436,4406,Keyboard,2,2025-12-02,East,116.62
6437,1731,Keyboard,3,2025-01-21,East,272.83
6438,3163,Phone,3,2023-04-06,East,1864.93
6439,3872,Phone,2,2023-01-27,South,1361.86
6440,4120,Keyboard,1,2025-04-15,East,253.19
6441,1684,Webcam,2,2024-05-01,East,114.87
6442,1081,Monitor,5,2023-08-28,North,1787.53
6443,3881,SSD,2,2023-03-08,West,383.1
6444,3380,SSD,4,2023-08-19,East,490.62
6445,3604,Headphones,1,2023-12-17,East,359.2
6446,3382,Laptop,4,2025-01-30,East,2738.82
6447,1531,Phone,2,2025-05-12,East,1889.44
6448,2983,Keyboard,1,2023-12-23,South,88.7
6449,1220,Laptop,4,2025-12-01,East,2689.61
6450,1634,Phone,4,2025-10-26,North,1733.85
6451,2769,Headphones,1,2023-11-25,West,294.99
6452,4804,SSD,1,2025-06-29,North,485.34
6453,3370,Monitor,3,2023-12-04,North,1375.36
6454,2874,Keyboard,1,2025-12-28,West,145.33
6455,1002,Headphones,2,2025-05-31,North,263.36
6456,2717,SSD,5,2024-06-22,North,560.96
6457,1205,Webcam,3,2025-01-06,West,92.83
6458,2855,Phone,1,2024-03-18,North,1974.75
6459,1039,Keyboard,5,2025-07-12,North,147.97
6460,3106,Laptop,3,2025-07-08,North,3132.07
6461,3998,Webcam,2,2023-02-20,West,288.6
6462,3621,SSD,5,2023-05-29,North,532.71
6463,1643,Webcam,1,2024-01-03,East,311.81
6464,2530,Mouse,1,2024-08-02,South,143.92
6465,4643,Monitor,2,2024-10-17,North,1244.3
6466,2907,SSD,3,2023-03-17,North,361.13
6467,3890,Webcam,5,2023-08-15,West,227.43
6468,4193,Phone,2,2025-08-16,East,1047.26
6469,4550,Monitor,3,2024-08-14,North,1339.25
6470,3666,Keyboard,4,2023-01-24,North,128.87
6471,3143,Mouse,4,2023-01-28,South,135.1
6472,4930,SSD,3,2023-05-01,East,390.45
6473,4485,Headphones,1,2025-05-02,North,569.96
6474,4306,Monitor,1,2024-09-15,North,1152.4
6475,1897,Laptop,4,2025-06-08,East,3993.19
6476,2085,Phone,1,2023-01-31,South,1807.76
6477,2279,SSD,1,2025-05-19,North,457.98
6478,3608,Laptop,3,2023-02-19,North,2800.92
6479,3952,Monitor,3,2024-12-26,South,885.87
6480,3395,SSD,1,2024-01-24,North,401.86
6481,1670,Mouse,3,2025-08-01,North,174.34
6482,4195,Headphones,5,2025-10-11,East,460.0
6483,2505,Headphones,4,2024-04-19,South,344.47
6484,3364,Laptop,5,2025-01-25,South,2765.28
6485,4575,Keyboard,5,2024-08-25,East,239.84
6486,1718,Keyboard,1,2025-07-14,East,281.56
6487,2071,Mouse,1,2025-10-26,North,66.21
6488,4480,Headphones,5,2025-03-03,North,499.55
6489,2955,Laptop,5,2024-02-16,North,2517.34
6490,2159,Laptop,2,2024-10-23,West,4702.35
6491,4272,SSD,2,2023-07-10,East,438.92
6492,1249,SSD,4,2025-02-24,North,231.45
6493,3361,Laptop,5,2024-08-07,North,
6494,2892,SSD,3,2025-08-16,East,462.58
6495,4439,Monitor,2,2024-05-14,North,1409.15
6496,4500,SSD,1,2024-08-02,East,425.09
6497,2853,Mouse,5,2025-03-26,West,111.98
6498,3854,Keyboard,3,2025-12-22,North,203.61
6499,2503,Keyboard,3,2025-02-18,North,268.31
6500,4385,Monitor,3,2025-07-31,North,1928.0
6501,4571,Phone,1,2023-09-22,North,1385.66
6502,4792,Monitor,2,2023-01-07,East,1231.81
6503,4426,Mouse,3,2024-11-25,North,76.41
6504,3532,Laptop,2,2025-09-18,South,3234.76
6505,2234,Monitor,4,2025-07-06,East,1693.83
6506,4775,Laptop,1,2025-01-17,West,3274.97
6507,1043,Mouse,2,2023-05-26,South,96.58
6508,4612,Webcam,2,2023-08-29,North,352.04
6509,3618,Mouse,3,2025-05-06,North,30.22
6510,1582,Headphones,3,2023-10-14,East,526.09
6511,4163,Laptop,1,2025-08-09,North,2544.22
6512,2288,Keyboard,2,2023-01-26,North,118.63
6513,3942,Monitor,5,2024-03-27,West,1042.41
6514,1219,Webcam,3,2023-04-16,North,361.81
6515,2925,Mouse,3,2023-08-28,North,184.48
6516,3972,Laptop,4,2023-11-28,West,3983.54
6517,4513,Webcam,1,2025-06-30,North,220.62
6518,3448,Phone,2,2025-12-01,North,1677.42
6519,4471,Headphones,2,2024-10-06,North,390.2
6520,3774,Phone,2,2023-02-04,East,2421.78
6521,1990,Mouse,3,2025-05-25,West,194.76
6522,3946,Phone,1,2024-01-19,East,2240.47
6523,2812,Phone,2,2025-03-21,North,1792.34
6524,4647,Headphones,5,2025-01-17,North,295.37
6525,1857,Headphones,4,2025-08-16,East,215.14
6526,1803,SSD,4,2025-11-22,East,390.51
6527,1489,Headphones,2,2023-04-05,East,272.82
6528,4556,Webcam,3,2025-10-16,East,103.28
6529,2780,SSD,4,2023-07-24,West,364.3
6530,2493,Headphones,-1,2025-04-13,North,385.54
6531,4645,Phone,4,2023-01-30,North,1839.24
6532,3985,Keyboard,4,2023-09-23,West,68.45
6533,3891,Keyboard,2,2023-01-23,North,170.78
6534,2705,SSD,1,2024-08-31,South,445.16
6535,4516,Headphones,1,2023-02-08,East,580.53
6536,4340,Webcam,3,2023-06-22,South,88.01
6537,3314,Monitor,5,2025-01-29,North,1514.42
6538,1053,Laptop,1,2024-02-18,West,2187.01
6539,3575,Mouse,5,2024-11-22,North,57.0
6540,4591,Webcam,1,2024-09-06,South,135.46
6541,1615,Monitor,1,2023-07-28,North,993.31
6542,2082,Mouse,3,2023-01-22,West,171.32
6543,2848,Monitor,4,2023-01-05,North,1784.36
6544,4111,Monitor,3,2024-10-12,East,1062.43
6545,4308,SSD,1,2023-08-02,North,344.09
6546,1954,Keyboard,4,2025-07-08,South,104.26
6547,3433,Laptop,4,2025-06-25,East,3297.54
6548,2629,Monitor,4,2024-11-02,North,912.25
6549,3781,Headphones,5,2024-10-28,South,187.44
6550,3763,Mouse,1,2025-03-10,East,56.94
6551,1649,Webcam,2,2023-11-13,North,328.21
6552,3347,Keyboard,3,2025-03-03,West,79.24
6553,1394,Mouse,5,2024-07-29,North,134.73
6554,4278,SSD,3,2023-04-01,East,225.37
6555,2359,Headphones,2,2025-12-01,West,518.92
6556,3640,Headphones,4,2025-01-30,South,237.23
6557,4801,Monitor,2,2025-02-08,North,567.34
6558,3561,Headphones,3,2023-01-01,North,326.04
6559,4249,Laptop,2,2023-04-19,West,4999.39
6560,3443,SSD,1,2025-07-16,East,515.91
6561,1370,Headphones,2,2025-12-23,South,385.13
6562,1857,Monitor,1,2023-07-25,North,784.16
6563,1790,Mouse,2,2025-04-29,North,49.98
6564,1657,SSD,1,2024-08-12,East,527.35
6565,4389,Headphones,1,2024-09-14,West,493.85
6566,3783,Keyboard,2,2025-08-22,North,165.55
6567,2392,SSD,5,2025-08-22,East,339.63
6568,1383,SSD,4,2024-10-14,North,486.9
6569,3109,Webcam,4,2023-03-20,East,251.53
6570,4877,Keyboard,4,2024-02-19,South,151.04
6571,3552,Keyboard,1,2024-09-30,East,112.93
6572,1238,Mouse,4,2025-03-01,West,50.84
6573,1194,Phone,1,2025-11-27,East,1811.15
6574,3725,Webcam,5,2023-11-29,West,344.34
6575,4293,Keyboard,2,2023-10-15,North,236.55
6576,3108,Keyboard,2,2025-12-08,West,224.08
6577,2152,Phone,1,2023-06-10,West,2379.05
6578,4037,Mouse,1,2023-11-16,North,97.07
6579,3732,Webcam,5,2025-07-12,South,123.91
6580,3015,Keyboard,4,2023-12-30,West,75.49
6581,1155,Monitor,5,2024-04-19,North,1932.52
6582,4988,Mouse,2,2025-10-19,South,130.12
6583,4449,Webcam,2,2025-02-04,East,339.45
6584,4693,Keyboard,4,2024-08-24,North,183.89
6585,4852,Keyboard,2,2023-11-08,East,149.62
6586,1922,Phone,1,2024-08-11,South,1140.46
6587,3915,Webcam,2,2023-12-09,North,354.05
6588,3950,Monitor,3,2025-06-24,East,595.27
6589,4861,Mouse,4,2023-06-21,East,183.04
6590,2609,Headphones,4,2024-09-17,West,202.51
6591,4046,Laptop,4,2025-10-29,East,2028.59
6592,4508,Monitor,3,2024-11-12,South,655.85
6593,1974,Headphones,5,2023-11-07,East,541.75
6594,2230,Monitor,1,2025-07-02,East,610.56
6595,3435,Webcam,4,2024-03-05,West,193.68
6596,4551,Headphones,2,2025-05-07,East,225.16
6597,2814,Webcam,1,2023-10-12,East,91.79
6598,3934,Headphones,2,2024-05-09,South,365.73
6599,1837,Monitor,1,2023-12-21,West,1997.5
6600,3007,Phone,1,2023-08-02,East,2250.11
6601,2363,Monitor,2,2025-03-27,North,753.34
6602,4940,Webcam,2,2023-07-19,East,362.98
6603,3387,Monitor,1,2025-05-02,East,1177.69
6604,1203,SSD,4,2023-05-16,North,272.96
6605,1160,SSD,-1,2025-08-05,East,438.14
6606,4611,Headphones,3,2024-09-19,North,208.35
6607,1391,SSD,3,2025-07-05,East,545.84
6608,1768,Laptop,1,2023-12-08,North,3872.55
6609,4748,Headphones,5,2024-01-23,North,168.01
6610,3622,SSD,1,2023-01-04,North,406.79
6611,3581,Keyboard,1,2024-11-07,South,177.59
6612,2093,Monitor,4,2024-02-03,North,1207.18
6613,3940,Mouse,4,2024-02-15,West,92.05
6614,1404,Monitor,5,2023-08-01,North,1211.31
6615,1607,SSD,5,2024-07-13,West,413.71
6616,4746,Phone,5,2024-07-11,East,2047.07
6617,2614,Webcam,5,2024-07-11,West,373.72
6618,2540,Mouse,5,2025-12-07,North,37.55
6619,3875,Headphones,1,2024-05-16,North,384.67
6620,4191,Phone,1,2024-10-05,East,2078.36
6621,2837,Monitor,3,2024-06-14,East,673.33
6622,1689,SSD,3,2025-08-10,South,560.17
6623,4759,Headphones,2,2025-02-25,North,222.49
6624,3949,Headphones,1,2024-04-19,South,516.67
6625,2240,Keyboard,5,2023-02-11,North,215.5
6626,3103,Keyboard,2,2024-08-26,South,189.89
6627,1365,SSD,4,2023-02-17,East,
6628,2722,SSD,1,2024-12-28,East,586.16
6629,4575,Laptop,3,2023-08-09,West,4991.39
6630,4815,Keyboard,1,2025-07-28,North,220.82
6631,4838,Webcam,1,2023-12-09,East,188.52
6632,4996,Mouse,1,2023-06-04,North,178.7
6633,1454,Headphones,1,2025-07-26,North,427.17
6634,1103,Keyboard,4,2025-04-20,East,130.83
6635,1076,SSD,3,2025-12-15,East,569.56
6636,1229,Laptop,1,2024-01-22,West,4242.95
6637,2937,SSD,4,2025-06-12,East,353.77
6638,4329,SSD,2,2023-02-07,North,354.52
6639,4335,SSD,1,2025-04-30,North,598.17
6640,3378,Monitor,4,2024-12-29,East,1060.56
6641,2205,Mouse,5,2023-08-19,East,45.99
6642,1892,Keyboard,2,2024-03-27,North,184.64
6643,4839,Headphones,3,2023-09-14,South,542.43
6644,2573,Monitor,1,2024-03-09,West,1376.78
6645,3735,SSD,1,2023-07-28,East,506.89
6646,3074,Webcam,4,2023-05-17,South,97.56
6647,4347,Headphones,3,2024-07-18,West,436.7
6648,2675,Monitor,5,2025-05-05,East,618.79
6649,1298,Webcam,2,2024-12-21,North,258.03
6650,1956,Webcam,3,2025-04-24,North,239.29
6651,3846,Mouse,1,2023-02-05,East,190.75
6652,2114,Headphones,4,2023-01-27,South,166.23
6653,3527,Keyboard,5,2023-01-18,West,52.37
6654,3620,Keyboard,4,2024-09-21,West,84.34
6655,3505,Laptop,2,2024-08-01,North,2512.12
6656,2474,Monitor,3,2025-06-21,East,876.37
6657,1364,Laptop,4,2025-09-01,East,4445.27
6658,3906,Phone,4,2025-11-19,South,1440.7
6659,2698,Keyboard,-1,2023-05-03,East,260.19
6660,1350,Monitor,4,2025-08-14,East,907.9
6661,4726,Mouse,5,2025-09-27,East,176.29
6662,4471,Laptop,3,2025-09-13,North,2024.27
6663,3300,Mouse,2,2023-12-04,East,188.87
6664,3828,Mouse,4,2025-09-17,South,156.83
6665,2904,SSD,5,2023-09-30,South,335.73
6666,3850,SSD,2,2025-06-20,North,409.8
6667,2011,Mouse,5,2023-02-08,East,188.61
6668,3506,Laptop,4,2024-11-12,North,3747.68
6669,4770,SSD,4,2024-03-01,North,252.86
6670,3964,Phone,3,2023-11-11,North,1773.89
6671,1498,Webcam,1,2024-09-05,West,358.86
6672,1949,Webcam,5,2025-01-24,North,395.98
6673,2994,SSD,1,2023-06-06,East,412.84
6674,4997,Laptop,1,2025-05-21,North,2466.94
6675,3046,Webcam,2,2025-02-15,East,326.96
6676,1507,Headphones,2,2023-09-14,East,598.46
6677,2327,Webcam,5,2025-05-04,North,231.56
6678,3548,Keyboard,1,2024-09-26,North,145.93
6679,3850,Laptop,3,2024-03-31,North,3657.5
6680,3645,SSD,1,2023-02-16,East,224.14
6681,1165,SSD,2,2023-01-10,North,587.08
6682,4486,Webcam,1,2023-05-24,East,
6683,3509,Laptop,4,2024-05-01,North,2338.97
6684,1919,Phone,4,2025-11-15,South,2406.64
6685,1113,Headphones,3,2025-10-27,East,571.41
6686,4504,SSD,5,2024-08-13,North,292.36
6687,1991,Laptop,1,2025-11-04,West,
6688,4427,SSD,4,2025-06-17,West,199.84
6689,2951,SSD,5,2023-07-26,North,187.89
6690,4766,Keyboard,4,2025-06-28,East,175.45
6691,3254,Webcam,5,2023-09-16,South,95.9
6692,4839,Keyboard,5,2024-03-29,East,268.72
6693,2258,Webcam,4,2025-03-09,South,376.99
6694,4513,SSD,2,2024-01-10,West,180.29
6695,4426,Laptop,5,2024-04-08,South,2141.85
6696,1514,Mouse,1,2023-03-16,West,67.64
6697,2231,Webcam,4,2023-08-30,East,377.59
6698,1708,Mouse,2,2025-11-06,North,160.73
6699,4924,Headphones,4,2023-05-03,North,438.25
6700,4196,Keyboard,3,2023-04-21,East,244.09
6701,3185,Mouse,1,2023-08-22,South,63.91
6702,1338,Keyboard,3,2025-08-25,West,114.15
6703,3584,Webcam,5,2024-05-11,West,181.64
6704,1067,Webcam,5,2025-11-29,East,273.62
6705,2596,Headphones,3,2024-12-27,East,404.11
6706,2564,Webcam,3,2023-04-02,North,146.75
6707,1382,SSD,5,2023-12-03,West,346.53
6708,1018,Headphones,2,2024-05-27,North,445.01
6709,3730,Mouse,1,2024-08-25,South,82.64
6710,4521,Webcam,4,2024-03-03,South,104.15
6711,3121,Laptop,3,2023-01-07,West,2592.17
6712,1572,Monitor,1,2023-04-30,North,747.1
6713,3986,Phone,4,2024-01-22,West,1874.3
6714,4736,SSD,4,2024-10-02,South,180.85
6715,2299,Monitor,3,2025-12-02,North,1827.12
6716,4119,Monitor,2,2023-07-02,East,626.58
6717,3258,Keyboard,2,2024-11-27,North,199.48
6718,3902,SSD,1,2024-07-18,North,568.29
6719,2943,SSD,1,2024-03-21,East,178.09
6720,1650,Headphones,5,2023-07-19,North,291.55
6721,2645,Keyboard,2,2025-08-05,South,131.99
6722,1993,Mouse,1,2024-05-27,South,88.52
6723,3742,Phone,5,2025-09-16,East,1820.53
6724,3587,Mouse,4,2023-08-01,East,74.56
6725,4780,Laptop,1,2024-06-29,North,2081.97
6726,4262,Phone,5,2024-04-30,North,2435.87
6727,2338,Keyboard,2,2023-06-17,North,237.19
6728,1900,Webcam,4,2025-06-08,South,123.24
6729,4634,Webcam,1,2025-07-19,East,225.65
6730,2684,Keyboard,2,2025-04-07,North,65.68
6731,3827,Mouse,4,2023-05-17,East,34.74
6732,2585,Keyboard,3,2023-04-25,West,61.88
6733,2923,Keyboard,2,2025-12-08,West,238.94
6734,2781,Monitor,3,2024-05-30,North,1167.39
6735,2136,Laptop,1,2024-11-18,East,4533.19
6736,3217,SSD,5,2025-10-16,West,287.35
6737,4539,Webcam,1,2025-11-15,South,328.1
6738,4749,Monitor,2,2025-12-29,West,616.9
6739,2944,Keyboard,3,2023-10-20,West,208.78
6740,2037,Headphones,3,2023-08-19,North,280.3
6741,2738,Monitor,4,2025-07-26,South,915.09
6742,1287,Keyboard,1,2024-06-01,North,253.78
6743,4978,Webcam,1,2025-11-13,North,96.62
6744,3236,SSD,2,2024-12-06,West,577.29
6745,3961,Keyboard,3,2024-01-12,West,246.39
6746,4226,Laptop,2,2024-03-12,West,3066.83
6747,2590,Mouse,2,2025-05-02,North,198.53
6748,3741,Phone,3,2025-08-27,West,1144.23
6749,2745,Monitor,2,2024-05-13,West,1103.62
6750,3935,Monitor,3,2024-08-22,West,1827.32
6751,3518,Monitor,2,2025-02-16,West,1995.21
6752,2098,Keyboard,5,2023-03-11,South,109.78
6753,3324,SSD,2,2023-07-24,North,484.4
6754,1939,Laptop,2,2023-12-07,North,2917.19
6755,4716,SSD,5,2025-11-21,North,494.91
6756,4414,Keyboard,1,2025-12-02,East,81.32
6757,2448,Keyboard,3,2023-04-28,South,134.04
6758,1570,Mouse,4,2025-06-07,South,42.75
6759,4582,Headphones,5,2023-01-15,North,345.95
6760,3904,Laptop,1,2025-06-29,West,4104.5
6761,2000,Monitor,2,2024-09-18,North,1067.92
6762,2205,Phone,1,2024-11-20,South,1845.02
6763,3505,Monitor,5,2025-02-12,South,1353.63
6764,1917,SSD,2,2025-07-01,North,282.57
6765,2874,Keyboard,1,2023-04-30,East,171.69
6766,1832,Laptop,4,2023-01-26,East,2207.06
6767,4135,Webcam,3,2023-03-05,South,227.17
6768,3886,Laptop,3,2024-04-04,West,3374.57
6769,4331,Laptop,5,2023-11-10,North,2086.15
6770,3240,Headphones,2,2025-03-15,West,356.94
6771,2678,Monitor,2,2025-09-12,West,1606.54
6772,1615,Headphones,3,2025-01-05,West,326.13
6773,1405,Webcam,1,2025-06-07,South,286.73
6774,2749,Webcam,2,2025-09-08,North,250.37
6775,4825,Mouse,4,2024-08-01,South,163.48
6776,3990,SSD,4,2025-08-29,North,381.5
6777,3768,Phone,2,2025-05-10,North,1363.74
6778,1092,Mouse,2,2024-12-07,North,
6779,3477,Keyboard,3,2024-01-30,South,66.91
6780,1653,Headphones,5,2024-04-28,North,244.73
6781,4505,Headphones,3,2024-10-27,West,395.74
6782,4475,Mouse,5,2024-03-31,East,175.52
6783,1433,Keyboard,4,2023-07-29,North,68.04
6784,2135,Laptop,5,2024-06-08,West,2288.16
6785,1374,Keyboard,3,2024-11-06,West,120.6
6786,4130,Monitor,2,2025-09-28,North,1016.86
6787,2066,Mouse,5,2025-06-14,North,173.4
6788,1206,SSD,3,2025-09-30,South,581.51
6789,1779,Keyboard,4,2023-11-03,West,54.31
6790,2319,Laptop,5,2025-11-11,North,2046.07
6791,2141,Keyboard,4,2023-03-01,East,266.2
6792,1531,Headphones,4,2024-01-21,East,167.81
6793,4293,Phone,1,2023-02-25,East,1376.87
6794,3213,Headphones,5,2023-06-17,South,237.61
6795,3690,SSD,3,2024-12-17,South,276.84
6796,4227,Webcam,5,2025-05-14,North,185.15
6797,4255,Phone,5,2024-04-26,South,1371.28
6798,1089,Webcam,4,2023-12-06,East,278.45
6799,2117,Keyboard,4,2025-03-06,West,207.2
6800,1012,Monitor,4,2025-06-10,West,1284.34
6801,4020,SSD,4,2025-02-14,North,536.34
6802,2857,Keyboard,3,2024-08-23,North,261.42
6803,1804,Laptop,2,2024-03-12,West,2651.65
6804,1944,Keyboard,1,2025-12-18,West,185.91
6805,3789,Phone,4,2023-06-01,North,2132.52
6806,2857,Headphones,4,2025-07-22,East,533.44
6807,4875,Monitor,1,2024-06-23,South,882.78
6808,4509,Webcam,4,2023-08-13,South,238.11
6809,4609,Keyboard,2,2024-07-16,East,181.26
6810,2610,Keyboard,5,2024-07-11,West,224.91
6811,3923,Headphones,1,2024-09-09,North,265.13
6812,2959,Monitor,3,2023-01-24,East,940.18
6813,4882,Mouse,1,2024-01-03,East,149.95
6814,4221,Webcam,2,2025-09-25,East,207.79
6815,3707,Keyboard,3,2023-12-01,East,51.01
6816,4079,Keyboard,5,2023-01-03,North,284.46
6817,2052,Mouse,4,2025-10-04,North,55.44
6818,1295,Webcam,1,2023-09-20,East,127.56
6819,4033,Phone,3,2023-05-01,East,2191.22
6820,1925,Phone,1,2023-01-21,North,1370.35
6821,4792,SSD,5,2025-06-23,South,297.68
6822,1639,SSD,1,2023-05-20,East,430.08
6823,3387,Laptop,3,2023-07-25,East,2177.12
6824,1627,Headphones,2,2023-02-12,East,218.48
6825,3486,Monitor,3,2025-04-29,East,579.91
6826,2167,Keyboard,1,2025-10-25,North,122.88
6827,1941,Webcam,5,2023-07-26,South,358.38
6828,1829,Keyboard,4,2024-09-26,North,277.33
6829,2770,SSD,4,2023-12-11,East,289.25
6830,3566,Laptop,5,2024-01-07,East,2562.76
6831,1975,Webcam,1,2024-06-30,North,123.29
6832,4116,Webcam,5,2025-09-10,North,206.21
6833,1954,Keyboard,1,2023-12-01,North,256.6
6834,2262,Headphones,3,2023-01-11,East,526.33
6835,1951,Laptop,2,2023-03-16,North,2137.78
6836,1943,Headphones,1,2025-08-04,North,204.61
6837,3202,Laptop,4,2025-07-01,East,2609.51
6838,2204,Keyboard,4,2024-12-10,North,257.11
6839,4286,Laptop,2,2025-05-02,South,3368.88
6840,3135,Phone,1,2025-02-14,West,1426.27
6841,4327,Webcam,2,2025-06-04,West,386.11
6842,2534,Monitor,3,2025-01-05,North,1888.04
6843,2096,Keyboard,2,2024-09-25,East,160.03
6844,3978,Mouse,3,2025-11-17,East,51.82
6845,1178,Monitor,4,2024-01-31,West,756.51
6846,3259,Keyboard,3,2024-11-13,East,78.02
6847,2828,Monitor,1,2024-02-25,East,1520.76
6848,2257,Phone,1,2023-12-30,West,1742.97
6849,1464,Monitor,1,2023-04-03,North,1334.97
6850,2774,Laptop,1,2023-09-23,East,2295.13
6851,4294,SSD,5,2023-07-25,South,506.97
6852,3678,Monitor,3,2023-02-06,West,1303.36
6853,3872,Keyboard,1,2025-10-31,West,72.74
6854,4335,Mouse,2,2025-01-13,North,157.01
6855,2230,Mouse,2,2023-01-19,North,196.82
6856,3654,SSD,5,2024-01-09,North,348.53
6857,1884,Headphones,3,2023-04-04,North,157.83
6858,4805,SSD,3,2023-02-01,South,195.63
6859,3413,Webcam,3,2023-05-20,East,88.28
6860,3323,Monitor,5,2025-08-30,East,1655.6
6861,3427,Mouse,3,2025-11-10,East,147.98
6862,4814,SSD,3,2025-01-02,North,412.91
6863,2332,Monitor,1,2025-01-23,East,1648.44
6864,2654,Webcam,3,2023-02-27,West,399.78
6865,4339,Mouse,1,2023-05-20,South,98.31
6866,1944,Webcam,1,2025-11-12,North,305.86
6867,4856,Monitor,3,2025-06-19,North,1065.74
6868,4135,Keyboard,2,2024-01-13,North,138.01
6869,3857,Monitor,4,2025-07-10,East,1776.38
6870,4421,SSD,2,2024-01-08,North,408.64
6871,1924,Webcam,3,2025-12-22,West,118.6
6872,2938,Keyboard,3,2025-02-16,West,150.88
6873,1493,Keyboard,2,2023-06-16,South,249.14
6874,2546,Headphones,3,2024-06-06,South,570.0
6875,4169,Mouse,1,2024-08-06,East,134.45
6876,2969,Laptop,5,2024-05-15,West,3182.64
6877,2094,Keyboard,3,2025-06-14,North,113.0
6878,3411,Webcam,3,2025-09-25,West,215.05
6879,3617,Mouse,2,2024-07-13,East,126.16
6880,2825,Phone,1,2025-10-08,South,807.51
6881,1762,Monitor,2,2023-08-21,East,903.02
6882,3323,SSD,2,2024-07-13,South,452.18
6883,1049,Webcam,3,2025-07-09,South,295.43
6884,4429,Phone,1,2025-05-10,East,1910.11
6885,3775,Webcam,3,2025-05-21,North,383.98
6886,1905,Monitor,3,2023-03-22,North,1352.82
6887,3975,Headphones,3,2024-09-05,North,234.86
6888,1563,Webcam,3,2024-12-03,South,339.72
6889,1782,Keyboard,5,2024-06-24,South,147.34
6890,3532,Laptop,4,2025-02-03,East,2717.87
6891,4155,Keyboard,1,2025-01-07,North,189.19
6892,4970,Monitor,5,2024-08-28,North,
6893,4876,Webcam,4,2024-09-13,North,206.77
6894,4709,Laptop,4,2025-10-18,North,4079.47
6895,3040,Keyboard,4,2023-07-15,North,298.99
6896,2831,Laptop,5,2025-09-21,West,3934.19
6897,1583,SSD,1,2025-08-03,East,274.42
6898,2319,Monitor,2,2023-02-13,West,635.7
6899,1235,Headphones,4,2024-01-28,North,280.98
6900,3103,Headphones,2,2023-06-04,West,109.66
6901,2942,Webcam,2,2025-09-04,East,228.72
6902,1359,Keyboard,3,2023-02-28,East,215.0
6903,2930,Phone,2,2023-04-20,South,1670.05
6904,1109,Monitor,3,2024-04-23,South,1797.92
6905,1191,Keyboard,1,2024-09-09,West,173.51
6906,1903,Keyboard,1,2025-02-22,East,165.6
6907,2116,Headphones,3,2025-12-08,East,254.84
6908,1861,Webcam,1,2025-11-21,North,348.04
6909,3615,Laptop,4,2024-08-23,North,4710.8
6910,2083,Monitor,1,2025-07-28,West,1966.88
6911,1649,SSD,3,2025-09-18,South,591.54
6912,1038,Laptop,4,2024-06-14,East,4941.27
6913,4611,Mouse,2,2025-10-23,South,151.03
6914,4120,Mouse,2,2024-01-13,East,125.65
6915,4491,Monitor,2,2024-07-25,North,758.52
6916,1636,Webcam,3,2024-08-09,North,325.46
6917,2036,Phone,2,2023-12-23,South,2049.3
6918,1035,Mouse,1,2024-11-15,East,173.21
6919,3148,Headphones,2,2025-05-07,South,331.23
6920,4865,Phone,5,2024-10-20,East,2317.12
6921,4157,Keyboard,5,2023-02-04,South,229.67
6922,4587,Mouse,2,2025-10-03,West,59.09
6923,4294,Headphones,2,2024-04-05,North,203.45
6924,2361,Keyboard,5,2024-12-18,North,253.57
6925,2983,Phone,2,2024-05-26,West,1523.68
6926,1165,Monitor,4,2025-12-07,East,873.52
6927,3430,Keyboard,5,2024-05-05,East,155.64
6928,2879,Laptop,3,2023-09-30,North,2484.13
6929,4966,Monitor,5,2025-10-09,West,1837.61
6930,4447,Monitor,1,2024-06-10,East,607.31
6931,4542,Phone,4,2023-07-29,East,1400.51
6932,3837,Phone,3,2024-09-15,West,1746.78
6933,4713,Headphones,2,2023-06-22,East,536.82
6934,1030,Headphones,1,2024-03-22,South,490.77
6935,4446,Laptop,1,2023-01-11,South,2067.27
6936,1010,Monitor,4,2025-01-30,East,1737.87
6937,3011,SSD,3,2023-11-19,East,437.15
6938,4373,Webcam,1,2025-09-03,East,122.67
6939,3143,Laptop,3,2024-03-20,North,3852.43
6940,4261,Laptop,3,2023-12-08,West,4453.68
6941,3500,Webcam,1,2023-08-09,East,272.68
6942,3239,Webcam,3,2023-04-20,North,399.73
6943,1485,Webcam,4,2024-02-14,South,242.24
6944,2289,Phone,1,2024-05-19,West,1944.32
6945,2447,Laptop,4,2023-02-09,South,2211.12
6946,4199,Laptop,4,2023-09-20,North,4439.59
6947,3285,Keyboard,3,2024-12-08,North,206.03
6948,2943,Webcam,3,2025-04-02,North,259.6
6949,4426,Webcam,1,2024-04-05,North,306.82
6950,2963,Headphones,2,2023-08-05,West,380.25
6951,4183,Headphones,1,2023-03-18,North,483.23
6952,2851,Monitor,4,2025-06-10,West,1375.27
6953,2469,Headphones,3,2024-01-25,North,360.03
6954,2366,Mouse,4,2025-11-15,West,52.95
6955,4216,Monitor,5,2024-01-09,North,1207.75
6956,4136,SSD,5,2024-10-15,East,392.21
6957,4318,Webcam,4,2025-06-22,North,279.86
6958,3782,Keyboard,2,2025-11-13,South,163.97
6959,1990,Headphones,2,2025-01-13,North,173.32
6960,4561,Keyboard,1,2024-02-27,East,87.59
6961,1824,Headphones,1,2025-05-02,South,460.49
6962,2462,Headphones,1,2025-04-10,West,430.72
6963,3153,Keyboard,3,2025-08-30,North,114.87
6964,3228,Laptop,2,2024-09-20,North,3337.57
6965,3231,Laptop,4,2024-07-23,North,2920.87
6966,1225,Laptop,5,2023-05-02,East,2543.07
6967,1776,Mouse,2,2023-06-08,North,85.45
6968,3837,Laptop,2,2023-11-03,North,2788.07
6969,4980,Headphones,2,2025-01-20,East,141.21
6970,2112,Webcam,1,2025-11-27,North,241.44
6971,1687,Phone,3,2024-08-13,East,1566.5
6972,1529,Keyboard,-1,2023-12-12,North,228.65
6973,4442,Webcam,1,2023-05-29,East,278.5
6974,1971,Phone,3,2025-11-05,West,1383.74
6975,1935,Webcam,2,2025-04-14,North,238.82
6976,4984,Mouse,3,2025-02-19,North,121.13
6977,2422,Phone,1,2023-04-28,West,2359.83
6978,3153,SSD,2,2024-12-04,East,591.76
6979,2294,Monitor,1,2023-11-13,South,1723.31
6980,2998,Laptop,4,2023-10-15,East,3686.31
6981,3878,SSD,2,2025-06-26,North,567.65
6982,2526,Mouse,3,2023-10-24,West,60.28
6983,1678,Webcam,1,2024-03-18,East,302.88
6984,4596,Headphones,5,2025-06-19,East,330.23
6985,3896,Laptop,3,2023-10-28,West,2434.25
6986,4103,SSD,3,2025-06-16,East,183.84
6987,3440,Laptop,2,2024-03-01,East,3442.23
6988,1039,Phone,3,2023-09-07,West,1206.25
6989,3707,Monitor,1,2024-11-16,North,
6990,4289,Laptop,5,2025-01-21,North,2960.65
6991,4802,Webcam,4,2025-09-24,North,309.88
6992,4028,Webcam,5,2024-02-10,West,132.51
6993,2105,Keyboard,-1,2025-03-11,East,229.39
6994,1844,Keyboard,2,2023-09-01,South,245.68
6995,2743,Laptop,1,2024-01-02,North,3783.44
6996,3248,Phone,3,2023-04-30,North,1220.85
6997,1446,Phone,2,2025-04-29,North,887.61
6998,4915,Headphones,4,2024-03-08,West,303.97
6999,4499,Mouse,4,2023-07-02,East,174.07
7000,4109,Mouse,1,2025-01-28,West,47.32
7001,2234,SSD,3,2023-01-31,South,485.17
7002,3491,Mouse,4,2025-09-03,East,109.54
7003,2350,Monitor,5,2024-06-11,South,1848.25
7004,3808,Phone,2,2025-05-13,West,1405.54
7005,1226,Headphones,5,2023-04-12,West,452.37
7006,1047,Keyboard,4,2025-12-31,West,235.03
7007,4089,Webcam,4,2024-09-14,East,143.6
7008,3959,Mouse,1,2025-03-15,North,56.88
7009,2462,Keyboard,1,2024-02-12,East,73.18
7010,2830,Keyboard,2,2025-04-09,North,225.4
7011,4779,Laptop,1,2025-02-27,North,3644.45
7012,1186,Monitor,3,2024-09-09,North,630.08
7013,3392,Headphones,2,2024-07-02,South,254.17
7014,3271,Monitor,3,2023-10-18,East,713.52
7015,3877,Laptop,1,2024-02-26,South,2278.04
7016,3535,Headphones,2,2023-06-30,South,249.39
7017,2932,Headphones,4,2024-10-16,North,148.15
7018,3924,Phone,5,2023-04-24,East,1242.32
7019,1848,Monitor,4,2023-09-17,East,1329.08
7020,3032,Monitor,3,2023-09-01,North,1341.36
7021,2252,Phone,4,2024-02-27,East,1085.6
7022,2413,SSD,4,2023-12-01,East,235.96
7023,1978,Keyboard,5,2025-11-12,South,263.74
7024,2612,Laptop,5,2023-09-28,East,2500.8
7025,2016,Monitor,4,2024-03-29,East,568.61
7026,3235,Phone,5,2024-08-16,North,1216.2
7027,2881,Webcam,4,2025-10-06,East,264.46
7028,1269,SSD,2,2025-05-05,East,153.25
7029,2630,Headphones,4,2023-05-12,North,592.49
7030,1309,Mouse,1,2025-02-06,East,69.17
7031,4203,Webcam,5,2024-05-15,East,156.2
7032,3043,Phone,5,2023-05-15,North,2055.65
7033,2574,Mouse,3,2025-02-05,East,72.19
7034,2095,Keyboard,3,2025-03-22,South,149.04
7035,4864,Laptop,1,2025-02-08,North,3631.76
7036,3892,Mouse,5,2023-04-04,East,33.72
7037,2695,SSD,5,2023-06-14,East,526.78
7038,4258,Keyboard,3,2023-11-21,North,178.01
7039,3533,Mouse,3,2025-07-28,West,83.2
7040,4262,Headphones,4,2024-09-11,West,299.89
7041,2445,Headphones,5,2023-08-19,West,127.91
7042,3167,SSD,5,2024-08-04,South,473.09
7043,1219,Headphones,4,2025-01-02,West,369.75
7044,1052,Headphones,5,2024-11-01,West,557.0
7045,2757,Phone,1,2024-02-07,West,1589.12
7046,2474,Headphones,3,2025-11-21,West,514.2
7047,4483,Webcam,3,2023-05-01,South,140.27
7048,2666,Headphones,3,2024-12-27,North,128.25
7049,2260,Webcam,2,2024-01-20,North,383.5
7050,3805,Phone,1,2024-04-20,South,1236.83
7051,3785,Headphones,1,2024-07-13,West,516.79
7052,1719,SSD,4,2024-01-24,East,265.8
7053,1405,Keyboard,2,2025-02-28,East,88.96
7054,3655,SSD,5,2025-01-22,South,479.64
7055,4068,Keyboard,1,2024-12-04,North,244.6
7056,3469,Monitor,2,2023-02-22,North,1765.42
7057,3759,Keyboard,2,2024-07-20,East,266.22
7058,3294,Laptop,1,2025-03-31,East,3449.39
7059,1071,Laptop,4,2025-11-10,West,3200.65
7060,2853,Laptop,2,2025-11-08,South,4252.91
7061,3232,Phone,3,2025-05-11,West,1767.96
7062,3053,SSD,2,2023-11-18,North,584.38
7063,2229,Keyboard,5,2025-04-06,East,143.96
7064,2567,SSD,1,2024-03-08,North,169.29
7065,4682,Webcam,5,2025-12-18,North,268.58
7066,3953,Laptop,4,2023-02-27,West,3060.41
7067,1386,Monitor,3,2025-10-14,West,1014.01
7068,2791,Phone,1,2025-01-20,North,1759.68
7069,1698,Monitor,2,2023-07-01,North,
7070,4147,Keyboard,3,2024-08-29,North,116.74
7071,2200,Headphones,2,2025-08-18,North,289.8
7072,1826,Monitor,4,2023-04-15,East,1836.87
7073,2822,Headphones,1,2024-08-29,East,547.61
7074,1348,Phone,4,2025-09-16,South,1198.8
7075,2278,Monitor,4,2024-04-28,North,1559.5
7076,4908,Monitor,4,2023-05-09,North,1123.34
7077,4773,Mouse,4,2023-11-15,South,189.12
7078,1307,Phone,2,2024-12-07,East,2044.82
7079,4416,Phone,5,2024-05-23,West,1640.4
7080,2150,Laptop,2,2023-01-20,North,4452.23
7081,2960,Keyboard,3,2025-01-21,South,299.47
7082,3334,Monitor,4,2023-08-23,North,1170.56
7083,1765,SSD,-1,2024-08-28,North,318.08
7084,1724,Monitor,2,2024-07-07,North,1410.55
7085,3809,Webcam,4,2024-03-28,West,298.59
7086,2619,Phone,2,2024-08-08,West,1997.56
7087,4558,SSD,4,2025-09-10,North,363.11
7088,1382,Phone,2,2024-02-27,South,1364.9
7089,4477,Keyboard,1,2023-01-06,South,255.48
7090,3435,Phone,5,2024-04-02,North,2429.04
7091,1524,Headphones,5,2024-07-07,East,531.99
7092,4628,Headphones,4,2024-06-05,East,441.18
7093,3686,Mouse,1,2025-04-25,South,91.23
7094,3985,Headphones,3,2024-07-04,West,411.24
7095,4697,Headphones,1,2023-01-11,East,150.58
7096,1275,Keyboard,4,2024-05-11,North,183.48
7097,3547,Monitor,1,2025-11-05,South,1671.83
7098,3764,Headphones,3,2025-11-22,North,225.53
7099,1336,SSD,4,2025-01-14,East,375.69
7100,2973,Mouse,5,2024-05-03,East,42.46
7101,3979,Phone,1,2025-01-05,West,2225.44
7102,1480,Headphones,5,2024-04-02,West,275.12
7103,4968,Mouse,-1,2025-12-10,West,128.98
7104,1910,Keyboard,2,2024-04-08,East,144.63
7105,2996,Webcam,3,2023-02-12,East,271.23
7106,4344,Webcam,1,2024-06-22,East,318.14
7107,4991,Webcam,5,2024-07-21,North,184.58
7108,4129,Phone,5,2023-05-01,South,1682.74
7109,2351,Mouse,3,2024-09-16,North,165.13
7110,3033,Headphones,5,2023-11-12,East,443.93
7111,2754,Monitor,5,2025-10-18,West,585.61
7112,1108,Phone,5,2024-09-12,North,1766.89
7113,4350,Phone,5,2024-03-29,East,1439.77
7114,4757,Webcam,2,2024-11-17,South,306.81
7115,1327,Monitor,2,2024-09-15,West,525.0
7116,2799,Webcam,4,2024-09-03,East,185.79
7117,1314,Phone,1,2025-08-16,West,947.04
7118,4545,Headphones,3,2024-10-08,North,560.25
7119,2134,Webcam,4,2025-02-01,West,360.48
7120,3746,Webcam,2,2023-08-28,South,389.79
7121,1780,SSD,2,2025-01-03,East,439.56
7122,4300,Webcam,2,2024-01-12,North,338.26
7123,2520,Phone,4,2023-01-04,East,1840.18
7124,1155,Headphones,2,2025-03-04,West,346.02
7125,2496,Monitor,4,2025-04-25,East,1750.73
7126,2724,Laptop,2,2023-07-16,East,4328.5
7127,4343,Monitor,5,2024-01-24,South,1599.92
7128,1886,Headphones,5,2023-09-18,South,546.96
7129,4073,Keyboard,1,2024-08-25,South,282.19
7130,3805,Webcam,2,2023-04-04,South,222.49
7131,1721,Monitor,1,2023-05-16,West,924.23
7132,4582,Keyboard,4,2024-06-08,West,177.95
7133,1912,Keyboard,1,2024-05-12,West,73.27
7134,4357,Headphones,2,2023-04-22,South,569.08
7135,1870,Headphones,4,2024-01-04,East,591.93
7136,1012,SSD,4,2025-07-24,East,443.72
7137,3655,Webcam,5,2025-02-06,East,318.77
7138,1497,Laptop,4,2024-08-08,North,2971.02
7139,2756,Mouse,4,2024-11-03,West,177.27
7140,3285,Phone,1,2024-05-25,North,2330.51
7141,2117,Monitor,4,2024-12-13,South,615.35
7142,4409,Headphones,3,2025-03-30,West,165.72
7143,3828,Monitor,5,2024-01-12,West,891.28
7144,2194,Mouse,5,2024-06-28,East,149.62
7145,3004,Mouse,4,2023-03-14,North,61.17
7146,3653,Webcam,-1,2025-08-31,South,150.43
7147,3708,Keyboard,-1,2024-05-18,North,145.47
7148,2647,Webcam,5,2025-03-15,West,275.72
7149,2590,Phone,3,2024-12-10,North,2459.73
7150,3896,Laptop,4,2023-11-21,West,4351.68
7151,3983,Monitor,5,2024-01-23,West,1337.46
7152,2490,Phone,5,2025-04-07,West,883.96
7153,3675,SSD,5,2023-08-28,North,382.58
7154,1142,Laptop,5,2025-09-02,North,2612.26
7155,2224,Monitor,1,2023-01-31,East,950.1
7156,4251,Phone,2,2024-04-23,West,1226.46
7157,3761,Headphones,3,2025-11-03,West,273.72
7158,4435,Monitor,1,2024-12-17,North,593.39
7159,3526,Phone,3,2023-03-09,East,1780.62
7160,1564,Mouse,5,2025-10-02,East,37.78
7161,3518,Laptop,3,2024-06-21,South,3981.75
7162,3431,Phone,4,2023-10-18,East,2042.36
7163,2715,Headphones,4,2025-09-01,East,343.03
7164,3973,Webcam,2,2023-01-24,North,330.0
7165,1416,Monitor,2,2024-02-19,North,1951.09
7166,2848,SSD,3,2025-04-30,South,303.02
7167,3355,Monitor,1,2025-08-19,South,1428.36
7168,3696,Monitor,1,2024-11-11,South,985.6
7169,2717,Headphones,5,2025-11-25,North,321.69
7170,2390,Laptop,1,2023-04-11,West,2062.48
7171,4072,Monitor,2,2024-06-29,West,611.52
7172,2067,Laptop,1,2023-02-08,West,4392.59
7173,3786,Phone,5,2023-07-30,North,1037.84
7174,2866,Mouse,4,2025-01-11,North,148.86
7175,2121,SSD,1,2024-08-14,West,
7176,4791,Mouse,1,2025-01-19,North,199.36
7177,2288,Laptop,2,2023-06-21,East,4086.79
7178,4871,Laptop,3,2025-04-17,North,2386.24
7179,2806,Mouse,4,2024-03-17,South,136.51
7180,3187,Monitor,3,2025-12-18,West,1286.21
7181,2504,Keyboard,5,2024-06-17,West,279.35
7182,4308,Keyboard,5,2023-12-31,West,222.54
7183,4021,Headphones,3,2024-01-02,West,359.24
7184,2016,SSD,2,2023-10-23,East,430.9
7185,1952,Webcam,2,2024-08-28,South,221.91
7186,3951,Mouse,2,2025-01-25,North,116.43
7187,1071,Mouse,4,2024-06-06,East,152.8
7188,2690,Headphones,5,2023-09-22,North,139.17
7189,4261,SSD,5,2025-11-27,West,426.9
7190,2291,Keyboard,5,2024-01-17,East,72.05
7191,2344,Phone,4,2024-03-06,East,2253.63
7192,3154,Monitor,5,2024-01-24,East,1913.7
7193,4303,Monitor,3,2023-02-23,South,1670.3
7194,4113,Phone,1,2023-01-24,East,2020.65
7195,4773,Phone,4,2024-01-30,West,2404.37
7196,1882,SSD,1,2024-09-24,East,248.34
7197,1138,Keyboard,3,2023-04-29,East,107.21
7198,3662,Headphones,2,2025-09-09,South,340.51
7199,4754,Phone,2,2023-07-11,West,812.69
7200,3910,Headphones,2,2024-05-01,South,582.53
7201,3320,SSD,4,2024-09-24,West,164.51
7202,2504,Webcam,2,2024-12-21,West,270.76
7203,3463,Laptop,4,2024-01-19,North,3061.92
7204,3553,Monitor,4,2025-03-22,West,654.45
7205,1732,Keyboard,1,2023-12-12,West,56.15
7206,2748,Monitor,2,2024-04-17,East,893.63
7207,4924,Keyboard,5,2024-11-06,East,76.67
7208,1423,SSD,2,2023-01-03,West,573.15
7209,4478,Laptop,2,2025-12-09,North,2734.28
7210,2591,Monitor,2,2025-07-13,West,641.2
7211,1389,Laptop,5,2025-05-25,East,4309.05
7212,1341,SSD,5,2025-09-10,West,336.41
7213,1945,Keyboard,4,2025-08-30,East,260.92
7214,1613,Phone,5,2024-01-14,East,2225.33
7215,1492,Webcam,4,2023-05-18,West,397.56
7216,1191,Monitor,1,2023-05-05,East,1705.74
7217,1498,Laptop,4,2025-07-22,South,2642.46
7218,1821,Mouse,2,2024-04-24,East,129.7
7219,2735,Monitor,3,2024-07-23,East,1289.38
7220,2256,Monitor,3,2023-03-07,South,1262.28
7221,2968,Monitor,2,2025-05-01,North,945.21
7222,1226,Headphones,4,2024-03-07,South,205.07
7223,2394,Laptop,2,2024-08-23,North,4150.68
7224,3186,Laptop,5,2025-05-05,South,2305.29
7225,3903,Monitor,4,2023-01-06,East,574.42
7226,1816,SSD,2,2023-06-07,East,321.56
7227,4220,SSD,5,2023-11-26,North,484.77
7228,4186,Phone,5,2023-08-11,North,2276.51
7229,2473,Monitor,4,2024-02-06,East,1310.19
7230,2086,Headphones,1,2024-06-28,East,
7231,1103,Keyboard,1,2024-05-23,South,56.32
7232,2874,Headphones,5,2023-07-03,North,327.68
7233,1870,SSD,1,2025-07-03,South,210.02
7234,1667,Phone,5,2024-08-03,West,1790.62
7235,3042,SSD,1,2024-06-21,East,564.44
7236,1272,SSD,5,2024-06-01,North,153.24
7237,2029,SSD,5,2025-02-06,South,450.7
7238,4218,Monitor,5,2023-10-22,West,1688.52
7239,3231,SSD,5,2025-10-11,East,485.02
7240,2051,Laptop,3,2023-09-17,North,2059.31
7241,2573,Webcam,1,2025-04-05,West,135.64
7242,4190,Mouse,5,2023-11-12,South,46.05
7243,1292,Monitor,2,2025-01-15,East,628.18
7244,4442,Phone,4,2024-12-19,North,2041.31
7245,4315,Laptop,2,2024-11-10,North,3274.37
7246,4651,Headphones,2,2025-05-03,East,462.41
7247,4797,SSD,3,2024-04-05,North,312.34
7248,4289,Keyboard,1,2025-12-15,North,
7249,3224,Keyboard,3,2025-03-17,West,229.61
7250,4370,Webcam,1,2025-03-03,North,280.34
7251,4747,Monitor,5,2025-07-18,East,669.46
7252,3105,Headphones,3,2023-05-29,South,562.18
7253,2292,Webcam,4,2025-02-06,West,178.85
7254,1307,Mouse,1,2023-12-11,West,141.3
7255,4641,Mouse,3,2025-08-31,South,35.44
7256,4359,Webcam,4,2025-07-10,East,221.77
7257,1976,Phone,2,2023-01-30,East,2439.42
7258,4176,Keyboard,5,2024-12-30,North,271.63
7259,2251,Headphones,5,2025-09-08,East,210.67
7260,2270,Monitor,2,2023-08-19,West,1818.7
7261,3747,SSD,3,2024-12-29,North,281.88
7262,2517,Laptop,2,2025-01-15,West,4556.7
7263,3130,Monitor,4,2024-02-03,North,1593.84
7264,2209,Monitor,1,2023-04-05,East,1028.08
7265,3299,Headphones,3,2024-04-19,South,555.4
7266,2378,Keyboard,1,2025-02-13,South,171.32
7267,2773,Headphones,2,2025-03-10,South,258.85
7268,4943,Laptop,5,2025-08-01,North,2839.06
7269,2719,Webcam,1,2025-10-19,East,380.5
7270,3042,Headphones,1,2024-09-12,North,479.29
7271,1795,Phone,5,2025-05-09,South,1394.83
7272,1896,Monitor,1,2025-08-21,North,881.25
7273,2961,Keyboard,1,2025-12-07,North,102.9
7274,1209,SSD,5,2025-03-23,East,260.02
7275,3863,Mouse,5,2023-04-05,North,48.87
7276,4879,Laptop,2,2023-02-02,East,3454.2
7277,3656,Mouse,2,2023-05-02,East,36.98
7278,3494,Monitor,1,2023-08-06,West,517.27
7279,3507,Headphones,3,2025-12-12,North,409.04
7280,1967,Mouse,2,2025-03-05,East,45.04
7281,1471,Phone,2,2023-06-25,South,2236.86
7282,4791,Headphones,3,2023-10-19,North,153.36
7283,3417,Monitor,3,2024-05-05,East,1314.0
7284,3947,Mouse,5,2025-01-30,East,144.84
7285,4563,SSD,2,2024-09-25,North,253.12
7286,1922,Webcam,4,2023-05-05,West,364.24
7287,1136,Laptop,4,2024-08-26,East,3444.16
7288,1366,Mouse,1,2025-07-26,South,83.6
7289,3959,SSD,2,2025-12-01,North,555.51
7290,1183,Webcam,4,2024-05-05,South,354.67
7291,4659,Webcam,2,2024-07-18,North,307.08
7292,4358,Mouse,2,2023-06-17,North,79.38
7293,3519,Keyboard,4,2025-01-28,South,147.55
7294,2398,Mouse,2,2023-09-06,North,147.25
7295,3701,Monitor,3,2023-06-29,South,777.93
7296,3796,Webcam,1,2023-01-28,North,238.44
7297,1536,Laptop,5,2023-04-27,North,4213.17
7298,4582,Monitor,4,2024-12-03,North,1486.57
7299,3849,Phone,5,2024-10-18,East,2023.89
7300,2602,Headphones,1,2025-04-11,South,
7301,2273,Mouse,3,2023-09-19,East,194.61
7302,3967,Keyboard,3,2024-09-17,West,164.6
7303,3557,Laptop,3,2025-02-23,North,2179.95
7304,3677,Keyboard,3,2025-11-27,North,258.59
7305,4049,Keyboard,4,2023-07-16,East,79.49
7306,2096,Keyboard,4,2024-11-14,North,104.86
7307,2305,Mouse,2,2025-05-23,North,141.04
7308,1915,Laptop,2,2023-11-29,North,4237.21
7309,4431,Laptop,1,2024-12-20,South,4083.94
7310,4081,Webcam,-1,2023-03-20,South,220.32
7311,4282,Keyboard,1,2023-07-16,West,279.52
7312,4906,Webcam,1,2023-08-14,South,346.3
7313,1151,Webcam,1,2024-08-17,East,292.38
7314,2028,Headphones,3,2025-07-01,South,320.54
7315,2218,Mouse,5,2025-01-04,North,108.85
7316,2977,Mouse,5,2025-07-07,North,59.91
7317,4354,Monitor,4,2024-06-20,West,1669.56
7318,3511,SSD,1,2023-08-08,North,539.68
7319,4184,Webcam,3,2023-10-20,North,344.73
7320,1270,Mouse,2,2023-07-21,North,123.01
7321,2186,Keyboard,2,2023-02-01,North,259.49
7322,1459,SSD,4,2024-12-16,North,505.68
7323,1104,Phone,4,2025-01-22,East,2215.01
7324,4764,Keyboard,1,2025-10-13,North,295.48
7325,4627,Laptop,1,2023-04-25,South,4430.0
7326,4353,Mouse,2,2024-12-22,West,76.02
7327,2710,SSD,2,2023-07-01,East,
7328,3209,Mouse,2,2025-02-09,South,93.86
7329,3398,Monitor,2,2024-04-13,East,1274.29
7330,1433,Webcam,5,2024-03-01,North,334.85
7331,3899,Phone,1,2025-04-13,East,1338.42
7332,1139,Mouse,1,2025-12-19,East,34.43
7333,2494,Monitor,2,2024-04-29,East,1577.22
7334,4203,Monitor,3,2023-01-11,East,1853.26
7335,1086,Phone,2,2023-02-11,East,2377.41
7336,2711,Keyboard,4,2023-05-03,East,249.73
7337,3230,Keyboard,3,2024-12-01,South,283.79
7338,3415,Keyboard,4,2023-09-09,South,255.16
7339,1128,Headphones,3,2025-08-30,East,115.05
7340,2269,Webcam,4,2024-08-26,South,191.89
7341,4672,SSD,2,2023-08-01,North,301.25
7342,2601,Webcam,2,2023-09-25,East,150.13
7343,1669,Keyboard,3,2025-10-02,West,249.48
7344,4970,Phone,4,2024-12-07,North,1684.15
7345,4449,Headphones,5,2024-06-23,West,518.14
7346,1148,Webcam,3,2024-12-06,South,272.43
7347,1984,Keyboard,-1,2025-10-07,East,197.65
7348,1851,Headphones,1,2024-09-10,West,292.07
7349,2456,SSD,3,2024-05-12,East,505.32
7350,1627,Phone,5,2025-10-17,West,1961.26
7351,4797,Keyboard,2,2025-02-20,North,134.69
7352,2492,SSD,4,2023-05-06,North,597.11
7353,3493,Laptop,1,2025-04-20,South,3388.37
7354,3044,SSD,4,2025-09-09,West,292.47
7355,4552,Mouse,2,2023-01-12,West,146.92
7356,1883,Phone,3,2024-05-30,North,1178.77
7357,3341,SSD,5,2023-11-12,North,523.79
7358,2788,SSD,1,2025-10-28,West,456.16
7359,4214,Monitor,5,2023-11-10,East,1805.1
7360,1249,Monitor,5,2024-06-30,East,993.58
7361,3925,SSD,5,2023-02-08,West,534.49
7362,1947,SSD,5,2025-11-10,North,375.42
7363,1974,Phone,2,2023-09-10,North,900.57
7364,2325,Monitor,5,2023-10-30,West,791.25
7365,4096,Webcam,5,2025-09-05,North,149.65
7366,3836,Phone,2,2023-09-15,North,2105.58
7367,1983,Laptop,4,2025-09-26,North,2609.38
7368,1888,Phone,2,2024-06-25,South,1755.26
7369,3937,Keyboard,3,2024-10-01,North,213.14
7370,4972,Keyboard,2,2024-07-05,East,243.46
7371,3117,Headphones,4,2024-04-05,West,491.94
7372,3672,Monitor,3,2023-08-12,North,1576.41
7373,1874,SSD,3,2023-04-02,East,245.93
7374,4183,Mouse,1,2023-10-07,North,122.39
7375,4435,Monitor,5,2023-09-05,North,935.25
7376,2326,Webcam,3,2025-05-15,East,328.03
7377,1470,Phone,3,2023-03-19,West,2071.76
7378,2987,Mouse,4,2024-04-02,West,69.04
7379,1090,Mouse,3,2024-08-08,North,139.03
7380,1529,SSD,4,2025-11-03,North,176.29
7381,1660,SSD,5,2023-02-14,West,495.85
7382,1738,Monitor,1,2023-02-07,North,1670.3
7383,3773,Mouse,1,2024-02-20,East,88.99
7384,1871,Mouse,5,2023-09-02,North,167.06
7385,2686,Keyboard,5,2025-12-21,East,264.57
7386,1191,Laptop,2,2024-05-07,South,2570.17
7387,2986,SSD,3,2023-11-19,South,307.9
7388,4623,Phone,3,2024-04-12,West,1243.84
7389,4313,Monitor,3,2025-12-20,North,1061.54
7390,3185,SSD,4,2023-03-28,South,351.11
7391,1344,Keyboard,2,2023-03-21,South,177.49
7392,4251,Webcam,3,2023-08-16,North,91.23
7393,2008,SSD,4,2024-04-27,North,174.82
7394,4783,Webcam,4,2024-09-14,North,289.68
7395,3550,Headphones,-1,2025-08-05,North,321.37
7396,1202,Mouse,4,2024-04-29,West,45.26
7397,1572,Mouse,5,2025-04-19,South,95.66
7398,1191,Monitor,4,2023-01-25,East,1213.24
7399,3052,Laptop,5,2025-02-17,East,3906.77
7400,2913,Laptop,5,2025-07-19,East,2354.99
7401,4308,Monitor,1,2025-03-05,East,1992.21
7402,2716,Monitor,1,2025-01-22,South,1212.06
7403,1310,Keyboard,4,2024-03-01,South,220.2
7404,3596,Webcam,1,2025-12-26,North,370.63
7405,3103,Monitor,1,2024-10-21,West,547.74
7406,1442,Webcam,3,2024-11-15,East,272.43
7407,2260,SSD,4,2024-06-30,East,393.16
7408,1869,SSD,4,2025-07-04,South,175.83
7409,4932,Headphones,4,2023-02-24,East,446.51
7410,4268,Webcam,1,2023-11-10,South,150.65
7411,1584,Keyboard,1,2023-08-08,North,225.47
7412,2594,SSD,5,2023-02-18,North,313.18
7413,3799,Mouse,2,2024-04-07,West,160.92
7414,2537,Mouse,2,2023-04-28,East,190.1
7415,4520,SSD,2,2023-03-23,North,537.23
7416,1359,SSD,3,2024-05-10,South,367.16
7417,2723,SSD,1,2024-09-25,South,251.37
7418,3866,Webcam,5,2025-04-16,East,397.58
7419,3077,Mouse,5,2024-08-24,East,142.11
7420,2802,Mouse,2,2025-02-08,South,97.31
7421,3011,Phone,3,2024-11-03,West,1618.59
7422,3155,SSD,3,2023-06-25,West,207.62
7423,1843,Headphones,2,2025-03-15,West,352.65
7424,2625,SSD,2,2024-09-30,South,227.92
7425,3764,Keyboard,1,2023-10-24,South,141.44
7426,1890,Keyboard,3,2024-04-19,South,172.94
7427,2991,Mouse,5,2024-06-19,South,191.13
7428,2982,SSD,2,2025-11-26,West,431.11
7429,1959,Laptop,1,2023-01-25,North,3115.67
7430,2468,Keyboard,-1,2023-12-15,West,78.27
7431,3940,SSD,3,2024-09-28,East,486.23
7432,2461,Headphones,2,2023-08-15,North,333.43
7433,1731,Monitor,2,2023-02-07,East,602.23
7434,4961,SSD,1,2024-07-23,North,445.59
7435,1605,Headphones,1,2023-08-24,North,275.05
7436,3504,Mouse,3,2023-04-24,West,98.66
7437,1614,Mouse,2,2023-11-02,East,172.61
7438,4806,Phone,1,2023-05-12,North,1033.42
7439,3745,Webcam,2,2023-12-14,West,188.92
7440,3004,Keyboard,3,2024-02-19,North,140.92
7441,2719,Webcam,2,2025-09-09,South,81.07
7442,4566,SSD,5,2025-01-01,North,530.4
7443,1673,Webcam,2,2024-10-15,North,347.3
7444,2270,Keyboard,4,2024-01-20,North,215.46
7445,3590,Keyboard,4,2024-05-26,West,274.74
7446,2587,SSD,3,2025-12-02,West,272.8
7447,3904,Mouse,3,2023-03-02,West,67.51
7448,2611,Keyboard,3,2024-07-06,East,67.13
7449,1896,Laptop,5,2023-07-07,East,3776.04
7450,2462,Laptop,5,2024-03-28,East,3489.07
7451,1277,Monitor,2,2025-04-26,South,1715.59
7452,1551,Keyboard,1,2023-07-06,East,170.32
7453,2636,Phone,4,2025-07-26,West,1145.5
7454,3158,Monitor,4,2023-06-13,North,1714.4
7455,3432,Mouse,4,2023-04-12,South,107.43
7456,4904,Keyboard,2,2024-11-21,South,288.96
7457,1760,Laptop,2,2024-07-31,South,3603.41
7458,4262,Phone,-1,2024-09-02,East,998.46
7459,4561,SSD,1,2024-06-19,East,532.96
7460,3741,Monitor,3,2025-01-30,North,1817.62
7461,2449,Phone,2,2025-06-14,South,1557.23
7462,1404,Keyboard,5,2025-08-28,East,56.5
7463,2358,Headphones,3,2023-05-04,East,114.86
7464,2232,Phone,2,2024-10-29,West,1396.95
7465,1021,Phone,2,2023-12-15,South,2017.59
7466,1677,Mouse,5,2023-09-06,North,86.28
7467,3658,Laptop,5,2024-12-07,North,2023.19
7468,3028,SSD,5,2024-12-13,North,531.86
7469,2231,Keyboard,1,2025-10-03,North,292.18
7470,3055,Phone,2,2023-09-04,South,1388.83
7471,3749,Keyboard,5,2024-04-25,East,68.27
7472,4758,Laptop,1,2023-04-08,South,
7473,2808,Mouse,4,2023-11-25,West,165.83
7474,1528,Keyboard,4,2025-10-25,North,185.56
7475,3037,Webcam,4,2024-04-03,North,202.88
7476,3649,Laptop,2,2025-03-06,North,3002.68
7477,2676,Laptop,1,2024-08-15,West,2346.18
7478,1656,SSD,1,2024-05-12,South,302.78
7479,1165,Monitor,4,2023-03-28,South,1205.16
7480,1848,Mouse,3,2024-02-06,North,144.43
7481,1495,Mouse,4,2023-07-16,East,74.55
7482,1589,SSD,2,2025-02-02,East,553.82
7483,1428,Webcam,4,2023-01-27,South,235.14
7484,3821,Keyboard,4,2023-05-15,East,151.29
7485,1162,Headphones,-1,2023-07-25,South,396.98
7486,3413,Webcam,4,2025-11-16,North,133.64
7487,4597,Monitor,5,2024-08-25,East,659.88
7488,2262,Mouse,5,2025-12-27,West,88.91
7489,1071,Laptop,3,2023-12-28,East,2119.8
7490,4516,Mouse,2,2024-10-19,North,94.19
7491,1654,Webcam,2,2025-12-22,North,294.88
7492,4893,Headphones,1,2025-08-29,West,506.06
7493,4580,Phone,2,2025-09-06,South,1785.6
7494,4866,Phone,3,2025-07-29,East,1975.26
7495,1268,SSD,5,2025-06-26,East,524.91
7496,2776,Mouse,1,2023-09-03,East,161.43
7497,3462,Mouse,5,2023-10-05,North,84.4
7498,2268,Monitor,3,2023-12-13,North,1360.13
7499,2015,Mouse,1,2024-01-07,South,75.03
7500,3722,Headphones,4,2025-03-19,West,388.17
7501,2083,Mouse,2,2025-04-28,North,102.42
7502,1005,Keyboard,3,2023-05-03,East,143.2
7503,4780,Webcam,1,2025-12-16,East,138.74
7504,1981,SSD,5,2023-06-09,South,402.79
7505,3617,Headphones,1,2025-01-06,East,464.66
7506,4888,Monitor,-1,2024-06-01,East,1356.92
7507,1406,Keyboard,3,2025-07-23,West,67.31
7508,4288,Keyboard,1,2025-01-15,South,281.08
7509,2953,Webcam,3,2023-10-15,West,81.76
7510,3073,Phone,3,2024-02-24,South,2304.6
7511,4886,Headphones,5,2023-05-20,East,483.04
7512,4076,Webcam,2,2024-12-07,North,110.9
7513,1985,Keyboard,4,2024-11-28,South,109.14
7514,4603,Monitor,1,2025-09-13,North,1023.45
7515,1389,Webcam,2,2024-04-19,South,371.3
7516,1709,Phone,5,2024-01-24,North,2465.87
7517,3618,Keyboard,2,2024-05-25,West,71.79
7518,2471,Webcam,3,2024-06-21,East,207.02
7519,1753,Headphones,3,2023-08-01,East,174.64
7520,3193,Phone,4,2025-06-15,South,1273.34
7521,2411,Headphones,1,2025-11-27,West,590.54
7522,3832,Headphones,1,2023-08-21,West,592.21
7523,2272,Headphones,5,2023-09-17,South,336.07
7524,1525,Webcam,4,2023-11-04,South,138.6
7525,2485,Phone,1,2024-02-07,East,1729.93
7526,3060,Webcam,3,2025-09-23,North,182.62
7527,3950,Webcam,4,2025-01-19,West,377.23
7528,3431,Webcam,2,2023-10-31,South,341.83
7529,1555,Keyboard,4,2023-12-09,South,127.21
7530,3934,Mouse,4,2025-11-27,East,33.11
7531,4470,Laptop,1,2025-05-04,North,4994.15
7532,1018,Keyboard,5,2025-12-05,North,220.84
7533,1574,Phone,5,2023-09-13,North,1523.74
7534,4562,Laptop,1,2023-05-17,East,2865.37
7535,3798,Laptop,1,2025-03-28,North,2013.27
7536,2003,Laptop,1,2025-08-30,East,2461.88
7537,3466,Mouse,5,2023-02-07,South,31.0
7538,4408,Webcam,1,2023-04-15,East,271.23
7539,3466,SSD,2,2023-09-12,North,
7540,2938,Monitor,2,2024-05-02,North,1650.19
7541,2939,Phone,3,2024-04-02,East,1117.9
7542,2635,SSD,2,2024-06-11,North,193.19
7543,2698,Mouse,4,2024-08-13,East,140.58
7544,4999,Mouse,3,2024-06-08,North,114.98
7545,3169,Monitor,2,2024-01-05,East,1813.53
7546,1431,Laptop,4,2023-04-12,East,3599.8
7547,3091,Webcam,2,2025-07-04,East,222.34
7548,2895,Monitor,4,2024-10-25,West,1232.04
7549,2943,SSD,1,2024-11-20,South,502.04
7550,2340,SSD,4,2024-08-21,West,158.24
7551,3428,Monitor,1,2024-08-22,North,1877.32
7552,1144,Mouse,4,2024-06-24,South,151.41
7553,4398,Phone,4,2024-01-24,North,2304.99
7554,3410,Headphones,2,2023-12-29,East,579.8
7555,2073,Webcam,-1,2025-07-19,East,152.32
7556,2088,SSD,2,2024-09-03,South,410.25
7557,3402,SSD,4,2024-12-22,East,368.72
7558,1799,Monitor,5,2023-12-09,West,1306.43
7559,4235,Webcam,3,2023-05-15,East,95.13
7560,4212,Monitor,2,2025-07-28,North,1870.98
7561,3873,Laptop,2,2025-09-04,South,4864.05
7562,2151,Webcam,1,2024-01-15,South,299.24
7563,3445,Laptop,5,2023-02-07,North,2774.83
7564,2956,SSD,1,2025-02-19,South,
7565,3927,Mouse,5,2023-11-06,North,154.24
7566,1462,Laptop,5,2023-04-16,West,3723.77
7567,2774,Webcam,4,2024-07-09,East,134.48
7568,3045,Keyboard,1,2024-02-01,West,100.29
7569,4907,Webcam,3,2023-06-02,West,268.61
7570,1807,Monitor,5,2024-06-19,East,693.24
7571,1186,Laptop,5,2025-09-22,North,4171.79
7572,2743,Phone,2,2025-08-23,East,1161.42
7573,1731,Keyboard,4,2025-06-11,North,277.62
7574,2935,Mouse,3,2024-08-05,North,182.95
7575,2213,Headphones,5,2023-07-20,North,246.8
7576,2411,Monitor,2,2023-01-12,North,625.08
7577,1428,Monitor,1,2025-12-11,East,1417.12
7578,3905,Phone,5,2025-02-06,West,
7579,2307,Headphones,2,2025-07-08,North,171.85
7580,4935,SSD,1,2024-06-04,North,389.17
7581,3284,Headphones,4,2023-04-10,North,596.36
7582,2217,Mouse,1,2025-05-20,East,41.73
7583,2310,Mouse,5,2024-01-01,South,74.86
7584,1770,Keyboard,3,2024-10-18,West,184.65
7585,1757,SSD,1,2023-06-10,North,507.01
7586,1135,Monitor,3,2025-01-30,West,528.14
7587,1791,Laptop,3,2023-06-24,North,4198.28
7588,4854,Mouse,1,2024-06-28,South,53.78
7589,1170,Phone,4,2024-04-21,North,2212.16
7590,3206,Phone,1,2023-10-10,East,1976.7
7591,3248,Phone,2,2025-08-14,North,1576.07
7592,4558,Webcam,3,2024-03-27,West,342.91
7593,2580,SSD,5,2023-03-23,North,479.87
7594,1961,SSD,3,2025-03-26,East,491.63
7595,4847,Mouse,5,2024-06-03,North,79.31
7596,3630,Mouse,2,2023-05-14,South,135.3
7597,4575,Phone,2,2024-03-22,North,1039.88
7598,1875,SSD,2,2023-04-28,West,519.39
7599,3418,SSD,1,2025-01-18,North,387.03
7600,1102,Mouse,3,2024-10-07,South,170.23
7601,2001,Webcam,5,2024-01-14,South,147.57
7602,2148,Laptop,2,2024-08-30,East,2391.02
7603,4384,Laptop,2,2025-08-23,North,4066.91
7604,4023,Keyboard,5,2024-06-08,West,64.6
7605,3845,SSD,3,2024-07-29,South,259.79
7606,2481,Monitor,3,2025-07-25,South,1863.07
7607,4301,Laptop,5,2024-10-23,North,2398.27
7608,1657,Keyboard,4,2025-05-25,South,143.89
7609,3929,Headphones,3,2023-01-12,South,572.79
7610,2220,Monitor,5,2024-01-23,North,530.0
7611,4956,SSD,5,2023-03-24,North,350.39
7612,3780,Laptop,2,2025-09-02,East,4359.38
7613,1422,Webcam,5,2024-01-31,North,370.87
7614,3619,Headphones,1,2024-06-28,North,467.79
7615,4681,Keyboard,2,2024-10-22,East,272.1
7616,1170,Laptop,2,2024-10-01,North,2103.1
7617,4453,SSD,3,2023-04-10,South,194.94
7618,3220,Laptop,4,2024-04-01,East,4213.18
7619,3710,Mouse,3,2025-05-23,North,158.07
7620,1452,Headphones,1,2023-11-24,South,402.64
7621,3397,Laptop,2,2024-12-24,North,4190.83
7622,4973,Phone,2,2023-03-15,South,2258.69
7623,2975,Webcam,5,2023-04-02,West,254.55
7624,2657,Mouse,4,2023-11-26,South,191.05
7625,3541,Mouse,4,2023-06-24,East,148.02
7626,3667,Laptop,5,2023-11-11,East,3415.95
7627,4075,Webcam,1,2024-05-11,East,214.89
7628,4164,Mouse,4,2024-03-03,East,157.53
7629,3966,Monitor,2,2023-02-04,North,1445.7
7630,3053,Headphones,1,2023-04-29,South,508.72
7631,1287,Monitor,3,2025-07-13,West,1671.48
7632,2641,Keyboard,3,2025-04-07,East,181.05
7633,4217,Monitor,1,2024-01-25,North,1918.55
7634,4854,Webcam,2,2023-06-25,North,305.36
7635,2447,Phone,3,2023-04-16,North,1141.43
7636,2913,Mouse,2,2024-08-14,West,135.14
7637,1607,Webcam,5,2025-07-02,East,144.58
7638,1456,Mouse,4,2025-08-12,East,125.0
7639,2764,SSD,1,2025-08-10,South,505.47
7640,2225,Phone,4,2025-05-10,North,2181.26
7641,2235,Mouse,5,2023-05-07,North,140.64
7642,2029,Monitor,3,2025-04-03,South,1674.96
7643,3671,SSD,2,2023-08-22,North,362.51
7644,3423,SSD,2,2024-10-28,North,397.8
7645,4962,Keyboard,5,2025-07-19,North,269.9
7646,1446,SSD,1,2023-05-17,East,371.89
7647,1834,SSD,4,2024-07-09,North,307.92
7648,4177,Laptop,3,2025-01-28,South,4390.98
7649,4722,Phone,1,2023-02-25,West,885.81
7650,1810,Monitor,5,2023-12-22,North,1937.54
7651,2424,Webcam,5,2025-07-11,South,188.82
7652,4167,Monitor,2,2025-03-23,West,1444.42
7653,2411,Monitor,3,2025-12-22,East,1528.18
7654,1958,Laptop,1,2025-12-22,East,2411.23
7655,2475,Headphones,-1,2025-03-16,North,511.43
7656,3896,Mouse,3,2025-11-18,West,127.26
7657,1808,Mouse,4,2024-08-22,North,85.75
7658,1978,Webcam,4,2024-07-21,West,352.22
7659,4972,SSD,2,2024-12-05,West,431.29
7660,3463,Keyboard,1,2024-09-03,East,246.44
7661,1725,Webcam,3,2023-05-21,East,397.54
7662,4575,Headphones,4,2024-07-14,East,165.14
7663,3501,Mouse,4,2024-05-13,South,157.43
7664,4362,Keyboard,1,2024-09-18,East,239.42
7665,4605,Webcam,2,2024-05-16,West,359.9
7666,2216,Keyboard,5,2025-01-10,North,152.02
7667,3197,Monitor,3,2025-02-02,West,1804.48
7668,2903,Phone,-1,2024-11-05,East,1887.8
7669,3806,Monitor,5,2023-02-18,East,603.16
7670,1778,Laptop,1,2024-09-18,North,2094.55
7671,1972,SSD,2,2024-11-10,North,366.67
7672,3810,Mouse,3,2023-10-04,West,163.59
7673,4049,Keyboard,1,2023-02-16,North,146.06
7674,2538,Webcam,2,2025-07-14,East,352.59
7675,2416,SSD,1,2023-08-04,East,371.45
7676,4387,Phone,4,2023-08-18,North,844.69
7677,3123,Webcam,4,2023-11-19,East,391.57
7678,1598,Mouse,5,2023-08-13,North,113.23
7679,4341,Keyboard,1,2023-02-15,South,212.53
7680,1224,Keyboard,4,2025-11-03,South,99.82
7681,2553,Monitor,2,2024-09-24,East,946.0
7682,3160,Phone,5,2024-01-10,West,1623.28
7683,3298,Phone,3,2024-12-03,North,2255.52
7684,4304,Mouse,1,2025-09-13,South,47.33
7685,1840,Keyboard,4,2023-11-29,South,245.08
7686,2814,SSD,2,2023-06-15,South,410.71
7687,1713,Phone,1,2024-05-21,South,1649.43
7688,2106,Phone,2,2023-04-27,West,2290.2
7689,1124,Webcam,5,2025-07-31,West,117.8
7690,4246,Mouse,4,2024-09-27,North,198.43
7691,2092,Monitor,4,2024-04-01,East,
7692,4118,Webcam,5,2025-05-18,East,184.24
7693,3931,Webcam,2,2023-08-04,West,224.5
7694,2279,Headphones,1,2023-04-23,North,112.5
7695,2750,Laptop,2,2025-11-05,West,3582.81
7696,1029,Headphones,1,2023-08-04,West,373.86
7697,3328,Phone,5,2024-03-02,West,2375.18
7698,3971,Keyboard,3,2025-12-02,East,146.98
7699,3017,Laptop,1,2025-02-02,South,3711.85
7700,4308,Laptop,4,2023-10-11,East,4221.85
7701,4319,Keyboard,4,2025-04-13,South,202.13
7702,3415,Laptop,4,2025-12-19,South,2468.52
7703,1494,Keyboard,2,2023-08-18,South,92.95
7704,4096,Laptop,2,2024-01-20,South,2415.02
7705,2609,Webcam,2,2023-06-08,South,149.67
7706,1717,SSD,4,2025-04-03,North,297.75
7707,4561,Mouse,1,2024-04-15,North,155.74
7708,2016,Mouse,4,2023-07-27,South,40.36
7709,4565,Headphones,1,2023-06-23,North,510.22
7710,2337,Webcam,2,2025-11-07,West,163.99
7711,1605,Laptop,3,2025-10-13,East,3840.27
7712,1374,Monitor,2,2024-12-08,East,1329.15
7713,3686,Keyboard,5,2025-09-01,North,88.51
7714,2960,Webcam,1,2024-02-01,West,171.94
7715,2048,Laptop,3,2025-08-31,West,2887.76
7716,2357,Mouse,2,2025-02-04,South,136.05
7717,4426,Mouse,3,2024-11-07,North,164.05
7718,1115,Keyboard,4,2024-05-31,East,299.07
7719,3095,Monitor,1,2024-10-23,East,643.85
7720,4809,Laptop,5,2023-11-02,North,4816.0
7721,2801,Laptop,4,2023-12-24,West,3684.58
7722,3146,Monitor,3,2024-02-23,South,1035.15
7723,2482,Monitor,2,2024-10-03,East,926.86
7724,2546,Monitor,1,2024-05-21,South,813.56
7725,2620,Mouse,5,2023-11-08,North,124.7
7726,3452,Keyboard,2,2024-12-04,North,286.5
7727,4285,Webcam,5,2023-09-02,North,138.29
7728,1684,SSD,1,2024-04-21,West,346.28
7729,3950,Monitor,3,2024-09-06,East,805.77
7730,3550,Keyboard,5,2024-03-11,West,93.91
7731,4792,Headphones,1,2023-09-07,West,533.37
7732,2471,Laptop,5,2025-11-11,North,2785.89
7733,3941,Laptop,2,2024-04-21,North,2743.92
7734,2599,SSD,5,2024-05-25,West,559.41
7735,3305,SSD,2,2025-02-12,East,323.72
7736,3891,Phone,2,2025-07-12,East,814.82
7737,3168,Headphones,1,2025-12-01,South,460.59
7738,1809,Webcam,4,2023-03-15,West,245.44
7739,1977,SSD,5,2025-03-19,East,498.36
7740,3101,Monitor,3,2025-04-10,West,1355.44
7741,4066,Monitor,2,2025-11-11,West,1026.9
7742,2354,Webcam,4,2023-08-08,East,101.3
7743,1783,Mouse,2,2023-03-20,East,177.21
7744,1240,Headphones,4,2023-08-23,South,203.54
7745,2778,Monitor,4,2023-06-06,North,1957.02
7746,2553,SSD,3,2023-11-23,East,260.63
7747,1482,Phone,4,2024-10-03,North,2205.96
7748,2012,Keyboard,3,2024-09-12,West,247.19
7749,1186,Laptop,1,2025-09-11,East,3388.24
7750,2881,Headphones,2,2025-11-09,West,300.85
7751,3703,Laptop,3,2024-08-28,North,4109.78
7752,3309,Keyboard,2,2025-05-13,West,182.14
7753,1952,Headphones,5,2025-01-18,East,415.98
7754,2387,SSD,1,2025-07-03,West,361.6
7755,1490,Keyboard,5,2025-06-17,North,189.29
7756,1430,Monitor,5,2025-09-24,East,783.73
7757,1238,Webcam,4,2025-05-09,East,97.73
7758,3351,Monitor,4,2024-07-26,South,1033.89
7759,3345,SSD,5,2023-02-07,North,359.64
7760,1075,Webcam,-1,2023-04-28,West,369.93
7761,4771,Monitor,2,2024-01-25,North,1120.91
7762,2356,Keyboard,4,2024-11-10,North,158.48
7763,2923,Keyboard,5,2024-01-12,South,218.71
7764,4046,Keyboard,4,2025-04-28,West,101.7
7765,2781,Laptop,4,2024-01-11,East,4614.92
7766,3689,SSD,3,2024-08-17,South,342.44
7767,4545,Keyboard,3,2025-01-16,South,282.7
7768,1826,Monitor,5,2025-12-01,West,
7769,4994,Phone,2,2024-04-02,North,1591.51
7770,3330,SSD,1,2025-11-17,North,500.17
7771,1590,Keyboard,1,2025-01-10,North,188.98
7772,3119,Phone,5,2024-09-20,South,1924.12
7773,4334,Webcam,2,2023-11-22,East,169.82
7774,3750,Monitor,2,2024-09-10,East,992.69
7775,2902,Keyboard,2,2023-11-21,East,176.9
7776,2910,Laptop,3,2024-05-30,North,2607.44
7777,1574,Laptop,5,2025-01-15,North,2378.92
7778,4047,Webcam,1,2023-09-05,North,350.02
7779,1891,Phone,2,2024-02-02,North,2117.25
7780,3059,Mouse,5,2024-08-04,North,188.45
7781,1140,Laptop,1,2023-07-22,East,3759.66
7782,2789,SSD,3,2023-08-09,South,339.12
7783,4626,Laptop,4,2025-05-16,East,2309.06
7784,1016,Laptop,1,2023-09-20,East,4551.4
7785,2086,Monitor,1,2023-10-23,North,1184.39
7786,1252,Laptop,1,2025-10-16,South,3683.4
7787,1464,Headphones,4,2023-10-19,East,256.76
7788,1375,Keyboard,2,2024-11-14,West,180.97
7789,2827,Webcam,4,2025-05-25,West,330.16
7790,4028,Laptop,1,2025-11-20,South,4136.78
7791,1519,Mouse,3,2025-12-03,East,198.12
7792,2860,SSD,1,2024-07-08,North,373.04
7793,1089,Mouse,3,2023-12-15,East,120.05
7794,1719,Laptop,5,2023-08-07,West,2158.18
7795,3851,Laptop,3,2025-10-19,East,3168.15
7796,3843,Headphones,1,2024-03-25,South,561.05
7797,1629,Laptop,4,2024-05-18,East,3051.43
7798,2884,Laptop,1,2023-03-27,West,4298.34
7799,4246,Keyboard,1,2024-06-06,North,294.4
7800,1075,Mouse,5,2024-04-05,South,51.56
7801,4684,Headphones,2,2025-10-10,South,267.0
7802,1925,Mouse,1,2024-09-21,North,110.64
7803,4734,Headphones,5,2023-09-09,South,218.69
7804,3447,Mouse,4,2023-01-18,South,32.11
7805,2805,Laptop,5,2024-05-14,North,3405.81
7806,1969,Mouse,5,2024-04-02,South,121.22
7807,2094,Mouse,3,2023-04-25,East,136.32
7808,3028,Headphones,2,2025-01-22,North,513.61
7809,4251,Webcam,2,2025-02-07,West,160.97
7810,4195,Phone,4,2024-03-22,North,903.76
7811,2404,Headphones,5,2023-12-19,East,144.92
7812,4364,Headphones,4,2024-09-16,North,348.7
7813,3844,Headphones,4,2024-06-24,South,561.12
7814,1194,Monitor,2,2023-11-18,East,1973.32
7815,4982,Webcam,2,2023-08-14,East,145.62
7816,1227,Monitor,2,2023-12-27,East,727.95
7817,4502,Monitor,1,2025-04-13,East,1030.21
7818,2459,Headphones,5,2023-04-22,East,331.94
7819,4858,Phone,4,2023-07-31,North,2173.71
7820,1460,Headphones,5,2025-08-05,East,487.3
7821,1617,Laptop,4,2023-06-08,South,4768.0
7822,4092,Phone,4,2024-07-25,North,2258.77
7823,1063,Monitor,4,2024-10-31,North,1158.19
7824,3212,SSD,4,2025-06-29,South,158.56
7825,3074,Mouse,3,2025-10-19,North,70.22
7826,4382,Mouse,3,2024-02-08,South,133.71
7827,4059,Webcam,1,2024-02-08,East,240.48
7828,1284,SSD,2,2024-08-23,South,258.07
7829,2683,Keyboard,4,2023-07-12,West,82.9
7830,3328,Webcam,5,2025-09-26,North,149.12
7831,1837,Phone,3,2024-06-06,North,1241.57
7832,1830,Monitor,2,2023-12-16,East,1800.94
7833,2187,Phone,1,2023-11-12,West,2007.45
7834,4969,Phone,2,2025-07-31,East,1738.97
7835,3965,Mouse,4,2025-07-01,East,33.56
7836,1223,Headphones,2,2024-10-13,West,510.6
7837,1783,Laptop,4,2024-09-26,East,3657.39
7838,4217,Keyboard,3,2025-10-07,East,206.84
7839,4012,Monitor,3,2024-08-15,West,598.47
7840,1949,Phone,4,2024-03-19,North,
7841,4939,Keyboard,5,2024-09-12,West,258.01
7842,4101,Phone,3,2025-01-25,North,2301.68
7843,1044,SSD,5,2024-05-11,West,387.64
7844,2810,Mouse,4,2025-02-11,North,96.99
7845,1470,Laptop,4,2024-01-09,South,2219.14
7846,3081,Mouse,3,2023-07-03,West,62.96
7847,3700,Keyboard,5,2023-02-01,North,106.39
7848,4498,Monitor,4,2023-10-10,East,594.03
7849,1829,Phone,3,2025-04-15,South,1062.44
7850,2909,Laptop,4,2025-05-22,North,4660.41
7851,3268,SSD,2,2024-11-16,West,395.43
7852,2891,Mouse,2,2024-04-06,North,159.96
7853,3581,SSD,3,2025-05-20,East,273.76
7854,1691,Keyboard,4,2025-09-10,South,83.65
7855,2390,Mouse,3,2024-01-03,West,93.45
7856,1931,Phone,1,2024-10-19,East,2148.07
7857,1840,Phone,3,2023-06-15,East,1305.46
7858,4814,SSD,3,2025-09-26,West,242.04
7859,4058,Monitor,2,2024-08-24,North,
7860,2938,Laptop,2,2024-08-16,East,3872.03
7861,2573,Headphones,4,2023-05-06,East,317.91
7862,3629,Mouse,3,2023-02-07,South,73.99
7863,4187,Phone,3,2023-12-14,East,1683.58
7864,3286,Keyboard,4,2025-01-06,East,225.16
7865,4406,Mouse,5,2025-01-03,East,72.07
7866,3488,Monitor,4,2024-03-01,North,1413.16
7867,1147,Monitor,2,2024-10-09,North,890.23
7868,2032,Phone,2,2023-10-13,North,2477.32
7869,2311,Phone,3,2023-11-16,North,2045.06
7870,1387,SSD,2,2024-05-26,North,421.2
7871,4121,Phone,4,2023-08-13,East,1092.96
7872,2873,SSD,3,2024-05-20,South,413.88
7873,4588,Webcam,4,2025-01-11,West,336.15
7874,1915,Headphones,4,2025-10-25,East,468.55
7875,2878,Phone,3,2024-04-12,North,2122.64
7876,3685,Mouse,5,2025-07-26,North,84.03
7877,4658,Mouse,2,2025-02-03,East,85.8
7878,4748,SSD,1,2023-06-12,West,392.5
7879,1277,Webcam,1,2024-10-14,East,169.17
7880,2977,Webcam,1,2025-06-19,East,116.16
7881,2859,Laptop,2,2025-03-18,North,3383.37
7882,4036,Keyboard,5,2023-03-23,South,50.48
7883,4371,Phone,4,2024-04-25,East,2093.29
7884,2825,SSD,3,2024-05-30,North,487.36
7885,3636,Mouse,5,2023-07-06,South,123.83
7886,2833,Webcam,1,2023-05-26,North,319.24
7887,3696,Mouse,2,2025-10-02,East,136.17
7888,1617,Mouse,2,2023-06-01,East,148.57
7889,2630,Webcam,3,2023-04-03,East,100.69
7890,3182,Headphones,4,2025-11-20,South,540.63
7891,1579,Webcam,5,2024-06-23,East,286.06
7892,2170,Webcam,5,2024-10-10,West,275.4
7893,1489,Keyboard,5,2024-08-24,East,146.81
7894,3525,SSD,4,2023-02-18,East,162.66
7895,2182,SSD,4,2024-06-24,North,555.66
7896,1383,Webcam,4,2023-06-05,East,395.41
7897,1162,Monitor,3,2025-02-13,North,1711.68
7898,3488,SSD,2,2024-06-29,North,561.77
7899,2876,SSD,1,2024-10-11,South,204.43
7900,2212,SSD,4,2025-09-27,South,207.9
7901,3462,Webcam,2,2025-12-16,East,361.47
7902,2362,Mouse,4,2023-06-24,West,39.78
7903,2630,Phone,1,2023-01-27,East,958.45
7904,2204,Mouse,4,2023-05-27,North,168.86
7905,1287,Keyboard,2,2025-05-17,East,189.24
7906,2857,Monitor,3,2023-09-22,East,1087.59
7907,1186,Webcam,-1,2023-09-15,East,257.1
7908,2907,Headphones,2,2025-04-06,South,539.37
7909,2161,Laptop,5,2025-01-12,North,4271.4
7910,1129,Webcam,5,2024-12-10,East,301.31
7911,3241,Phone,5,2025-12-29,East,2460.71
7912,3363,Laptop,3,2025-11-14,West,3563.92
7913,4856,Headphones,4,2023-08-07,North,103.16
7914,2887,Keyboard,4,2024-07-14,East,157.26
7915,1143,Keyboard,4,2025-06-10,South,74.14
7916,1015,Headphones,3,2025-11-29,South,158.23
7917,4373,Mouse,5,2024-08-19,East,73.33
7918,3470,Headphones,4,2023-12-09,West,290.68
7919,1244,SSD,3,2024-05-17,East,366.72
7920,1926,SSD,3,2024-03-25,North,226.42
7921,4178,Webcam,2,2023-12-02,South,179.75
7922,4159,Phone,4,2023-01-04,North,1270.12
7923,3176,SSD,5,2025-01-28,South,314.36
7924,1906,Monitor,1,2024-05-31,East,661.99
7925,1886,Webcam,3,2023-08-26,East,207.15
7926,1340,Webcam,2,2023-04-13,East,257.39
7927,3051,Webcam,1,2025-10-06,East,111.02
7928,4398,Laptop,3,2025-11-23,East,3562.31
7929,2433,Laptop,2,2024-06-01,East,4267.74
7930,4950,Keyboard,4,2024-03-15,South,52.06
7931,1305,Webcam,2,2023-08-13,South,95.21
7932,1907,Mouse,3,2024-07-18,North,109.3
7933,3654,SSD,4,2025-12-18,West,542.75
7934,4792,Keyboard,5,2023-09-03,West,299.45
7935,4296,Phone,2,2025-07-16,East,958.77
7936,2371,Headphones,1,2025-08-10,East,109.17
7937,4039,Laptop,4,2025-03-29,East,2686.31
7938,1320,Webcam,4,2023-08-04,South,229.59
7939,1558,Phone,5,2023-10-10,North,1772.05
7940,2204,Keyboard,2,2024-07-26,South,293.37
7941,3665,Keyboard,1,2024-01-17,West,272.12
7942,3758,Laptop,5,2025-12-04,North,3686.3
7943,2409,Keyboard,2,2023-06-21,East,140.43
7944,2641,Mouse,1,2023-02-13,West,84.62
7945,4863,Keyboard,1,2023-08-16,South,193.16
7946,4843,Monitor,3,2024-07-27,East,1582.03
7947,2131,SSD,1,2023-11-13,West,366.75
7948,3578,Headphones,2,2024-12-31,East,252.2
7949,3457,Keyboard,5,2024-08-23,East,203.29
7950,4367,SSD,5,2024-09-15,South,
7951,1817,SSD,3,2024-04-11,East,342.32
7952,2194,Monitor,2,2023-10-24,North,1622.53
7953,4402,Phone,1,2024-06-28,North,1279.78
7954,3540,Keyboard,3,2024-05-03,East,171.23
7955,4266,Mouse,4,2025-10-16,South,189.86
7956,1011,Phone,2,2023-08-03,West,2028.81
7957,1194,SSD,3,2025-10-22,South,324.59
7958,3537,SSD,5,2024-10-22,East,395.78
7959,3842,Webcam,3,2024-10-15,North,209.75
7960,3928,Keyboard,4,2025-03-12,West,78.14
7961,3229,Laptop,2,2023-12-07,South,3004.81
7962,4009,Monitor,3,2024-12-04,North,1790.66
7963,4888,Monitor,1,2024-02-11,East,1191.8
7964,1655,Laptop,-1,2025-05-02,West,3753.91
7965,2921,Headphones,3,2023-11-02,West,190.72
7966,4387,SSD,3,2025-05-23,North,310.3
7967,3741,Webcam,2,2024-05-09,East,377.35
7968,3077,Mouse,5,2024-07-31,East,83.42
7969,2619,Monitor,1,2024-06-24,East,875.84
7970,4749,Phone,2,2025-02-06,South,895.03
7971,4867,SSD,1,2025-06-14,South,193.75
7972,4864,Mouse,1,2024-03-30,West,129.41
7973,2119,Monitor,2,2023-10-26,West,1490.05
7974,4452,Webcam,3,2024-03-02,East,285.31
7975,1777,Headphones,5,2024-12-16,East,369.91
7976,1443,Webcam,1,2025-01-26,East,237.11
7977,1297,Phone,1,2023-01-31,North,922.64
7978,1807,Webcam,3,2023-11-28,East,349.02
7979,2760,Mouse,2,2023-02-21,East,117.22
7980,1844,SSD,5,2023-08-31,South,209.36
7981,2015,Phone,1,2025-02-13,West,1030.94
7982,2384,SSD,1,2024-11-16,West,380.83
7983,2397,Laptop,2,2024-07-26,West,2733.73
7984,1553,Keyboard,3,2025-05-21,South,280.49
7985,3350,Laptop,4,2024-11-30,East,3496.85
7986,1420,Mouse,3,2024-06-02,West,196.33
7987,2269,Keyboard,1,2024-08-17,South,233.54
7988,4791,Laptop,1,2023-10-10,East,4432.1
7989,2260,Keyboard,5,2024-08-21,West,147.22
7990,4605,Monitor,3,2023-05-28,East,701.03
7991,1184,Webcam,4,2023-03-11,West,300.7
7992,1467,Phone,5,2023-08-22,East,1492.02
7993,3801,Keyboard,4,2024-11-09,North,287.22
7994,3410,Monitor,5,2024-09-27,North,790.45
7995,2306,Webcam,3,2024-04-11,East,280.48
7996,2576,Webcam,1,2024-07-10,North,357.14
7997,1335,Headphones,4,2025-06-12,East,301.41
7998,3209,SSD,3,2025-04-15,North,579.15
7999,4231,Laptop,4,2024-09-09,West,2229.85
8000,2497,Headphones,3,2023-05-14,North,393.46
8001,4672,SSD,5,2023-01-08,East,499.82
8002,4393,SSD,3,2023-01-28,East,240.81
8003,3059,Mouse,5,2025-02-21,West,39.84
8004,2447,Monitor,1,2024-06-24,South,619.85
8005,4144,Headphones,5,2024-09-18,West,259.61
8006,1587,Headphones,2,2025-11-23,South,
8007,2881,SSD,1,2023-01-07,North,250.75
8008,1200,Webcam,3,2023-02-09,East,226.73
8009,1521,Monitor,3,2025-06-27,East,627.4
8010,2887,Webcam,2,2023-03-03,East,398.56
8011,3552,Phone,3,2024-01-14,East,1982.87
8012,4809,Keyboard,1,2023-11-18,South,57.57
8013,2711,Mouse,1,2025-01-02,North,147.62
8014,1787,Mouse,5,2025-04-18,North,164.61
8015,4110,Laptop,4,2024-02-23,West,2572.29
8016,1059,Webcam,3,2023-01-20,East,348.89
8017,1577,Keyboard,2,2024-02-16,North,202.94
8018,1320,SSD,1,2024-07-02,North,519.39
8019,2458,Laptop,1,2024-08-27,South,4150.08
8020,4707,Mouse,1,2023-12-23,West,149.79
8021,4747,Keyboard,4,2023-07-20,North,89.56
8022,4479,Headphones,4,2025-12-07,East,257.9
8023,3037,Phone,3,2025-02-03,North,1689.52
8024,1922,SSD,2,2023-08-19,East,200.65
8025,2409,Headphones,4,2023-10-30,North,339.25
8026,2694,Phone,5,2024-01-22,North,1557.04
8027,1568,SSD,4,2024-12-15,East,254.37
8028,2101,Webcam,1,2025-07-13,East,143.91
8029,4265,Monitor,2,2023-02-27,East,871.06
8030,4356,Laptop,3,2024-03-09,North,3815.32
8031,1526,Laptop,4,2024-06-05,East,3244.86
8032,3571,Monitor,1,2025-02-06,North,1120.94
8033,3660,Keyboard,5,2025-04-08,East,95.43
8034,4227,Monitor,5,2024-04-27,North,1681.05
8035,4411,Webcam,3,2024-01-02,North,304.12
8036,3172,Mouse,3,2025-06-07,South,102.94
8037,1870,Monitor,4,2025-06-01,South,713.3
8038,1279,Phone,3,2024-02-15,South,2014.99
8039,3964,Mouse,1,2023-07-02,East,182.8
8040,4977,Monitor,1,2023-06-07,South,767.39
8041,3669,Laptop,1,2023-01-13,North,3807.98
8042,3893,Headphones,4,2024-07-19,South,312.15
8043,2892,Phone,4,2025-05-21,North,949.01
8044,4729,Webcam,3,2024-07-08,North,312.26
8045,2751,Phone,4,2024-11-08,North,920.95
8046,4981,SSD,1,2025-05-12,North,466.0
8047,1673,Keyboard,2,2024-09-09,West,120.29
8048,2151,Headphones,1,2023-07-23,East,382.83
8049,3361,Phone,2,2025-08-14,East,1072.77
8050,1331,SSD,3,2023-10-29,East,316.9
8051,2173,Monitor,5,2025-12-02,West,656.13
8052,3039,Phone,4,2025-03-05,South,1594.42
8053,2477,Phone,4,2024-08-19,South,1162.59
8054,1035,Phone,1,2024-12-29,West,1119.48
8055,2708,Keyboard,1,2024-05-20,East,76.79
8056,2443,Phone,2,2024-09-30,East,2101.24
8057,4093,Phone,4,2023-07-10,East,1887.18
8058,3253,Keyboard,3,2025-06-17,East,89.23
8059,3686,SSD,1,2023-03-01,East,362.59
8060,3895,Mouse,4,2023-03-03,East,142.35
8061,2379,Headphones,5,2023-10-29,South,539.03
8062,1439,SSD,-1,2024-09-29,East,176.81
8063,3776,Webcam,1,2025-09-25,West,195.95
8064,2119,Mouse,1,2023-06-21,East,134.71
8065,3988,Laptop,3,2023-03-04,South,2046.85
8066,1163,Keyboard,1,2025-02-10,East,110.88
8067,1147,Keyboard,4,2023-01-16,North,236.23
8068,4601,Phone,4,2024-11-21,West,1404.75
8069,3341,Phone,4,2025-04-21,East,943.64
8070,1194,Webcam,5,2025-06-17,North,280.51
8071,1662,Laptop,5,2025-07-21,East,2750.16
8072,1479,Phone,1,2023-06-24,East,1992.81
8073,4948,Monitor,5,2024-02-21,North,1850.26
8074,1122,Phone,5,2024-03-26,North,1697.36
8075,2423,Phone,3,2025-04-15,South,1818.54
8076,3746,Monitor,5,2023-10-07,West,1271.61
8077,1964,Laptop,2,2023-09-01,North,4452.33
8078,4523,Monitor,2,2024-11-05,East,862.57
8079,3708,Keyboard,2,2023-05-26,South,150.39
8080,4175,Monitor,1,2025-12-26,North,1842.55
8081,2778,Headphones,4,2023-04-13,South,461.82
8082,2485,Keyboard,3,2023-11-06,South,130.02
8083,4814,Phone,1,2023-04-27,West,2215.47
8084,3014,Webcam,4,2025-02-01,West,156.42
8085,4789,Keyboard,3,2025-01-07,North,208.54
8086,1709,Laptop,3,2023-07-06,South,4869.37
8087,3443,Laptop,3,2025-02-23,West,3724.13
8088,1911,Monitor,2,2024-12-07,South,1699.2
8089,2360,Keyboard,2,2025-05-25,South,233.86
8090,4052,Phone,2,2025-03-06,North,2271.73
8091,4670,Laptop,3,2024-04-17,East,4906.29
8092,4213,Mouse,3,2024-07-09,South,33.79
8093,3364,Phone,2,2024-11-12,East,847.38
8094,2734,Mouse,3,2023-04-04,East,131.05
8095,4629,Headphones,2,2025-01-05,North,577.12
8096,2823,Mouse,-1,2025-02-28,North,112.57
8097,4598,SSD,2,2023-02-07,West,527.9
8098,2579,Laptop,4,2025-02-20,West,4303.72
8099,4472,Monitor,3,2024-04-26,East,1247.38
8100,1680,Headphones,1,2023-04-21,North,356.59
8101,2333,Keyboard,2,2024-02-14,South,159.01
8102,3542,Phone,1,2024-02-01,East,1228.74
8103,1555,Laptop,4,2023-02-11,South,4576.14
8104,1609,Headphones,3,2023-02-10,West,204.79
8105,4844,Headphones,2,2024-02-03,North,553.46
8106,3156,SSD,2,2023-07-01,East,311.88
8107,4866,Laptop,2,2025-01-13,South,2079.49
8108,1371,Keyboard,1,2024-12-18,East,92.09
8109,3902,Keyboard,4,2024-04-08,East,271.96
8110,1615,Monitor,3,2025-12-09,South,692.67
8111,3815,Webcam,4,2023-10-25,North,316.41
8112,2914,Mouse,2,2023-05-25,East,61.08
8113,3253,Keyboard,4,2023-01-16,West,174.73
8114,1846,SSD,1,2025-12-11,East,242.34
8115,1042,Monitor,5,2023-04-17,North,999.75
8116,1864,Mouse,5,2023-08-07,West,51.22
8117,2268,Headphones,3,2025-07-23,North,378.0
8118,4358,Laptop,3,2023-12-03,South,3097.48
8119,2378,Keyboard,4,2025-07-09,South,141.37
8120,1784,Monitor,3,2024-01-06,South,557.86
8121,1475,Headphones,1,2025-09-24,South,168.06
8122,1082,Keyboard,2,2025-03-20,East,226.88
8123,2133,Phone,2,2023-09-11,North,1296.94
8124,3237,Webcam,4,2024-08-02,South,221.46
8125,1799,Headphones,2,2024-09-27,North,481.53
8126,1935,SSD,4,2025-11-19,East,350.14
8127,4980,SSD,3,2023-07-04,North,251.52
8128,3298,Keyboard,3,2024-04-18,North,187.46
8129,4795,SSD,1,2025-09-11,South,510.54
8130,3338,Headphones,2,2025-09-10,North,399.82
8131,2668,Laptop,1,2024-05-16,South,3260.54
8132,4272,Laptop,5,2025-05-23,South,2376.87
8133,4868,Webcam,1,2023-12-16,South,159.59
8134,1325,Laptop,4,2023-03-01,North,4838.36
8135,2534,Mouse,4,2025-05-28,North,161.21
8136,4480,Phone,1,2024-04-09,East,948.87
8137,4678,Laptop,3,2023-11-07,East,2016.54
8138,4861,SSD,5,2025-07-19,East,228.94
8139,2985,Phone,1,2025-08-22,West,2404.61
8140,2964,Laptop,3,2023-10-07,West,3740.12
8141,1836,Mouse,1,2024-12-11,North,172.57
8142,1507,SSD,2,2025-08-24,North,359.35
8143,3778,Headphones,4,2024-11-25,West,513.32
8144,4672,Keyboard,2,2025-06-28,North,58.48
8145,3119,Keyboard,2,2024-07-20,East,156.7
8146,2270,Laptop,5,2023-09-28,West,3132.78
8147,1640,Keyboard,3,2025-09-06,East,295.39
8148,4795,Laptop,4,2025-12-12,North,
8149,3987,Laptop,2,2025-04-20,East,3250.75
8150,2878,SSD,4,2025-09-30,South,491.46
8151,1607,Webcam,3,2023-08-28,West,361.83
8152,4658,Monitor,1,2023-12-27,North,1817.58
8153,2958,Monitor,2,2025-01-03,South,1091.77
8154,1565,Webcam,3,2025-05-01,East,383.54
8155,2367,Monitor,4,2025-05-09,North,1480.26
8156,4996,Phone,3,2024-12-01,North,2246.93
8157,3101,Monitor,1,2025-04-15,North,1889.42
8158,2753,Laptop,3,2025-04-02,South,2700.8
8159,3575,Mouse,4,2023-04-07,West,114.86
8160,3658,Mouse,2,2023-11-23,North,129.93
8161,4603,Headphones,2,2023-03-14,North,501.22
8162,2581,SSD,5,2025-09-20,East,330.52
8163,2986,Monitor,4,2025-09-20,North,815.67
8164,3240,Mouse,5,2023-11-29,East,156.35
8165,4966,Monitor,5,2024-04-02,South,1388.5
8166,3105,SSD,1,2025-01-03,South,554.23
8167,4508,Headphones,4,2025-05-25,North,427.51
8168,4182,Mouse,2,2025-05-07,North,32.86
8169,1128,Laptop,4,2023-04-09,East,4899.95
8170,2872,Phone,1,2025-01-01,North,1808.29
8171,1705,Webcam,4,2025-07-13,West,270.68
8172,4996,Webcam,4,2023-09-01,East,370.96
8173,1851,Webcam,5,2024-10-23,North,292.42
8174,4397,Monitor,4,2025-10-02,West,1218.98
8175,1007,Mouse,5,2024-01-02,North,48.24
8176,3076,SSD,5,2024-05-13,East,582.99
8177,2135,SSD,3,2023-04-23,South,
8178,3994,Mouse,1,2025-08-02,North,58.95
8179,4744,Headphones,5,2025-11-13,West,509.77
8180,3178,Laptop,4,2023-10-10,West,3471.22
8181,3235,Keyboard,5,2024-02-05,East,
8182,2698,Mouse,5,2024-07-21,South,78.65
8183,3756,Phone,5,2025-12-13,West,2489.82
8184,2498,Headphones,2,2024-12-14,East,392.01
8185,4435,Mouse,2,2024-02-26,North,98.27
8186,4275,Mouse,2,2025-04-28,South,178.96
8187,3259,Headphones,2,2024-04-19,West,339.85
8188,2644,Headphones,3,2024-02-09,West,253.97
8189,1275,Monitor,5,2023-02-05,West,746.33
8190,4144,Mouse,3,2023-12-24,North,156.56
8191,2702,Keyboard,4,2024-07-11,East,199.06
8192,2795,Phone,1,2025-12-03,North,957.0
8193,1242,Laptop,3,2023-11-16,East,3774.92
8194,4858,Laptop,2,2025-01-07,East,2478.35
8195,4173,Keyboard,2,2024-10-19,North,295.43
8196,4034,SSD,4,2024-04-16,East,266.87
8197,3732,Headphones,5,2024-06-08,North,448.01
8198,1170,Headphones,1,2023-01-25,South,428.02
8199,1652,SSD,3,2024-10-01,South,461.11
8200,2932,Headphones,5,2025-05-25,East,315.0
8201,3235,SSD,5,2023-06-23,South,183.45
8202,4512,Mouse,3,2023-07-05,North,196.6
8203,2109,SSD,3,2025-09-27,North,236.19
8204,2499,Headphones,3,2024-06-11,East,484.86
8205,3099,Headphones,3,2025-08-29,North,168.79
8206,3158,Mouse,2,2024-11-14,East,77.8
8207,2972,SSD,5,2023-07-05,West,
8208,3924,Mouse,5,2024-07-28,South,100.29
8209,4925,Keyboard,2,2023-11-05,East,289.57
8210,2066,Monitor,5,2024-06-21,South,1771.53
8211,3258,Mouse,3,2025-05-07,South,186.7
8212,3035,Phone,1,2023-07-12,North,1889.18
8213,4271,Headphones,5,2023-02-22,East,209.46
8214,4881,Monitor,1,2024-04-19,West,1277.75
8215,1857,Laptop,1,2023-06-23,West,4296.6
8216,4823,Keyboard,2,2024-11-30,West,66.18
8217,3674,SSD,4,2024-01-25,West,538.4
8218,2049,Monitor,5,2024-04-01,North,1447.03
8219,4990,Mouse,2,2025-11-18,North,153.01
8220,1298,Headphones,2,2023-05-02,South,447.15
8221,4148,Headphones,1,2024-02-22,East,523.88
8222,1923,Headphones,5,2023-06-08,South,143.76
8223,1136,Monitor,2,2024-08-20,West,1065.57
8224,2043,Headphones,3,2024-05-30,East,351.31
8225,3487,Mouse,2,2025-10-22,East,122.92
8226,1210,SSD,3,2024-10-20,North,574.15
8227,3799,Monitor,4,2024-11-08,North,563.7
8228,2574,Headphones,3,2023-11-11,South,533.2
8229,3482,Laptop,3,2023-11-24,West,3655.7
8230,1779,Laptop,1,2023-10-03,South,3663.88
8231,2230,Phone,2,2024-12-16,East,1344.56
8232,3486,Headphones,4,2024-03-27,West,421.81
8233,2802,Headphones,2,2024-04-30,North,423.21
8234,3713,Monitor,3,2024-07-20,North,783.94
8235,2065,Monitor,3,2023-09-03,East,1515.51
8236,1410,Webcam,2,2025-07-23,East,165.35
8237,4594,SSD,4,2025-06-07,West,459.95
8238,3853,Headphones,4,2023-06-13,North,405.97
8239,3657,Phone,1,2024-06-10,South,2017.12
8240,1426,SSD,3,2023-01-01,South,158.86
8241,4346,Headphones,3,2025-05-12,East,162.68
8242,2471,SSD,1,2023-05-17,North,528.09
8243,3949,Mouse,2,2023-05-31,East,94.72
8244,1941,Monitor,3,2025-09-30,South,1755.08
8245,2907,Headphones,2,2025-11-07,East,131.34
8246,1741,SSD,4,2025-09-25,South,496.22
8247,2392,Monitor,5,2024-11-28,South,625.65
8248,2243,Headphones,1,2025-12-24,West,334.16
8249,2600,Keyboard,3,2023-11-29,North,284.39
8250,4938,Monitor,1,2024-01-07,North,616.52
8251,2255,SSD,4,2024-08-03,East,307.8
8252,1327,Phone,4,2024-11-16,East,1681.19
8253,2466,Keyboard,4,2024-12-09,South,274.86
8254,3099,Mouse,4,2025-07-16,East,86.54
8255,4957,Headphones,5,2025-01-09,North,503.52
8256,2966,Webcam,2,2023-09-28,North,309.82
8257,1375,Mouse,2,2024-12-11,North,82.2
8258,1262,Monitor,5,2023-11-21,West,1011.22
8259,1266,Keyboard,2,2025-09-16,West,97.75
8260,3406,Mouse,4,2025-03-08,North,147.8
8261,4388,Phone,2,2025-07-08,North,1757.27
8262,4395,Webcam,1,2024-06-30,North,129.58
8263,2944,Monitor,2,2025-12-28,North,1430.11
8264,4979,Keyboard,1,2025-06-26,West,174.66
8265,4737,Mouse,3,2023-07-31,South,45.74
8266,2893,Keyboard,1,2024-08-19,North,288.43
8267,2901,Keyboard,1,2023-02-17,South,258.69
8268,3699,Mouse,4,2023-08-19,North,42.07
8269,4634,Laptop,4,2024-08-01,South,4793.8
8270,2652,Headphones,4,2025-08-07,East,558.34
8271,2444,SSD,1,2025-07-20,South,168.98
8272,1045,Monitor,5,2023-02-21,North,802.22
8273,4892,Monitor,4,2024-02-26,South,1553.61
8274,1599,Webcam,4,2024-09-02,East,379.06
8275,1719,Webcam,1,2024-03-21,North,343.4
8276,2912,Webcam,3,2025-08-18,North,170.21
8277,2292,Monitor,3,2023-05-11,South,550.16
8278,1600,Keyboard,2,2024-08-22,South,168.22
8279,1380,Webcam,3,2024-01-09,North,109.43
8280,1117,Mouse,4,2024-07-04,North,71.7
8281,4637,Headphones,5,2024-06-13,North,420.05
8282,3163,Phone,2,2024-01-22,South,1641.53
8283,4701,Monitor,5,2023-12-02,North,1065.08
8284,1259,Mouse,5,2025-01-05,East,188.09
8285,2098,Headphones,4,2025-10-21,East,196.48
8286,2503,Headphones,1,2025-06-14,South,343.74
8287,3352,Laptop,1,2024-06-21,East,3720.49
8288,3054,SSD,1,2024-05-10,East,294.87
8289,1365,Mouse,3,2025-11-01,West,149.9
8290,2657,Monitor,1,2024-05-22,East,1800.92
8291,3570,Webcam,4,2024-11-11,East,253.27
8292,4419,Keyboard,3,2024-07-18,East,245.33
8293,2461,Webcam,1,2025-02-19,South,99.51
8294,3024,Headphones,5,2025-01-29,South,176.89
8295,4286,Headphones,4,2023-05-08,North,331.01
8296,3476,Phone,4,2023-05-26,South,2365.73
8297,1790,Webcam,2,2024-05-13,North,250.11
8298,4569,SSD,4,2025-08-23,North,344.54
8299,4611,SSD,5,2024-07-13,North,420.05
8300,1746,Laptop,4,2025-07-12,West,2373.4
8301,3414,SSD,2,2024-02-07,North,444.16
8302,1312,Headphones,4,2025-09-02,East,147.01
8303,1537,Headphones,4,2023-12-08,West,388.4
8304,1920,SSD,2,2025-12-07,East,471.48
8305,2077,Keyboard,4,2024-06-24,South,152.88
8306,4612,Keyboard,3,2024-05-25,East,277.73
8307,2490,SSD,4,2023-01-19,South,218.41
8308,3912,Phone,1,2024-05-09,North,1090.63
8309,4235,Mouse,1,2023-12-21,West,117.88
8310,3829,Phone,3,2024-07-12,North,2383.81
8311,3381,Phone,4,2023-12-11,West,1464.19
8312,4618,SSD,5,2025-12-19,North,566.88
8313,1797,Keyboard,4,2024-11-18,East,223.37
8314,1347,Webcam,1,2023-08-17,South,
8315,1272,Webcam,2,2023-05-27,West,380.12
8316,4010,SSD,3,2023-11-28,South,407.55
8317,1719,Webcam,2,2024-03-08,West,
8318,2773,Mouse,5,2024-02-03,South,128.43
8319,4485,Keyboard,4,2025-04-15,East,246.21
8320,3547,SSD,5,2024-08-09,East,273.03
8321,4164,Laptop,2,2024-08-21,North,
8322,1684,Monitor,4,2025-01-26,East,1570.32
8323,3126,Monitor,5,2023-12-12,North,1403.1
8324,1621,SSD,1,2025-11-02,South,167.46
8325,3039,SSD,1,2025-01-07,East,498.54
8326,4288,Laptop,3,2024-01-15,West,2397.28
8327,1946,Webcam,1,2024-02-25,East,387.83
8328,3405,Monitor,1,2025-10-07,East,622.24
8329,3665,Mouse,2,2024-02-22,East,152.45
8330,1506,SSD,1,2023-12-22,West,312.19
8331,2582,Keyboard,1,2023-01-16,West,233.92
8332,4252,Monitor,2,2023-11-11,East,1278.43
8333,3623,Mouse,1,2024-06-16,South,137.02
8334,4317,Keyboard,1,2025-11-05,North,68.86
8335,1243,SSD,3,2024-06-28,North,
8336,1505,Mouse,1,2024-11-24,West,30.65
8337,1421,Laptop,1,2023-03-10,West,4823.48
8338,4391,SSD,3,2024-02-15,East,405.71
8339,4158,Phone,2,2025-12-11,West,1239.06
8340,3264,Laptop,1,2025-12-24,South,3913.18
8341,4561,Monitor,5,2025-03-22,East,1509.35
8342,4590,Keyboard,2,2025-07-07,East,232.58
8343,4349,Mouse,2,2025-04-26,South,32.79
8344,2872,Monitor,1,2025-01-09,East,1974.17
8345,4793,Monitor,3,2024-03-14,South,1426.87
8346,4056,SSD,2,2024-06-13,East,319.89
8347,2192,Phone,3,2024-12-30,East,1770.11
8348,1329,Webcam,5,2023-09-30,West,137.09
8349,1649,Monitor,3,2024-04-03,East,870.9
8350,2464,Phone,4,2025-03-30,South,945.83
8351,1390,Keyboard,3,2024-07-21,South,269.81
8352,2519,Keyboard,2,2025-05-10,North,112.9
8353,1380,Mouse,3,2024-05-11,North,155.75
8354,4377,Webcam,3,2025-03-05,East,167.74
8355,1741,Phone,4,2025-03-15,North,1048.18
8356,3010,Laptop,4,2025-12-31,East,
8357,1819,Keyboard,1,2025-07-22,South,265.06
8358,1672,SSD,2,2025-09-18,North,203.88
8359,3560,Webcam,1,2025-04-19,South,107.89
8360,2771,Mouse,4,2024-09-26,North,31.59
8361,3996,Laptop,3,2024-08-25,North,3099.32
8362,2211,Keyboard,4,2025-01-05,North,285.67
8363,1929,Keyboard,5,2025-09-17,North,277.16
8364,2539,Mouse,3,2024-01-02,South,49.56
8365,1912,Mouse,1,2023-09-13,South,32.12
8366,1643,Headphones,3,2024-03-15,South,475.5
8367,1426,SSD,5,2024-03-10,North,287.91
8368,1501,Monitor,4,2024-11-20,North,1752.02
8369,1729,Monitor,2,2023-11-04,East,823.14
8370,2283,Laptop,2,2024-02-13,South,3476.63
8371,4584,Monitor,2,2025-04-05,East,549.42
8372,3118,Laptop,-1,2023-03-28,South,4684.14
8373,3525,Webcam,2,2023-01-03,West,136.95
8374,4249,Keyboard,5,2024-01-07,South,123.68
8375,1456,Headphones,4,2024-10-03,East,339.85
8376,3236,Headphones,2,2025-11-12,North,235.63
8377,1290,SSD,1,2023-04-08,East,168.07
8378,4591,SSD,4,2024-10-31,East,163.09
8379,4836,Keyboard,4,2023-11-17,North,288.8
8380,1919,Mouse,3,2024-06-17,North,85.33
8381,3339,SSD,2,2025-03-30,West,300.48
8382,2969,SSD,1,2024-01-02,West,565.3
8383,1755,Phone,5,2024-02-21,East,2221.46
8384,2658,Phone,4,2024-12-29,West,1967.8
8385,2834,Monitor,-1,2025-04-27,North,1487.76
8386,2306,Mouse,5,2024-10-31,East,166.18
8387,2567,Laptop,-1,2023-05-13,North,2506.63
8388,2869,Webcam,3,2023-02-22,East,292.57
8389,1376,Headphones,5,2025-01-10,East,149.2
8390,4729,Monitor,2,2024-11-25,North,689.77
8391,2179,SSD,2,2023-01-23,East,259.24
8392,1507,Keyboard,1,2024-04-04,South,227.45
8393,2436,Mouse,1,2024-10-11,South,181.73
8394,3575,SSD,5,2024-04-26,West,460.85
8395,4426,Headphones,5,2023-04-30,West,308.31
8396,1558,Laptop,3,2024-11-03,North,3540.98
8397,4834,Laptop,5,2023-07-27,East,4136.98
8398,4258,Phone,5,2023-11-14,South,1842.58
8399,4102,Monitor,5,2023-12-04,North,1294.2
8400,3307,SSD,4,2023-06-04,West,256.56
8401,1420,Keyboard,4,2025-05-17,North,204.24
8402,2552,Headphones,3,2024-01-29,North,109.33
8403,4622,SSD,3,2024-05-19,North,402.02
8404,1303,Webcam,2,2025-08-28,South,342.64
8405,1941,Laptop,3,2023-11-09,North,2539.25
8406,4110,SSD,2,2023-01-14,East,201.39
8407,4560,Headphones,5,2023-03-18,South,585.12
8408,4715,Keyboard,3,2024-02-13,South,260.87
8409,3589,Headphones,3,2024-01-29,North,251.0
8410,4741,Monitor,3,2023-08-08,South,812.86
8411,2301,Phone,2,2025-01-13,South,1367.87
8412,4274,Headphones,2,2024-03-08,South,315.61
8413,2089,Mouse,1,2025-03-16,North,169.58
8414,3155,SSD,2,2025-09-14,North,257.64
8415,3315,Phone,2,2024-10-15,North,2025.44
8416,3269,Keyboard,-1,2025-03-27,East,282.32
8417,2827,Phone,3,2025-01-24,North,1445.17
8418,2553,Headphones,2,2024-11-06,South,113.02
8419,4161,Headphones,3,2025-04-11,East,513.81
8420,1692,Mouse,3,2023-01-28,West,150.43
8421,1254,Laptop,4,2025-09-14,West,2447.21
8422,2478,SSD,3,2024-02-20,West,418.61
8423,3300,Mouse,2,2023-01-25,West,170.22
8424,1256,Headphones,3,2024-11-03,East,190.52
8425,3430,Webcam,1,2024-06-25,West,151.33
8426,1441,Phone,1,2023-06-14,East,1143.03
8427,2881,Mouse,4,2023-07-27,South,199.58
8428,3646,Mouse,2,2025-08-06,South,69.02
8429,2113,SSD,4,2025-09-11,East,270.11
8430,4820,Webcam,1,2024-09-05,West,95.34
8431,3437,Webcam,2,2024-01-08,North,394.65
8432,1581,Webcam,3,2024-09-09,North,158.96
8433,4115,SSD,2,2023-03-10,East,476.35
8434,2735,Laptop,5,2023-04-11,East,2079.11
8435,4735,Headphones,2,2023-01-01,West,491.7
8436,3645,Headphones,3,2023-12-17,West,475.31
8437,1018,Keyboard,5,2023-01-07,North,71.04
8438,2124,SSD,4,2023-11-14,North,205.17
8439,4985,Laptop,2,2024-09-14,South,2885.33
8440,3654,Keyboard,4,2024-05-23,West,138.67
8441,4837,Keyboard,2,2023-07-05,North,245.87
8442,2380,Keyboard,1,2024-12-28,North,65.3
8443,2565,SSD,1,2024-04-06,North,442.61
8444,4832,Monitor,3,2023-12-09,South,842.8
8445,3080,Keyboard,1,2024-09-26,South,145.62
8446,2993,Mouse,5,2024-12-13,West,30.37
8447,4300,Phone,5,2025-10-28,East,1294.91
8448,2547,Mouse,2,2024-07-29,West,59.13
8449,4701,Mouse,4,2023-05-16,South,115.68
8450,1861,Headphones,5,2024-01-18,East,179.1
8451,1154,Monitor,2,2023-07-05,East,1753.73
8452,4494,SSD,4,2024-09-30,South,547.31
8453,1904,Keyboard,1,2025-07-16,North,261.32
8454,2269,Headphones,2,2025-08-21,East,590.9
8455,1404,Laptop,4,2024-07-14,East,4743.94
8456,1843,Laptop,3,2025-06-16,North,2839.36
8457,2782,SSD,3,2024-09-30,North,291.51
8458,2564,Headphones,5,2023-11-17,North,366.33
8459,2184,Phone,4,2025-05-07,North,1454.43
8460,1746,SSD,3,2025-09-24,South,586.46
8461,2725,Headphones,5,2023-10-12,South,269.77
8462,4188,Headphones,2,2025-11-17,North,470.04
8463,1270,Monitor,2,2023-12-17,East,1363.04
8464,1769,SSD,4,2023-03-24,West,580.42
8465,2715,Laptop,4,2024-10-27,North,4233.55
8466,2510,Laptop,4,2024-06-24,North,2910.94
8467,4956,Keyboard,4,2024-04-24,South,99.27
8468,1171,Mouse,3,2023-08-01,East,175.29
8469,1273,SSD,3,2025-07-18,East,559.96
8470,3306,Headphones,5,2023-12-26,East,515.55
8471,2158,SSD,3,2023-08-02,East,481.85
8472,2706,Headphones,2,2023-10-31,West,260.87
8473,4793,Phone,5,2023-07-19,West,1659.13
8474,2771,SSD,3,2023-08-26,South,562.07
8475,1421,Webcam,4,2024-11-01,West,123.17
8476,2444,Webcam,3,2025-05-28,East,238.37
8477,2209,Laptop,1,2023-09-08,East,3066.53
8478,3411,Phone,5,2024-04-20,East,1951.73
8479,4678,Monitor,3,2024-05-12,West,1451.1
8480,3425,Keyboard,3,2025-09-04,West,190.01
8481,4594,Phone,2,2025-09-23,North,1275.35
8482,1579,Laptop,4,2024-12-01,South,2478.65
8483,1890,Monitor,4,2025-02-22,West,1676.51
8484,1721,Headphones,2,2024-03-04,South,595.87
8485,4267,Monitor,2,2024-06-22,North,753.64
8486,1880,Mouse,1,2025-06-19,North,42.88
8487,2121,SSD,5,2025-08-25,East,485.58
8488,3652,Phone,4,2023-07-29,East,1384.55
8489,3007,Laptop,2,2024-05-05,North,2639.01
8490,3069,Phone,2,2024-04-15,East,1692.71
8491,2473,Headphones,5,2024-07-21,West,437.61
8492,4243,Webcam,2,2024-10-25,North,148.75
8493,1382,Headphones,1,2024-07-03,North,597.25
8494,3181,Laptop,5,2023-07-17,West,2984.67
8495,2449,Mouse,1,2024-06-04,West,83.54
8496,4096,Keyboard,3,2024-11-18,North,155.75
8497,3550,SSD,4,2024-04-11,East,485.26
8498,4256,SSD,2,2024-08-18,East,
8499,4156,Monitor,5,2023-05-19,North,
8500,2590,Monitor,1,2025-10-11,West,678.12
8501,2786,Headphones,4,2023-08-30,South,228.07
8502,1143,Phone,4,2023-11-12,East,943.28
8503,2886,Webcam,2,2024-10-28,South,281.71
8504,4981,Phone,4,2025-01-02,West,2059.18
8505,2702,Mouse,2,2023-05-15,North,102.98
8506,2435,Keyboard,3,2024-08-01,South,288.2
8507,1223,SSD,2,2025-12-28,South,477.39
8508,1219,Phone,1,2024-03-14,North,1445.42
8509,1178,SSD,4,2023-03-18,West,196.0
8510,2654,Monitor,4,2024-02-04,North,1240.56
8511,1432,SSD,4,2024-01-09,East,376.73
8512,1264,Webcam,2,2025-11-01,West,256.19
8513,1953,SSD,5,2025-01-27,East,457.1
8514,1428,Phone,2,2025-01-18,South,1249.45
8515,4733,Webcam,1,2025-02-02,East,80.8
8516,3463,SSD,2,2024-02-21,South,515.78
8517,4524,Keyboard,4,2023-07-26,North,255.88
8518,3774,Monitor,3,2023-12-07,South,1867.43
8519,3244,SSD,1,2024-12-21,East,586.07
8520,2577,Webcam,3,2023-11-07,East,130.93
8521,4124,Phone,1,2024-09-16,East,1401.58
8522,1479,Monitor,1,2023-03-24,North,1777.04
8523,4514,Headphones,4,2025-10-23,East,567.0
8524,2353,Headphones,2,2025-05-22,South,107.26
8525,4322,Mouse,4,2023-08-24,North,95.88
8526,4878,Headphones,4,2024-01-24,West,156.69
8527,1889,Phone,4,2024-01-28,South,2140.38
8528,4854,Keyboard,3,2025-01-16,South,236.78
8529,1924,Monitor,1,2023-01-30,West,1631.45
8530,3170,Webcam,5,2025-09-08,North,204.88
8531,2902,Laptop,2,2024-08-27,East,3218.74
8532,2410,Headphones,4,2023-10-10,East,230.93
8533,2362,Headphones,1,2023-08-26,North,280.45
8534,1777,Laptop,2,2024-12-31,West,4949.24
8535,3395,Webcam,5,2023-01-31,East,94.9
8536,1028,Webcam,5,2025-09-04,South,183.68
8537,4022,Laptop,4,2025-07-03,North,4369.77
8538,1034,Webcam,5,2023-07-26,West,202.35
8539,4589,Phone,5,2025-06-21,East,2414.97
8540,2419,Webcam,2,2024-08-05,East,186.29
8541,3670,Monitor,2,2024-04-04,West,1774.64
8542,4365,Webcam,4,2023-05-16,South,340.83
8543,1588,SSD,1,2025-09-04,East,154.14
8544,4420,SSD,4,2023-10-11,West,331.35
8545,4218,Headphones,3,2025-04-29,South,240.32
8546,4138,Keyboard,5,2023-12-17,East,169.9
8547,1903,Phone,1,2023-01-17,North,1586.71
8548,3567,Phone,2,2024-02-18,East,2339.4
8549,3169,Webcam,3,2023-01-06,East,138.75
8550,1339,Keyboard,3,2025-02-18,North,95.55
8551,1174,Keyboard,5,2023-03-28,North,77.02
8552,2923,Mouse,2,2023-07-08,South,155.57
8553,2714,Keyboard,1,2024-02-24,East,279.47
8554,1596,Webcam,2,2025-12-26,East,197.92
8555,1450,Webcam,5,2023-09-05,West,99.78
8556,1556,Laptop,3,2025-05-09,South,2468.06
8557,2159,Headphones,5,2023-07-26,West,151.19
8558,4926,SSD,4,2024-02-28,North,416.55
8559,4087,Mouse,3,2024-07-02,South,77.99
8560,2356,Webcam,5,2024-05-01,North,367.18
8561,4266,Laptop,1,2023-05-13,West,2486.85
8562,4567,Mouse,1,2023-04-25,South,188.13
8563,3056,Headphones,1,2024-01-12,South,266.37
8564,4899,Mouse,4,2025-09-03,South,177.44
8565,3381,Laptop,2,2023-07-30,East,4846.99
8566,4404,Monitor,1,2023-05-12,West,1979.55
8567,2016,SSD,4,2023-06-03,East,511.62
8568,3374,Webcam,1,2025-07-08,South,112.54
8569,3062,SSD,4,2025-08-09,West,174.92
8570,1838,Headphones,1,2025-03-16,West,469.86
8571,2637,Phone,2,2023-05-27,North,2324.97
8572,1225,Headphones,5,2024-12-15,East,183.03
8573,4496,Headphones,1,2023-08-19,South,570.53
8574,2813,Headphones,5,2024-03-26,East,405.11
8575,4479,Monitor,1,2025-06-25,East,686.01
8576,3160,Webcam,2,2025-12-08,South,133.45
8577,3020,Laptop,5,2023-04-17,West,2197.87
8578,2451,Webcam,4,2023-04-03,South,125.83
8579,3048,Phone,1,2025-04-08,East,2044.61
8580,3313,Laptop,1,2023-05-20,West,2656.3
8581,2514,Mouse,4,2023-01-11,North,125.48
8582,2231,Mouse,2,2024-03-23,South,152.58
8583,2645,Mouse,3,2025-07-15,North,182.2
8584,2735,Laptop,1,2024-01-30,East,3769.78
8585,3999,Keyboard,4,2024-01-13,West,192.43
8586,4440,Monitor,3,2023-12-27,North,1869.23
8587,1305,Keyboard,1,2024-11-13,North,123.73
8588,3059,Webcam,5,2025-10-13,South,145.18
8589,4416,Mouse,4,2024-10-03,East,178.38
8590,4536,Monitor,5,2024-07-26,East,611.78
8591,2723,Laptop,2,2025-09-23,South,2569.05
8592,2689,Mouse,3,2025-07-11,South,99.91
8593,2517,Laptop,4,2024-01-31,South,3083.75
8594,2391,Monitor,1,2023-07-05,North,1559.14
8595,4917,Laptop,1,2024-01-06,North,2275.42
8596,3984,Laptop,3,2024-08-30,North,3431.47
8597,1419,Phone,5,2023-10-09,East,2174.54
8598,3936,Webcam,5,2025-11-22,North,298.67
8599,4862,Keyboard,4,2023-03-23,South,207.91
8600,3218,SSD,4,2023-05-28,East,257.71
8601,1133,Keyboard,5,2025-08-22,West,148.41
8602,3030,Keyboard,4,2025-09-18,East,95.18
8603,4012,Headphones,5,2025-08-05,North,354.46
8604,2450,Phone,3,2024-05-09,West,1793.09
8605,4096,SSD,4,2024-12-23,North,434.03
8606,2553,Mouse,5,2024-12-03,South,178.91
8607,4261,Mouse,4,2025-10-27,West,40.51
8608,2164,Mouse,1,2025-04-05,East,96.01
8609,4626,Keyboard,1,2024-03-09,East,197.74
8610,2869,Webcam,2,2025-11-23,South,262.44
8611,2819,Keyboard,5,2024-07-16,North,55.43
8612,3705,SSD,2,2023-05-18,South,235.19
8613,4386,Webcam,5,2024-01-02,South,350.64
8614,4515,Phone,4,2023-04-16,North,1676.17
8615,2342,Webcam,5,2025-03-04,North,
8616,2464,SSD,1,2025-11-21,South,555.08
8617,4163,Laptop,4,2024-09-27,East,2224.86
8618,3226,Keyboard,1,2025-09-13,West,280.58
8619,2079,Mouse,4,2025-08-15,East,34.72
8620,2178,Laptop,5,2025-05-04,East,3688.01
8621,2695,Keyboard,5,2023-03-19,South,188.77
8622,1110,Monitor,1,2023-07-28,North,1458.6
8623,3184,Headphones,3,2023-01-08,North,114.81
8624,3279,Keyboard,5,2025-01-06,South,182.63
8625,4039,Monitor,3,2023-08-15,East,670.42
8626,1467,SSD,4,2023-06-24,West,220.19
8627,3779,Phone,3,2023-03-22,West,1166.1
8628,3528,Monitor,1,2025-12-16,North,1419.77
8629,4139,Phone,2,2023-08-26,West,1463.15
8630,1813,Keyboard,2,2025-11-15,South,71.33
8631,2272,Phone,1,2023-07-06,North,1291.32
8632,1993,Monitor,2,2024-09-21,South,614.93
8633,3031,Webcam,1,2025-10-10,East,292.52
8634,1322,Headphones,5,2025-03-25,East,378.73
8635,3969,Laptop,3,2024-09-05,South,3223.06
8636,1903,Laptop,2,2025-06-10,North,4783.03
8637,2541,Headphones,5,2023-06-27,North,359.36
8638,2999,Mouse,2,2025-09-11,North,180.88
8639,2815,Laptop,4,2023-10-07,West,3737.26
8640,4503,SSD,1,2025-03-08,West,319.56
8641,4558,Keyboard,1,2025-12-13,West,184.75
8642,3653,Mouse,-1,2023-03-08,South,55.82
8643,3476,Keyboard,4,2024-06-27,North,218.69
8644,4340,Monitor,3,2024-06-03,West,1973.2
8645,4780,SSD,4,2024-05-13,West,261.35
8646,4608,Monitor,4,2025-08-03,North,984.8
8647,1147,Mouse,3,2024-12-27,East,99.04
8648,2141,Mouse,3,2025-12-05,North,112.19
8649,1849,SSD,4,2025-11-24,West,473.6
8650,1366,SSD,2,2023-07-08,North,
8651,3897,Mouse,2,2025-08-04,West,81.42
8652,2089,Mouse,4,2023-05-16,North,121.57
8653,3038,Phone,2,2024-06-29,East,1802.28
8654,3860,Webcam,-1,2025-03-03,South,
8655,4441,Mouse,3,2024-07-08,South,104.03
8656,1174,SSD,2,2025-06-12,South,470.16
8657,2854,Webcam,3,2025-08-03,East,145.43
8658,1587,Mouse,1,2024-06-08,North,78.06
8659,1494,Monitor,3,2023-06-23,East,1166.73
8660,4020,Keyboard,4,2024-09-28,North,223.88
8661,2137,Webcam,5,2023-07-26,North,106.35
8662,4182,Monitor,2,2025-08-06,East,673.51
8663,2784,Laptop,2,2023-04-14,North,
8664,4510,SSD,3,2025-11-29,West,267.43
8665,4786,Phone,3,2025-11-12,East,2437.93
8666,2170,Phone,5,2023-10-17,East,2434.39
8667,1034,Keyboard,5,2024-07-20,North,221.49
8668,1998,Mouse,4,2025-08-21,North,151.87
8669,2332,Monitor,1,2025-04-17,West,1476.5
8670,3585,Laptop,4,2024-02-15,North,2531.99
8671,3797,Monitor,2,2025-05-31,West,1250.68
8672,2037,SSD,3,2025-06-04,North,506.86
8673,1373,SSD,4,2024-02-28,South,498.61
8674,3604,Mouse,3,2023-06-04,East,182.79
8675,2451,Mouse,3,2023-05-31,West,183.14
8676,2751,SSD,4,2023-07-31,North,267.67
8677,3280,Headphones,4,2025-05-30,North,460.86
8678,1704,SSD,5,2025-01-24,East,443.1
8679,1562,Monitor,1,2024-06-24,North,1828.75
8680,3986,Keyboard,5,2024-12-01,North,95.87
8681,3934,Monitor,1,2023-06-21,North,1609.69
8682,3773,Phone,4,2024-01-06,East,1519.66
8683,4734,Laptop,1,2025-07-01,East,3183.46
8684,4511,Webcam,2,2025-03-12,West,91.45
8685,4573,Keyboard,5,2023-09-13,North,290.37
8686,4346,Headphones,5,2025-09-16,North,437.88
8687,2873,Laptop,5,2024-11-06,South,3772.11
8688,3123,Laptop,3,2025-05-13,North,2753.5
8689,1438,Webcam,3,2024-02-20,South,290.7
8690,4803,Phone,4,2023-11-25,East,
8691,2883,Phone,4,2025-07-06,North,1077.59
8692,2979,Phone,3,2025-08-19,East,2472.47
8693,1698,Keyboard,5,2025-04-03,West,156.86
8694,2312,Monitor,3,2023-09-06,West,1967.34
8695,3962,Laptop,1,2025-01-14,South,3901.6
8696,2563,Monitor,-1,2023-11-04,South,986.16
8697,3938,Monitor,3,2024-07-26,South,1061.67
8698,1691,Phone,4,2025-03-08,West,
8699,3300,Monitor,3,2025-09-27,West,1002.17
8700,4197,Laptop,2,2025-01-30,West,3939.61
8701,2200,Laptop,3,2023-10-20,East,2049.82
8702,4108,Mouse,5,2024-02-14,North,194.5
8703,3457,Headphones,3,2023-07-17,West,484.26
8704,2634,Keyboard,4,2023-03-21,West,285.25
8705,2633,Monitor,1,2023-05-17,West,1576.31
8706,1126,Keyboard,2,2023-08-01,South,170.26
8707,2506,Keyboard,5,2024-09-10,South,97.43
8708,2191,Keyboard,4,2025-08-17,North,179.08
8709,3639,Webcam,2,2023-06-15,West,307.74
8710,1293,SSD,3,2024-03-05,West,534.38
8711,4916,Mouse,2,2023-05-01,North,85.1
8712,4709,Keyboard,1,2023-11-27,East,177.62
8713,2366,SSD,2,2025-12-27,North,428.99
8714,2019,SSD,2,2024-09-11,South,414.87
8715,3357,Mouse,3,2023-02-06,South,38.9
8716,3709,Laptop,3,2025-08-21,South,3450.18
8717,3575,Webcam,5,2025-04-24,South,
8718,3587,Monitor,3,2025-03-07,South,1703.46
8719,1418,Mouse,2,2023-10-13,East,116.21
8720,1443,Headphones,1,2025-06-05,South,576.18
8721,1684,SSD,3,2023-08-08,West,521.8
8722,4629,Keyboard,5,2025-10-27,East,234.33
8723,3887,SSD,5,2023-08-04,East,382.02
8724,3283,Webcam,2,2024-11-11,West,269.02
8725,2462,Headphones,3,2023-10-20,North,211.62
8726,3261,Laptop,3,2023-02-12,South,3597.22
8727,1084,Laptop,5,2024-11-23,North,3578.07
8728,3841,Phone,3,2025-08-16,South,1144.7
8729,2767,Keyboard,-1,2023-04-24,North,287.79
8730,1084,Phone,1,2025-07-09,East,1216.08
8731,2944,Webcam,2,2023-08-25,East,113.35
8732,4560,Headphones,3,2024-10-14,South,333.5
8733,3112,SSD,2,2023-06-07,South,458.73
8734,2669,Monitor,4,2025-06-26,North,792.73
8735,1662,Phone,4,2025-08-18,North,1110.92
8736,1626,Laptop,3,2025-05-02,East,2784.41
8737,1063,Keyboard,3,2025-06-04,North,125.68
8738,4414,SSD,1,2023-03-01,West,260.79
8739,3986,Headphones,2,2024-02-05,East,335.35
8740,4946,Mouse,1,2025-04-07,South,33.1
8741,1918,Webcam,3,2024-04-20,North,108.01
8742,2375,Webcam,3,2024-10-16,South,313.4
8743,2181,Laptop,5,2025-04-24,West,3237.02
8744,2612,Mouse,1,2025-07-12,West,91.25
8745,1490,Webcam,3,2024-09-29,North,83.34
8746,4729,Monitor,4,2024-10-10,East,947.33
8747,2878,SSD,5,2023-08-01,North,519.53
8748,4534,Keyboard,2,2025-09-16,South,135.09
8749,4296,SSD,5,2025-03-14,East,583.66
8750,2940,Monitor,-1,2023-05-08,West,1084.94
8751,1312,Webcam,4,2025-08-09,North,228.52
8752,3662,Monitor,2,2023-08-05,North,1702.86
8753,1918,SSD,1,2024-12-11,East,592.36
8754,2882,Webcam,2,2023-01-20,West,198.91
8755,1812,Keyboard,2,2025-12-19,East,79.98
8756,3987,Keyboard,5,2024-11-05,South,180.76
8757,2489,Mouse,4,2024-12-14,West,130.6
8758,4159,Monitor,2,2025-01-08,West,1939.18
8759,4954,Headphones,1,2024-07-10,East,306.96
8760,2326,Mouse,5,2023-07-16,West,45.44
8761,1679,Keyboard,4,2025-07-24,East,212.73
8762,1434,Laptop,4,2024-11-08,North,2063.34
8763,1681,Webcam,3,2024-05-18,North,216.13
8764,2158,Mouse,1,2025-01-07,East,99.64
8765,2073,Phone,5,2025-03-02,West,1233.19
8766,2455,Headphones,5,2023-07-16,West,582.15
8767,3387,Webcam,1,2025-02-19,North,209.09
8768,3394,Mouse,4,2025-01-13,North,182.1
8769,3693,Keyboard,2,2024-02-26,West,178.78
8770,2370,SSD,1,2024-03-07,East,519.24
8771,1648,Keyboard,5,2025-07-14,South,162.85
8772,1244,Headphones,1,2023-08-23,East,595.77
8773,3156,Phone,4,2023-11-23,North,1888.05
8774,4896,Mouse,3,2025-07-22,West,56.51
8775,4870,SSD,3,2024-04-23,West,152.89
8776,3580,Mouse,2,2024-03-03,West,187.91
8777,4161,Monitor,-1,2024-10-27,North,1530.2
8778,1295,Laptop,4,2025-05-07,West,2318.87
8779,3159,Keyboard,2,2024-10-03,East,
8780,4884,Mouse,3,2025-03-21,South,68.62
8781,2612,Mouse,4,2025-12-02,South,167.57
8782,4248,Webcam,4,2024-07-28,West,275.18
8783,3390,Webcam,4,2025-10-15,East,119.57
8784,4731,Mouse,1,2025-10-25,South,42.06
8785,3148,Phone,2,2025-03-13,West,1592.4
8786,4829,Laptop,5,2024-02-04,South,4810.68
8787,3676,Mouse,3,2024-08-17,West,125.99
8788,2627,Headphones,2,2023-04-27,East,479.55
8789,4472,Keyboard,3,2024-01-18,East,167.37
8790,1027,Monitor,2,2025-05-08,East,1076.12
8791,3984,Webcam,5,2023-03-23,North,343.11
8792,2985,Headphones,3,2025-04-11,West,331.69
8793,2560,Keyboard,5,2025-05-22,North,85.39
8794,1057,SSD,3,2024-10-14,East,273.53
8795,2521,Webcam,1,2025-01-03,North,259.64
8796,1296,Phone,1,2023-03-11,North,1484.38
8797,3181,Webcam,3,2024-01-22,East,
8798,4402,Laptop,3,2024-06-07,West,4006.29
8799,3296,Laptop,5,2023-10-24,South,3908.96
8800,4068,Keyboard,4,2024-09-08,North,128.51
8801,3597,Headphones,3,2024-12-19,East,279.71
8802,1901,Monitor,2,2025-12-24,East,1628.1
8803,2964,Phone,2,2023-06-27,North,2366.19
8804,2098,Keyboard,2,2025-10-28,East,131.05
8805,2677,SSD,1,2023-01-11,North,281.34
8806,3881,Phone,5,2025-02-23,South,1250.98
8807,2191,Laptop,1,2024-02-15,South,2424.52
8808,1770,Mouse,2,2025-06-10,East,94.12
8809,2526,Mouse,3,2024-08-29,South,117.72
8810,4956,Monitor,2,2023-06-04,South,1306.15
8811,2378,Phone,3,2024-08-21,East,1974.75
8812,2248,Keyboard,-1,2025-04-03,East,63.14
8813,4735,Monitor,4,2023-12-16,East,1342.11
8814,2554,Webcam,3,2025-07-31,South,161.6
8815,1145,Webcam,1,2023-01-19,East,156.52
8816,2983,SSD,2,2023-11-09,West,505.38
8817,2264,Headphones,2,2025-07-15,North,176.74
8818,2907,Mouse,2,2024-06-11,South,85.95
8819,3940,Keyboard,3,2024-07-10,East,209.41
8820,3391,Phone,5,2024-03-20,East,1892.88
8821,2772,Monitor,3,2023-08-19,East,572.13
8822,2058,Keyboard,1,2024-09-16,East,68.14
8823,3749,Monitor,2,2025-10-07,South,
8824,3048,Monitor,3,2025-06-07,East,1929.73
8825,3019,Monitor,2,2023-12-25,North,1997.75
8826,1152,Phone,1,2023-02-13,North,2478.09
8827,3476,Keyboard,4,2025-05-26,West,137.9
8828,1507,Laptop,4,2023-08-11,West,2725.43
8829,4197,Laptop,4,2025-06-20,East,2295.95
8830,1490,Phone,2,2023-09-28,South,1353.91
8831,4553,Webcam,3,2023-07-31,East,168.59
8832,1344,Phone,2,2023-09-04,East,1780.55
8833,2935,Mouse,5,2025-08-05,East,92.69
8834,2761,Monitor,3,2025-03-31,East,847.29
8835,1220,Keyboard,1,2023-03-13,North,203.14
8836,2938,Keyboard,4,2023-10-22,North,130.77
8837,2942,Headphones,3,2023-06-20,East,276.82
8838,1722,Headphones,3,2023-09-03,West,399.22
8839,4096,SSD,4,2024-09-08,West,203.2
8840,1527,Laptop,1,2023-08-28,East,4322.75
8841,4253,Headphones,2,2023-11-07,North,582.72
8842,2522,Headphones,2,2024-02-02,South,345.41
8843,3888,Laptop,3,2025-07-11,North,3679.58
8844,2664,Mouse,4,2025-03-02,East,95.39
8845,4113,Webcam,5,2023-01-22,South,386.15
8846,4986,Laptop,1,2025-03-23,East,2398.83
8847,1480,Webcam,2,2025-06-22,West,340.33
8848,3977,SSD,1,2025-04-11,South,442.69
8849,2871,Headphones,1,2025-11-10,South,495.75
8850,4819,Keyboard,1,2024-05-21,North,287.61
8851,3919,Headphones,4,2023-06-09,North,348.08
8852,2462,Monitor,4,2025-01-13,East,932.5
8853,2425,SSD,4,2025-03-23,East,500.78
8854,4617,Webcam,3,2023-06-29,East,350.26
8855,1344,Webcam,4,2023-08-01,West,299.6
8856,4964,Monitor,3,2024-06-13,South,1773.5
8857,1044,Monitor,2,2023-01-27,East,1595.49
8858,4717,Mouse,2,2025-07-27,East,192.77
8859,3068,Phone,2,2025-05-19,North,1770.16
8860,2657,Monitor,2,2024-03-13,South,1070.71
8861,4141,Webcam,2,2023-10-12,East,297.77
8862,2887,Keyboard,4,2024-10-22,North,67.28
8863,3920,Webcam,5,2024-10-10,West,239.49
8864,3095,Webcam,4,2023-07-08,North,327.49
8865,2514,Mouse,5,2024-04-23,North,58.72
8866,3598,Phone,4,2024-08-25,North,1480.69
8867,3334,Phone,2,2025-10-11,East,1395.49
8868,2001,Monitor,1,2024-05-31,South,1002.45
8869,2033,SSD,5,2025-07-04,South,442.78
8870,3589,Headphones,1,2023-08-18,North,348.75
8871,3040,Webcam,2,2025-05-18,North,335.14
8872,3803,Laptop,5,2025-01-28,North,2173.55
8873,1273,Headphones,1,2023-02-03,North,326.95
8874,1955,Headphones,4,2023-10-23,East,107.0
8875,3647,Phone,2,2024-03-28,East,1175.46
8876,2779,Phone,4,2023-05-22,South,2118.14
8877,1380,Mouse,4,2024-10-09,North,48.03
8878,2352,Mouse,2,2023-05-08,West,47.95
8879,1478,Phone,5,2025-04-14,East,1482.45
8880,3062,Keyboard,3,2025-07-13,West,244.24
8881,1515,Keyboard,3,2024-12-30,North,209.51
8882,1190,Laptop,2,2024-04-07,North,4345.27
8883,2191,Phone,-1,2024-07-17,East,884.23
8884,4592,Monitor,1,2024-05-28,North,1345.59
8885,3668,Mouse,5,2023-01-01,South,107.06
8886,2160,Phone,4,2025-12-14,North,2323.24
8887,3201,Keyboard,4,2023-12-04,North,234.33
8888,2411,Phone,2,2025-06-26,North,1521.38
8889,4280,Keyboard,4,2025-03-28,East,188.46
8890,1271,Phone,1,2025-10-30,East,1522.22
8891,1142,Webcam,1,2023-12-11,North,221.17
8892,4682,Monitor,2,2025-09-03,North,1451.12
8893,2912,SSD,4,2025-06-01,East,247.44
8894,4891,Laptop,3,2023-07-17,South,2999.55
8895,2092,Webcam,3,2025-11-03,East,169.33
8896,3294,Monitor,5,2025-05-21,East,1701.2
8897,4332,Keyboard,2,2024-06-25,North,285.49
8898,1787,Mouse,5,2024-04-01,South,100.43
8899,3126,Mouse,3,2025-01-19,East,43.11
8900,2681,Headphones,3,2024-01-01,South,146.78
8901,1622,Monitor,3,2024-02-05,North,1099.38
8902,4841,Phone,5,2024-07-27,South,1471.47
8903,4676,Laptop,2,2024-04-26,West,2438.47
8904,3572,Phone,1,2023-04-20,West,2172.11
8905,3819,Phone,1,2025-10-15,East,1650.23
8906,1937,Monitor,3,2024-02-10,South,663.59
8907,4692,SSD,2,2023-11-05,South,194.42
8908,4401,Laptop,2,2023-06-09,North,3337.89
8909,4260,Headphones,4,2025-04-23,North,158.42
8910,2118,Webcam,4,2023-02-24,South,259.58
8911,1616,Phone,5,2025-01-30,East,1454.53
8912,2031,Laptop,4,2023-09-13,North,4759.02
8913,1066,Headphones,5,2024-06-17,West,309.46
8914,4567,Webcam,1,2024-02-26,North,276.62
8915,1190,Phone,3,2025-08-03,East,2179.3
8916,4437,Laptop,2,2025-08-19,East,2908.63
8917,3815,Webcam,1,2025-03-23,North,243.8
8918,1520,Monitor,1,2025-06-05,North,681.41
8919,1989,SSD,5,2023-09-21,North,344.75
8920,2140,Mouse,3,2025-01-17,West,93.89
8921,3314,Mouse,5,2025-04-12,South,102.79
8922,2634,Phone,1,2023-08-21,North,982.6
8923,3532,Phone,2,2024-11-10,West,1477.28
8924,4580,Webcam,4,2023-08-21,East,358.49
8925,4369,Laptop,5,2025-12-04,North,4811.17
8926,4980,Mouse,1,2024-07-11,South,71.09
8927,2187,Phone,4,2025-07-01,South,1310.85
8928,1375,Headphones,4,2024-11-11,North,104.78
8929,1652,Phone,1,2023-12-01,South,996.49
8930,4339,Mouse,3,2024-02-08,North,88.67
8931,1548,Keyboard,1,2023-09-13,East,221.28
8932,2097,SSD,2,2025-12-25,North,281.49
8933,4579,Mouse,4,2025-10-16,North,42.82
8934,1072,Headphones,2,2025-07-29,West,465.43
8935,3355,Laptop,5,2025-02-10,South,3400.3
8936,1198,Headphones,4,2025-08-03,North,359.6
8937,4201,Keyboard,3,2023-11-07,East,131.51
8938,2781,Keyboard,1,2024-11-12,West,203.26
8939,4895,Phone,5,2023-05-09,North,2314.32
8940,1571,Phone,2,2025-02-19,East,1741.39
8941,1790,Mouse,5,2023-11-22,East,129.88
8942,2638,Monitor,3,2025-02-28,East,1060.34
8943,2831,SSD,1,2023-01-17,East,187.18
8944,2855,Headphones,5,2024-11-29,East,314.27
8945,2510,Mouse,2,2025-10-05,West,187.19
8946,4924,Monitor,5,2023-12-08,West,1520.32
8947,2174,Mouse,1,2025-09-29,North,113.34
8948,4740,SSD,5,2025-04-17,West,429.4
8949,4277,SSD,2,2024-09-19,South,401.34
8950,1178,Keyboard,1,2025-02-09,East,278.1
8951,3244,Phone,3,2025-05-27,West,1180.54
8952,1734,Phone,3,2024-12-10,South,2310.77
8953,3136,SSD,4,2025-04-28,North,459.81
8954,1798,Mouse,5,2025-01-08,West,51.72
8955,4505,SSD,2,2023-06-26,North,317.36
8956,1787,Phone,5,2025-08-03,South,1541.71
8957,3795,Laptop,1,2023-12-23,East,2248.8
8958,4254,Mouse,4,2024-05-09,North,124.21
8959,1208,Keyboard,2,2023-02-04,West,114.84
8960,1492,Webcam,5,2025-03-28,North,226.6
8961,4201,Mouse,2,2023-01-10,West,104.59
8962,3712,Mouse,1,2025-09-12,West,118.68
8963,4084,Phone,4,2024-06-14,East,2238.55
8964,2657,Keyboard,2,2023-04-05,East,245.19
8965,3918,Mouse,1,2024-07-29,East,178.41
8966,1731,Phone,3,2024-03-25,South,1772.99
8967,2129,SSD,2,2025-10-14,South,427.11
8968,4446,Headphones,4,2023-04-06,West,315.24
8969,2605,Keyboard,2,2025-05-14,East,229.3
8970,4778,Monitor,2,2024-10-30,West,807.34
8971,3745,Laptop,1,2023-07-26,East,3425.55
8972,4170,Monitor,5,2025-04-29,South,1571.26
8973,1593,Webcam,5,2023-09-03,North,328.92
8974,4658,SSD,2,2025-06-02,South,261.58
8975,3933,Keyboard,4,2023-03-24,West,95.39
8976,3899,Mouse,4,2023-11-13,East,79.05
8977,2215,Phone,1,2024-10-06,East,2364.26
8978,1324,Webcam,2,2024-01-05,East,121.32
8979,1978,Keyboard,2,2025-01-18,North,288.27
8980,2749,Laptop,5,2024-09-21,North,4984.44
8981,2850,Keyboard,1,2023-06-29,South,245.86
8982,4003,Webcam,3,2024-08-24,South,323.34
8983,2490,Phone,4,2024-08-22,North,2420.59
8984,1893,Monitor,4,2025-04-20,North,935.8
8985,2390,Headphones,2,2023-12-14,West,164.49
8986,4389,Monitor,1,2023-11-27,East,1734.65
8987,1143,Phone,3,2024-09-01,South,1090.58
8988,1383,Webcam,4,2025-01-13,East,94.53
8989,3263,Phone,1,2024-07-22,North,1133.98
8990,4432,SSD,3,2024-01-24,East,347.06
8991,3371,Laptop,2,2025-08-28,North,3485.31
8992,4086,Keyboard,5,2025-01-16,West,65.63
8993,1216,SSD,4,2023-05-17,North,349.53
8994,2515,Keyboard,4,2023-10-09,West,201.08
8995,3998,Monitor,3,2025-10-15,East,1897.71
8996,4618,Webcam,5,2025-01-13,East,152.74
8997,3230,Headphones,1,2024-06-14,West,205.49
8998,3317,Headphones,2,2023-01-16,North,294.71
8999,3992,Laptop,1,2025-10-01,North,4950.96
9000,2490,Phone,3,2024-07-21,South,1371.58
9001,3917,Laptop,4,2025-12-27,West,2131.6
9002,2635,Keyboard,4,2023-01-30,North,116.4
9003,4590,Mouse,1,2024-10-25,North,124.91
9004,4613,Mouse,2,2025-09-25,South,100.13
9005,3514,Mouse,3,2025-05-24,East,161.62
9006,3352,Phone,2,2023-01-22,North,1832.36
9007,2167,Laptop,3,2025-11-19,South,3678.37
9008,1110,SSD,2,2025-08-13,South,295.35
9009,2013,Webcam,1,2024-10-21,North,256.59
9010,1231,Monitor,5,2025-12-08,East,1423.39
9011,2714,Keyboard,3,2023-11-21,South,94.8
9012,4655,Mouse,1,2023-06-30,West,155.1
9013,4793,Webcam,4,2023-05-02,East,205.74
9014,2755,Headphones,4,2023-05-04,North,471.14
9015,4663,SSD,2,2023-09-23,East,229.97
9016,4571,Laptop,4,2023-01-28,West,3969.56
9017,3642,Keyboard,5,2023-03-18,South,56.72
9018,2577,Keyboard,3,2024-03-07,South,89.74
9019,2296,Headphones,2,2025-05-28,East,545.56
9020,4774,SSD,3,2025-06-12,North,357.66
9021,3220,Headphones,3,2025-11-24,East,353.93
9022,1972,Headphones,1,2024-03-11,East,553.79
9023,2030,Mouse,4,2025-12-21,South,112.44
9024,4226,SSD,3,2023-02-21,North,444.56
9025,4593,Mouse,5,2023-04-26,West,67.73
9026,3593,Laptop,5,2023-02-16,North,2244.72
9027,3595,Headphones,4,2024-03-13,South,276.68
9028,4992,Monitor,4,2023-04-11,East,1698.02
9029,1517,Keyboard,2,2023-04-17,North,161.71
9030,4991,SSD,2,2025-09-09,West,225.67
9031,1913,Headphones,2,2025-11-24,East,372.55
9032,3262,SSD,4,2025-09-27,East,268.73
9033,3181,Keyboard,3,2023-12-25,South,286.67
9034,3332,Phone,1,2025-06-05,West,1781.6
9035,4197,Webcam,2,2025-03-10,West,394.55
9036,2944,Phone,1,2025-10-22,South,873.22
9037,2462,Headphones,5,2024-03-10,East,105.78
9038,2872,Keyboard,4,2024-08-26,South,169.27
9039,3733,Webcam,5,2024-07-19,South,355.84
9040,4223,Phone,2,2025-07-04,North,1691.49
9041,3378,Headphones,3,2023-08-16,East,538.09
9042,4609,Keyboard,2,2024-06-28,West,82.64
9043,4454,Headphones,1,2024-10-09,East,449.66
9044,4186,Mouse,2,2023-09-05,East,142.18
9045,3941,Keyboard,3,2025-12-12,West,186.24
9046,4553,Phone,3,2023-11-10,West,1488.68
9047,2307,Headphones,4,2023-02-06,East,423.53
9048,1898,SSD,4,2024-12-24,West,397.54
9049,2098,Phone,3,2025-09-06,North,1263.46
9050,2189,Headphones,3,2023-03-25,North,152.31
9051,2212,SSD,1,2025-06-18,North,323.99
9052,3125,SSD,2,2024-12-19,North,380.6
9053,3994,Laptop,4,2024-07-03,South,3525.55
9054,4673,SSD,1,2024-12-15,West,341.51
9055,1687,Phone,2,2024-08-09,East,
9056,3068,Phone,4,2023-06-01,East,1395.84
9057,1565,Monitor,1,2025-11-27,South,898.77
9058,2207,Webcam,5,2023-06-14,East,265.57
9059,2894,Mouse,5,2025-07-26,South,174.48
9060,4293,Phone,4,2023-07-31,East,2295.47
9061,1826,Keyboard,1,2024-06-09,East,298.43
9062,2351,Webcam,2,2025-01-11,East,108.42
9063,3226,SSD,2,2023-05-12,South,246.42
9064,2811,Headphones,1,2023-04-06,West,465.1
9065,4183,Laptop,5,2025-10-09,North,3935.72
9066,4807,Keyboard,1,2024-06-05,South,83.47
9067,4797,Webcam,5,2024-01-09,West,281.93
9068,2082,Keyboard,5,2025-11-05,West,151.62
9069,2350,Keyboard,2,2024-08-30,North,289.21
9070,3952,Keyboard,4,2023-01-18,East,263.81
9071,2644,Webcam,3,2025-10-27,South,103.44
9072,4968,Laptop,-1,2025-09-04,North,2269.97
9073,3716,SSD,5,2025-05-28,East,337.68
9074,1190,Monitor,1,2024-08-16,South,512.56
9075,2223,Mouse,4,2024-10-04,East,46.05
9076,2335,SSD,4,2023-05-09,North,569.67
9077,1707,Phone,3,2025-03-11,West,2147.13
9078,4106,Webcam,3,2024-03-30,East,
9079,1378,Keyboard,5,2025-05-25,East,257.56
9080,1386,SSD,3,2024-07-24,East,262.52
9081,4829,Phone,5,2025-12-31,West,2033.46
9082,3284,Webcam,2,2025-10-10,West,276.98
9083,1615,Phone,5,2024-02-05,East,2242.7
9084,2542,Keyboard,3,2024-04-06,East,120.67
9085,3330,Monitor,1,2023-03-30,East,
9086,3048,Webcam,3,2025-04-02,South,352.85
9087,2754,Phone,4,2023-01-06,North,1733.31
9088,1463,Headphones,-1,2025-08-02,South,306.89
9089,4301,Phone,2,2023-03-25,East,2412.71
9090,1966,Mouse,5,2025-12-31,North,58.72
9091,1171,Keyboard,4,2024-09-12,East,59.07
9092,4158,Laptop,5,2023-06-21,South,2537.42
9093,4624,Phone,5,2024-11-29,East,1961.87
9094,2146,Monitor,3,2023-09-30,West,1683.42
9095,1842,Headphones,1,2024-06-13,North,458.41
9096,2321,Headphones,4,2023-11-15,East,309.93
9097,2908,Laptop,2,2024-03-04,East,4902.72
9098,1689,SSD,2,2025-04-26,North,349.94
9099,3622,Mouse,1,2023-09-06,East,196.82
9100,2507,Laptop,1,2024-01-22,South,4754.35
9101,3212,Mouse,3,2023-12-29,South,99.21
9102,3024,Phone,2,2023-03-09,South,1073.71
9103,2722,Keyboard,4,2024-03-13,West,72.46
9104,1382,Monitor,1,2025-10-12,West,1297.21
9105,3256,Headphones,1,2023-10-23,West,481.6
9106,4810,Laptop,1,2024-10-08,West,2528.14
9107,4503,Monitor,4,2023-02-02,North,977.32
9108,2412,Mouse,2,2023-02-01,South,137.19
9109,2583,Keyboard,4,2024-07-08,West,165.22
9110,3271,Headphones,4,2023-11-01,East,401.93
9111,3050,Headphones,3,2025-03-03,South,438.18
9112,1371,Mouse,1,2023-04-06,East,94.72
9113,2710,Keyboard,2,2025-12-25,North,246.49
9114,2469,Headphones,3,2024-06-04,East,451.43
9115,1610,Keyboard,3,2023-08-18,East,221.89
9116,1115,Headphones,5,2025-01-02,East,174.74
9117,4341,Phone,1,2023-12-24,East,1606.2
9118,1446,Mouse,2,2024-02-06,West,128.12
9119,2391,Keyboard,2,2025-02-28,North,106.6
9120,4324,Monitor,2,2023-04-09,East,1637.85
9121,2340,SSD,1,2023-09-28,East,204.49
9122,1414,Phone,2,2023-12-28,East,1054.76
9123,4166,Webcam,4,2024-06-11,South,212.26
9124,2808,Monitor,4,2025-11-10,West,703.02
9125,3939,Mouse,1,2024-06-23,South,31.98
9126,2047,Headphones,2,2024-08-17,North,305.7
9127,4699,Webcam,5,2025-04-12,East,287.54
9128,3710,Monitor,-1,2024-02-01,North,1242.71
9129,2873,Phone,5,2025-11-25,South,888.71
9130,2073,Webcam,4,2024-05-09,North,154.39
9131,4573,Webcam,5,2023-11-10,East,247.79
9132,1717,Keyboard,2,2024-05-04,South,234.52
9133,4569,Laptop,2,2023-08-21,North,4381.75
9134,2358,Monitor,5,2025-10-26,East,1279.05
9135,4150,Laptop,3,2024-10-25,South,3938.38
9136,2605,Mouse,5,2023-09-01,South,183.58
9137,4098,Monitor,3,2023-08-29,West,597.8
9138,3318,Monitor,1,2024-07-11,East,648.76
9139,1561,Keyboard,1,2023-03-16,East,164.47
9140,3851,Headphones,2,2023-10-10,South,404.87
9141,3294,Phone,4,2023-03-28,East,807.88
9142,4847,Phone,2,2025-05-30,East,
9143,4662,Phone,2,2025-07-18,North,1093.69
9144,1386,SSD,4,2023-06-09,East,
9145,1701,Mouse,2,2024-03-21,East,75.52
9146,3606,Webcam,4,2023-03-23,South,368.62
9147,1972,Headphones,2,2025-10-27,East,131.92
9148,2384,Laptop,1,2023-07-01,South,4427.62
9149,4937,Phone,3,2025-05-19,East,1466.96
9150,1983,SSD,2,2025-08-23,East,535.72
9151,2511,Laptop,3,2024-04-22,North,4445.37
9152,1351,Headphones,5,2023-07-02,East,219.65
9153,2724,Mouse,2,2023-06-23,West,38.6
9154,2951,Headphones,1,2023-01-14,South,447.76
9155,2279,Keyboard,4,2023-03-14,West,101.1
9156,4293,Webcam,1,2024-05-28,South,377.76
9157,2907,Phone,3,2024-08-24,West,914.29
9158,1752,Mouse,4,2023-12-09,North,85.08
9159,3828,Keyboard,1,2023-11-29,North,53.16
9160,2024,Phone,1,2023-12-21,North,1338.93
9161,1545,Headphones,1,2025-04-26,West,370.63
9162,2469,Headphones,4,2023-06-12,East,427.43
9163,1078,SSD,1,2023-04-26,East,476.9
9164,2259,Monitor,1,2025-10-28,West,1750.18
9165,3381,Monitor,3,2025-11-12,North,666.18
9166,1888,Headphones,1,2025-03-01,South,480.94
9167,4420,Headphones,1,2024-06-26,East,239.18
9168,4169,Laptop,5,2024-02-18,South,2414.74
9169,2105,SSD,4,2024-11-12,North,269.54
9170,3549,Webcam,5,2024-10-03,East,354.56
9171,2990,Laptop,3,2024-10-30,South,3882.18
9172,2500,Webcam,5,2023-01-22,North,271.16
9173,4998,Keyboard,2,2025-08-26,North,196.16
9174,4775,Monitor,4,2023-11-26,North,1112.94
9175,3812,Monitor,1,2025-11-11,East,1125.51
9176,1920,SSD,5,2025-06-20,North,216.75
9177,1549,Headphones,5,2024-12-24,South,266.31
9178,3061,Headphones,1,2023-09-09,East,
9179,1391,Keyboard,1,2023-07-24,West,201.5
9180,4418,Mouse,3,2025-04-11,East,42.18
9181,3357,Mouse,5,2025-03-01,East,86.75
9182,3433,SSD,5,2025-12-20,East,302.74
9183,4280,Mouse,2,2024-04-09,East,117.56
9184,2380,Monitor,2,2024-01-29,West,1565.05
9185,1973,Laptop,5,2025-10-17,West,3905.7
9186,4672,Mouse,2,2024-10-21,East,127.05
9187,4639,Phone,5,2025-06-30,South,1295.41
9188,4165,SSD,4,2024-06-13,East,527.58
9189,4164,Keyboard,3,2025-11-24,North,246.32
9190,1339,Mouse,2,2023-02-26,West,61.21
9191,3644,Phone,5,2024-06-05,East,1913.72
9192,4516,Mouse,2,2023-12-27,East,184.13
9193,1756,Laptop,3,2023-08-22,North,3306.8
9194,2045,Laptop,4,2023-08-11,North,4774.31
9195,3338,Mouse,1,2023-11-23,North,33.73
9196,4556,SSD,1,2025-04-15,North,382.31
9197,4855,SSD,2,2024-05-03,East,265.32
9198,3353,Phone,5,2024-04-22,North,1245.67
9199,3681,Keyboard,3,2025-09-11,West,269.39
9200,4199,Phone,4,2025-03-02,South,1329.55
9201,3672,Keyboard,4,2024-05-26,South,55.83
9202,1938,Mouse,4,2025-10-09,East,121.75
9203,4344,Keyboard,1,2024-01-17,North,292.72
9204,1847,Headphones,3,2024-03-27,West,139.55
9205,1441,Monitor,1,2023-08-02,South,929.45
9206,3550,Webcam,2,2024-07-18,North,230.24
9207,1129,Monitor,4,2025-01-01,North,1745.72
9208,4203,Laptop,3,2024-03-14,South,2806.69
9209,1596,Headphones,4,2025-01-24,East,271.84
9210,2958,Monitor,1,2024-09-20,South,1076.74
9211,2505,Mouse,1,2025-06-21,East,94.54
9212,1861,Keyboard,1,2025-12-01,East,100.09
9213,4461,Keyboard,4,2024-01-30,East,278.92
9214,3640,Phone,3,2023-09-04,South,2147.95
9215,1998,Phone,3,2025-06-23,East,2458.59
9216,3372,SSD,2,2023-09-05,North,316.95
9217,4140,Keyboard,4,2024-08-21,East,61.32
9218,4731,SSD,2,2025-05-14,North,201.98
9219,3495,Mouse,2,2023-03-25,North,90.77
9220,2551,Keyboard,2,2025-02-11,East,277.77
9221,3866,Phone,2,2023-02-20,East,2467.84
9222,2640,Monitor,1,2024-07-03,North,1733.0
9223,4236,SSD,2,2025-02-09,North,257.29
9224,2511,SSD,3,2025-09-07,West,446.86
9225,2736,Laptop,2,2024-04-09,South,3789.82
9226,3756,Phone,1,2024-02-23,North,2199.53
9227,2449,Mouse,5,2023-03-28,North,116.66
9228,4768,SSD,5,2023-09-16,East,293.16
9229,2857,Monitor,5,2023-11-07,East,528.92
9230,1264,Monitor,4,2023-06-22,North,1692.54
9231,4946,Monitor,3,2025-07-28,East,1295.37
9232,3659,Headphones,1,2024-05-19,East,367.09
9233,4413,Headphones,5,2023-11-25,East,578.53
9234,3879,Webcam,1,2023-07-15,West,
9235,4797,Monitor,1,2023-03-03,North,973.7
9236,4349,SSD,4,2025-11-14,West,
9237,3721,Mouse,5,2024-07-15,West,32.0
9238,2462,Keyboard,2,2025-06-15,South,80.59
9239,1156,Mouse,1,2025-12-11,West,37.45
9240,2445,Headphones,5,2025-04-23,East,221.63
9241,3298,Phone,1,2023-02-09,West,909.91
9242,3925,SSD,4,2024-12-28,East,299.0
9243,2632,Webcam,4,2024-04-01,North,120.36
9244,3577,Headphones,2,2025-05-27,East,558.96
9245,3374,Keyboard,4,2025-02-26,North,284.6
9246,4008,Laptop,5,2023-01-02,North,3810.37
9247,1894,Webcam,4,2023-08-04,East,337.76
9248,3144,Headphones,2,2025-02-15,West,438.61
9249,1512,Mouse,3,2024-11-09,East,167.89
9250,1215,Webcam,1,2024-02-18,East,284.74
9251,4203,SSD,1,2023-07-29,North,343.59
9252,4331,Mouse,5,2025-12-17,East,178.54
9253,3172,Monitor,2,2023-02-12,East,1157.1
9254,4153,Monitor,2,2023-05-18,North,1094.32
9255,4354,Monitor,2,2024-09-29,North,1436.57
9256,2706,Webcam,1,2024-04-13,East,380.14
9257,3106,Laptop,4,2024-12-26,South,3326.61
9258,2567,Keyboard,1,2023-07-21,South,193.74
9259,3208,SSD,1,2023-07-11,West,371.55
9260,3331,Webcam,1,2023-04-17,West,371.11
9261,3153,Phone,4,2023-11-23,East,1950.47
9262,2128,SSD,3,2025-01-19,East,338.82
9263,4510,Mouse,5,2024-10-05,North,133.17
9264,1227,Mouse,3,2023-12-23,North,56.53
9265,4771,Webcam,3,2024-08-17,West,189.42
9266,4653,Webcam,1,2024-05-15,East,315.58
9267,3365,Keyboard,3,2024-04-12,East,190.6
9268,2487,Laptop,-1,2024-05-22,North,
9269,1801,Webcam,1,2023-04-16,West,195.94
9270,2622,Monitor,5,2025-12-25,North,
9271,2905,Keyboard,2,2023-07-14,North,185.22
9272,3921,Phone,1,2023-02-16,North,1205.89
9273,1471,Monitor,3,2025-10-05,East,945.22
9274,2079,Phone,5,2024-06-20,East,1595.4
9275,3672,Headphones,3,2025-04-26,East,481.42
9276,3060,Phone,2,2024-12-09,North,2495.65
9277,4511,Monitor,4,2025-03-18,West,778.64
9278,2041,Headphones,2,2024-09-03,West,477.46
9279,3741,Monitor,5,2023-04-25,North,1425.83
9280,4020,Mouse,2,2024-11-10,West,120.3
9281,3160,Monitor,2,2024-09-22,West,1949.69
9282,1228,Headphones,5,2023-08-07,South,261.38
9283,1170,Phone,5,2023-07-16,North,1100.86
9284,1294,Mouse,3,2024-02-05,West,179.19
9285,1188,Laptop,1,2025-01-18,North,2206.07
9286,1425,Laptop,4,2024-11-11,North,4451.36
9287,1976,SSD,4,2023-03-17,East,415.16
9288,2102,Laptop,-1,2023-10-14,East,2492.01
9289,3705,Laptop,2,2025-05-10,East,2682.09
9290,1918,Keyboard,5,2025-01-11,East,88.96
9291,4253,Laptop,5,2023-10-21,East,4155.02
9292,1498,Headphones,5,2025-03-19,South,173.66
9293,2821,Webcam,1,2025-06-04,South,298.04
9294,3809,Laptop,5,2024-02-18,South,2384.45
9295,1865,Monitor,5,2024-03-06,West,1703.4
9296,1825,Webcam,2,2023-06-20,West,374.24
9297,4779,Laptop,3,2024-06-27,South,3677.94
9298,2858,Webcam,4,2025-09-15,North,389.18
9299,3118,Phone,2,2023-03-13,West,1463.65
9300,3295,Headphones,2,2025-10-19,North,222.3
9301,1145,Headphones,2,2024-06-15,North,188.65
9302,2641,SSD,4,2023-08-27,West,365.53
9303,4846,Webcam,2,2024-12-11,East,121.84
9304,2319,SSD,3,2024-07-30,South,544.11
9305,3629,Mouse,5,2024-12-13,West,163.41
9306,1469,Keyboard,3,2024-10-03,West,190.53
9307,4577,Monitor,5,2024-08-12,South,1582.19
9308,1192,Webcam,5,2023-07-09,West,96.0
9309,2091,Headphones,2,2025-03-22,East,201.76
9310,3541,SSD,2,2025-10-11,North,429.55
9311,4888,Phone,4,2024-09-16,West,1611.7
9312,1051,Laptop,1,2024-09-20,North,3813.87
9313,3929,Headphones,3,2025-06-07,South,144.48
9314,3410,Phone,4,2025-11-24,South,1909.12
9315,2820,Laptop,4,2025-02-22,East,4410.85
9316,3964,Keyboard,3,2024-11-01,North,186.57
9317,3521,Headphones,3,2024-12-22,West,278.7
9318,2869,SSD,5,2024-06-09,East,228.59
9319,3568,Headphones,1,2024-06-20,North,232.68
9320,2786,Webcam,2,2025-04-26,East,247.21
9321,2454,Webcam,1,2025-09-22,East,161.77
9322,2867,Phone,1,2025-07-02,South,2122.51
9323,4369,SSD,2,2023-06-27,North,209.28
9324,4506,Mouse,1,2023-10-03,East,117.79
9325,4767,Webcam,4,2023-11-08,North,238.71
9326,3738,Monitor,4,2025-03-01,West,708.34
9327,4269,Keyboard,2,2024-11-28,North,298.75
9328,4199,Monitor,2,2023-01-27,South,1734.7
9329,3579,Headphones,3,2025-07-01,South,293.27
9330,3007,Monitor,3,2024-02-26,East,1527.36
9331,2434,Laptop,1,2025-11-03,North,4149.74
9332,1839,Keyboard,1,2024-05-15,North,212.79
9333,4136,Monitor,2,2025-06-26,North,1148.73
9334,4765,Laptop,1,2023-11-21,East,4655.33
9335,1240,Phone,5,2023-10-12,North,2111.64
9336,4440,Monitor,4,2025-12-04,North,1313.03
9337,1535,Keyboard,1,2024-05-12,North,50.64
9338,2407,Laptop,1,2025-06-30,West,2670.12
9339,4502,Monitor,3,2023-05-25,West,1263.24
9340,1082,Phone,5,2025-08-05,East,2328.18
9341,1981,Monitor,1,2023-03-23,South,1442.93
9342,4902,Laptop,4,2025-09-06,North,3253.59
9343,4768,Monitor,1,2024-05-02,South,
9344,1950,Keyboard,2,2023-03-23,South,199.32
9345,4899,Headphones,5,2023-04-04,South,275.38
9346,1610,SSD,1,2023-12-09,South,391.82
9347,1573,SSD,5,2025-03-07,South,494.9
9348,3333,Laptop,1,2023-12-27,North,4411.22
9349,1988,Laptop,4,2025-12-25,North,4592.83
9350,4605,Laptop,4,2024-09-15,North,3908.14
9351,1458,Laptop,5,2025-05-17,North,4716.85
9352,4283,Monitor,3,2024-03-04,North,1535.94
9353,3173,Keyboard,3,2023-06-20,North,245.98
9354,4484,SSD,2,2024-07-31,North,458.47
9355,2522,Phone,3,2023-03-09,North,2282.17
9356,3472,SSD,5,2025-11-23,North,250.3
9357,3601,Keyboard,3,2023-01-01,North,239.97
9358,3657,Laptop,-1,2023-05-31,South,2351.47
9359,2984,Mouse,1,2025-06-20,East,45.64
9360,2566,Monitor,3,2023-09-15,West,1237.43
9361,4229,Mouse,5,2025-01-19,West,81.04
9362,3159,Monitor,5,2024-09-19,South,1345.04
9363,3449,Laptop,2,2025-03-05,South,4033.2
9364,4830,Monitor,2,2023-01-19,North,839.84
9365,1121,Laptop,4,2023-02-04,West,4099.78
9366,1272,Keyboard,4,2024-01-06,East,298.86
9367,2317,Webcam,4,2024-05-05,West,323.19
9368,1397,Headphones,1,2025-03-27,North,186.89
9369,3518,Monitor,5,2023-01-07,South,1450.54
9370,1984,Laptop,4,2024-07-02,North,2028.45
9371,2230,Mouse,5,2024-01-06,West,109.85
9372,2133,Laptop,2,2025-01-26,North,3599.92
9373,4511,Mouse,1,2024-07-27,East,195.3
9374,2301,SSD,2,2024-11-11,North,481.74
9375,4639,Monitor,5,2023-03-29,West,1558.94
9376,2910,Phone,4,2024-04-07,North,1705.09
9377,4986,Mouse,2,2025-12-07,West,117.24
9378,3616,Laptop,3,2024-04-25,South,4976.25
9379,2505,Monitor,1,2025-04-02,East,531.9
9380,4874,Laptop,5,2024-06-07,North,2909.62
9381,4185,Phone,4,2023-07-30,West,1027.43
9382,2916,Headphones,2,2023-09-01,East,257.49
9383,3944,Webcam,1,2023-08-27,South,228.36
9384,1819,Webcam,4,2025-02-07,East,189.42
9385,3900,Phone,2,2023-08-23,North,2436.6
9386,4548,Keyboard,5,2023-07-06,North,220.15
9387,3757,Monitor,3,2024-12-13,East,1592.07
9388,2956,Phone,3,2024-05-11,East,2061.9
9389,3368,Headphones,5,2023-07-06,East,549.61
9390,1178,Laptop,1,2025-07-24,East,4304.06
9391,1896,Monitor,5,2023-11-09,East,524.31
9392,3266,SSD,2,2025-03-29,West,267.63
9393,3836,Mouse,1,2023-01-22,South,198.15
9394,2972,Phone,3,2023-03-09,East,1908.61
9395,2551,SSD,2,2024-01-27,West,180.65
9396,1491,SSD,4,2025-12-24,South,359.99
9397,4962,Headphones,4,2024-12-29,South,590.42
9398,1060,SSD,4,2024-06-24,East,596.78
9399,2077,Phone,3,2024-07-21,West,1535.16
9400,2703,Keyboard,5,2025-06-18,East,273.26
9401,3585,Webcam,1,2023-07-31,North,269.44
9402,3895,Webcam,3,2023-07-19,South,243.02
9403,4035,Monitor,2,2025-09-13,North,1117.91
9404,1064,Laptop,2,2023-06-27,South,4676.39
9405,4683,Headphones,4,2025-07-19,South,410.56
9406,1585,Phone,1,2023-02-13,North,1367.46
9407,2727,Monitor,4,2023-06-17,East,1237.9
9408,3218,Phone,2,2023-10-14,East,
9409,4344,Monitor,2,2024-12-09,West,1176.73
9410,4960,Webcam,5,2023-12-03,North,179.72
9411,4770,SSD,5,2024-08-08,South,434.83
9412,1534,Keyboard,5,2023-07-02,South,63.06
9413,4462,Phone,4,2023-01-16,North,2306.48
9414,3740,Keyboard,1,2025-06-05,South,153.85
9415,4398,Mouse,5,2025-04-16,West,166.15
9416,3155,Mouse,3,2023-04-20,North,154.01
9417,2870,SSD,5,2023-11-02,South,362.33
9418,4233,Webcam,4,2025-09-06,South,143.59
9419,3861,Headphones,1,2023-01-06,North,381.11
9420,2004,Keyboard,5,2025-04-22,North,287.02
9421,3499,Monitor,1,2023-12-27,East,
9422,2229,Headphones,3,2024-10-17,West,228.01
9423,3637,Phone,2,2025-09-10,East,2488.11
9424,2039,Phone,1,2024-12-24,East,2317.37
9425,1326,Monitor,5,2023-04-25,East,1324.32
9426,1607,Laptop,4,2023-10-03,North,4084.22
9427,3706,SSD,4,2023-03-21,East,349.38
9428,1001,Laptop,4,2023-06-28,South,3212.28
9429,2033,SSD,4,2024-07-14,East,349.43
9430,3481,Phone,1,2024-05-23,North,1504.51
9431,1124,SSD,4,2023-09-17,West,
9432,2104,Webcam,2,2023-10-19,East,185.75
9433,3532,Webcam,3,2025-06-03,North,134.65
9434,3699,Monitor,1,2023-10-18,East,1559.85
9435,2861,Laptop,1,2024-06-25,South,2093.89
9436,2173,Keyboard,4,2025-02-02,North,229.69
9437,3847,Phone,4,2025-12-22,South,1247.51
9438,3920,Mouse,1,2024-08-16,South,62.34
9439,4411,Keyboard,4,2025-08-05,North,144.74
9440,1128,Monitor,4,2024-04-24,South,676.25
9441,1437,Mouse,4,2024-01-16,North,95.36
9442,1750,Keyboard,4,2023-11-06,North,75.58
9443,3548,Laptop,4,2025-12-15,North,3450.47
9444,4129,SSD,5,2025-04-26,North,229.28
9445,2221,Webcam,5,2024-02-29,West,121.6
9446,3258,Laptop,5,2024-10-22,West,3737.33
9447,4985,Mouse,1,2023-08-14,West,136.29
9448,1901,SSD,3,2023-01-25,North,152.48
9449,3092,SSD,1,2023-04-05,East,324.45
9450,4168,SSD,5,2024-05-22,East,185.08
9451,2302,Headphones,1,2024-07-18,North,469.32
9452,3582,Webcam,3,2024-10-05,West,298.09
9453,2433,Phone,4,2024-05-04,West,884.54
9454,3508,Mouse,2,2024-04-03,East,190.01
9455,1390,Monitor,5,2025-06-19,North,1939.94
9456,4918,Phone,5,2023-12-04,East,1368.94
9457,2067,Keyboard,3,2025-08-20,North,82.65
9458,1026,Webcam,4,2023-12-11,North,116.59
9459,3841,Monitor,4,2024-07-29,East,1761.08
9460,4168,Monitor,2,2025-07-31,South,1188.74
9461,4022,Laptop,4,2023-12-12,North,2028.53
9462,1547,Keyboard,3,2023-11-21,North,281.34
9463,3668,Laptop,4,2024-04-11,East,3778.21
9464,1566,Laptop,3,2023-04-01,West,4071.19
9465,1703,SSD,5,2023-10-21,South,520.6
9466,2242,Webcam,5,2024-06-07,North,341.95
9467,1184,Headphones,5,2025-04-29,South,137.9
9468,4140,Laptop,1,2023-09-16,East,3721.98
9469,4900,Phone,5,2023-07-05,West,1983.62
9470,4201,Monitor,3,2023-12-10,South,628.43
9471,2590,Webcam,2,2025-03-31,North,151.17
9472,2913,Laptop,4,2025-01-10,North,3187.44
9473,4680,Mouse,5,2024-07-22,West,180.71
9474,1847,Phone,1,2025-08-07,North,2246.08
9475,1598,Keyboard,1,2024-05-23,East,245.53
9476,1805,Monitor,3,2023-01-16,North,1985.42
9477,4702,Webcam,2,2024-06-08,East,157.65
9478,4791,Mouse,5,2023-07-19,North,109.53
9479,2357,Webcam,5,2023-11-05,North,222.95
9480,4996,Webcam,1,2023-09-16,South,297.26
9481,4225,Mouse,3,2024-02-29,East,174.53
9482,4618,Keyboard,1,2025-02-17,South,172.92
9483,3126,Mouse,1,2025-11-10,East,113.56
9484,3626,Phone,2,2024-09-30,South,1834.14
9485,2878,SSD,3,2025-07-08,East,484.11
9486,3460,Webcam,2,2025-10-08,East,144.42
9487,1545,Keyboard,3,2023-12-16,East,290.46
9488,2632,Webcam,5,2025-08-18,South,109.46
9489,3216,Mouse,4,2024-03-13,West,33.93
9490,3728,Keyboard,4,2024-03-31,South,139.7
9491,4734,Keyboard,3,2024-09-15,South,225.36
9492,3630,Laptop,4,2024-10-04,East,4934.22
9493,3562,Laptop,1,2024-01-27,East,4798.28
9494,4385,SSD,-1,2024-07-27,East,459.82
9495,3079,Laptop,5,2023-02-02,East,3309.64
9496,3334,Mouse,4,2025-07-09,East,131.29
9497,3641,Monitor,3,2024-02-14,West,1952.99
9498,4114,Phone,1,2025-10-19,East,1251.35
9499,2926,Mouse,3,2024-02-17,North,111.31
9500,1616,Webcam,4,2023-10-26,West,301.73
9501,4072,Laptop,5,2023-03-14,West,2030.9
9502,4644,Keyboard,5,2023-09-18,North,145.32
9503,3317,Mouse,3,2024-11-20,North,126.55
9504,2203,Keyboard,2,2025-08-16,East,275.23
9505,2759,SSD,3,2025-01-01,North,596.4
9506,3565,Webcam,-1,2024-11-15,South,258.02
9507,4174,Keyboard,3,2025-04-19,West,286.15
9508,4081,Keyboard,2,2023-12-01,North,74.82
9509,3630,SSD,2,2025-01-01,North,465.57
9510,4161,Headphones,2,2025-03-14,East,
9511,1225,Monitor,2,2024-01-25,North,1626.46
9512,1669,Phone,1,2025-01-29,West,2275.13
9513,2763,Phone,2,2025-06-01,North,891.33
9514,1916,Laptop,2,2025-08-29,East,4806.42
9515,3173,Headphones,5,2025-12-30,North,134.08
9516,4003,Mouse,1,2025-07-29,East,158.08
9517,4280,SSD,2,2025-06-21,East,181.08
9518,4168,Mouse,4,2023-01-24,West,176.49
9519,3121,Phone,1,2024-07-10,South,1148.47
9520,4698,Monitor,5,2024-12-01,West,1151.11
9521,2214,Keyboard,3,2024-02-07,East,283.16
9522,2705,Webcam,5,2024-03-16,West,333.46
9523,2842,Laptop,5,2025-05-31,North,4357.33
9524,2983,Monitor,1,2025-07-14,East,1645.0
9525,4787,Phone,1,2024-04-29,South,1768.04
9526,1055,Headphones,4,2025-12-26,North,575.72
9527,1719,Laptop,4,2023-01-31,East,4494.91
9528,3600,SSD,1,2023-11-18,East,348.13
9529,3079,Phone,1,2024-07-19,East,2062.35
9530,4598,Mouse,1,2023-01-10,North,199.68
9531,1573,Laptop,3,2024-11-08,North,
9532,1666,SSD,5,2025-04-30,North,150.55
9533,1283,Phone,4,2025-07-15,West,2054.41
9534,2744,Mouse,4,2023-10-12,South,182.64
9535,4903,Webcam,2,2023-06-02,South,184.88
9536,4565,Mouse,3,2024-01-06,South,196.17
9537,3234,Keyboard,1,2023-10-28,North,150.32
9538,1497,SSD,1,2023-05-26,North,339.53
9539,2465,SSD,3,2025-12-11,East,222.39
9540,1129,Headphones,4,2024-12-02,East,148.3
9541,1638,SSD,1,2023-05-21,West,391.47
9542,4363,Keyboard,2,2023-03-25,West,200.69
9543,3161,Phone,4,2023-01-21,West,1423.72
9544,4270,Webcam,5,2025-10-26,North,274.12
9545,3060,Monitor,3,2025-08-24,North,1092.01
9546,4342,Webcam,4,2024-03-28,North,357.82
9547,4672,Webcam,5,2023-12-08,East,385.22
9548,4286,SSD,2,2024-01-28,East,417.09
9549,3491,Webcam,3,2025-09-29,East,349.53
9550,4861,SSD,1,2025-08-28,South,534.18
9551,4583,Keyboard,1,2023-06-07,South,228.44
9552,3494,Monitor,5,2025-03-21,East,788.0
9553,1985,Mouse,4,2024-11-29,North,56.34
9554,1992,SSD,2,2023-06-15,East,563.77
9555,3762,Phone,5,2023-02-03,West,1250.6
9556,3121,Headphones,2,2023-09-12,South,223.17
9557,3584,Monitor,2,2023-10-29,East,749.19
9558,1100,Phone,2,2023-08-08,East,1696.67
9559,3223,SSD,3,2025-11-21,North,454.65
9560,1426,Monitor,5,2025-07-23,North,1514.24
9561,4188,SSD,3,2024-05-23,North,267.47
9562,4237,Keyboard,4,2025-08-10,East,73.7
9563,1040,Phone,4,2023-08-03,North,1327.36
9564,1428,Keyboard,1,2023-09-02,West,175.86
9565,1343,Laptop,1,2023-01-20,West,3837.32
9566,4495,Phone,1,2023-07-29,North,1260.02
9567,1365,Monitor,4,2024-03-01,North,774.74
9568,4191,Laptop,2,2025-09-26,East,4524.73
9569,1608,Keyboard,2,2025-09-07,West,264.48
9570,3704,Keyboard,5,2023-03-13,South,119.99
9571,1727,Monitor,4,2023-06-27,East,1340.17
9572,3276,Laptop,1,2023-10-26,West,3319.48
9573,1824,Webcam,4,2023-09-23,South,125.43
9574,4201,Mouse,2,2024-06-03,North,189.9
9575,2375,Headphones,2,2023-10-02,West,104.89
9576,1888,Monitor,3,2025-08-05,North,781.36
9577,3043,Keyboard,3,2023-02-22,North,136.39
9578,2341,Phone,5,2025-03-22,South,
9579,4031,Laptop,4,2024-05-03,North,4365.96
9580,4720,SSD,3,2024-05-16,West,410.95
9581,3883,Mouse,3,2023-11-03,South,
9582,4408,Headphones,4,2024-02-21,West,270.46
9583,2296,Phone,2,2024-05-23,North,2398.92
9584,1116,Laptop,5,2025-07-09,North,2080.36
9585,3865,Mouse,5,2024-09-29,East,47.16
9586,3415,Monitor,5,2024-10-27,West,1888.33
9587,2117,SSD,3,2023-01-06,North,575.27
9588,1167,Mouse,2,2024-02-26,East,113.4
9589,4001,Monitor,5,2024-01-25,North,1364.69
9590,2738,SSD,4,2023-11-30,West,556.14
9591,2364,SSD,5,2023-12-04,West,534.05
9592,3708,Webcam,1,2025-04-27,East,355.82
9593,4985,Laptop,2,2023-09-26,East,3115.36
9594,1694,SSD,1,2023-03-06,North,523.75
9595,1924,Mouse,2,2024-11-08,North,41.78
9596,1151,SSD,4,2025-12-23,North,369.13
9597,1585,Headphones,3,2024-10-18,North,218.7
9598,4948,Mouse,3,2025-02-19,East,36.09
9599,1912,Laptop,2,2023-11-25,South,3851.63
9600,3321,Phone,5,2024-06-01,North,929.51
9601,2577,Phone,1,2025-05-11,West,1004.27
9602,1495,Mouse,4,2024-02-25,West,43.9
9603,4795,Mouse,5,2023-11-05,South,195.76
9604,3148,Monitor,3,2025-03-24,East,558.86
9605,1556,Laptop,5,2025-04-25,North,2809.27
9606,2105,Monitor,1,2025-08-19,South,1478.0
9607,2552,Headphones,3,2024-12-21,South,511.69
9608,3120,Webcam,2,2025-12-01,West,274.63
9609,4085,Phone,4,2024-08-12,East,2460.05
9610,4504,SSD,4,2023-11-16,East,301.97
9611,1156,SSD,3,2025-10-07,North,362.4
9612,1734,Keyboard,2,2024-03-20,South,255.33
9613,3179,Keyboard,1,2023-10-13,North,220.42
9614,4409,Laptop,4,2023-06-20,West,2642.2
9615,4066,SSD,3,2023-09-20,North,374.4
9616,2427,Laptop,4,2025-07-30,South,4927.88
9617,4447,Keyboard,2,2023-05-22,North,265.76
9618,4959,Laptop,1,2024-09-19,East,2575.41
9619,1558,Phone,2,2024-08-15,South,1105.64
9620,3154,Headphones,5,2024-02-20,South,514.2
9621,4691,Headphones,2,2023-01-25,North,199.45
9622,3312,SSD,2,2024-09-18,East,353.76
9623,4276,Monitor,4,2023-04-04,East,771.14
9624,4150,Phone,2,2023-11-01,West,824.93
9625,1154,Webcam,3,2023-07-04,North,360.13
9626,4854,Laptop,4,2023-10-10,West,4337.01
9627,4035,Laptop,4,2024-11-16,South,3411.77
9628,1996,SSD,5,2025-05-12,North,221.81
9629,3294,Webcam,3,2024-11-15,East,338.05
9630,1530,Monitor,2,2024-10-27,East,1039.05
9631,3905,Monitor,5,2025-11-03,North,1492.92
9632,2971,Laptop,3,2025-06-08,East,2950.08
9633,3585,Laptop,5,2025-03-26,South,3296.86
9634,1728,Webcam,1,2023-12-07,East,251.35
9635,2177,SSD,2,2024-08-26,East,492.91
9636,1153,Phone,5,2025-01-03,South,2214.52
9637,4757,Webcam,1,2025-03-29,South,221.93
9638,1091,Monitor,2,2025-06-25,North,849.56
9639,4504,Webcam,5,2024-06-23,South,129.17
9640,3385,Webcam,5,2024-03-14,North,189.04
9641,2503,Webcam,5,2025-09-14,North,
9642,2716,Phone,5,2024-10-27,South,1265.77
9643,4202,Mouse,4,2024-01-19,North,38.08
9644,3497,Laptop,5,2024-08-04,East,3692.83
9645,3016,Keyboard,4,2023-06-09,East,58.4
9646,3857,SSD,4,2024-03-07,East,548.22
9647,1786,Webcam,1,2024-09-06,North,296.98
9648,1272,SSD,2,2024-05-02,South,265.58
9649,3027,Keyboard,4,2023-12-09,East,167.27
9650,3635,Mouse,3,2023-04-19,West,155.67
9651,1176,Laptop,4,2025-04-28,West,4747.05
9652,4767,Monitor,3,2023-10-28,East,1811.68
9653,3878,Keyboard,1,2024-12-05,East,67.38
9654,1642,SSD,3,2025-12-30,East,186.51
9655,2898,SSD,1,2023-09-26,South,418.98
9656,4120,SSD,1,2024-04-22,East,373.42
9657,1566,Monitor,1,2023-06-25,South,939.41
9658,1665,Keyboard,3,2023-08-27,North,294.04
9659,4426,SSD,3,2025-06-11,East,485.82
9660,4783,Monitor,1,2024-09-01,West,1530.98
9661,2331,Webcam,1,2025-05-08,North,138.03
9662,3915,SSD,2,2024-05-06,East,277.77
9663,4956,Keyboard,1,2023-04-09,South,201.25
9664,4701,Monitor,5,2023-11-25,South,1693.39
9665,2798,Mouse,2,2024-03-20,East,188.28
9666,2069,Phone,-1,2025-09-24,West,1986.14
9667,3349,Monitor,2,2023-10-22,South,1127.96
9668,3915,Phone,5,2024-03-17,East,1974.83
9669,3959,Phone,2,2025-03-05,South,917.6
9670,1407,Laptop,2,2025-06-09,West,3800.25
9671,2212,Webcam,3,2023-01-31,East,366.28
9672,3869,Mouse,3,2024-03-13,East,138.28
9673,2853,Phone,-1,2023-10-13,West,812.82
9674,2152,Headphones,1,2023-10-18,North,447.26
9675,3608,Webcam,4,2024-01-03,South,312.46
9676,4608,Phone,5,2024-04-30,East,1720.09
9677,4337,Monitor,3,2024-07-08,East,1724.13
9678,2141,Phone,1,2023-06-17,East,1143.9
9679,3511,Monitor,5,2025-02-09,North,1113.47
9680,1143,SSD,2,2023-03-19,East,513.41
9681,3489,Monitor,5,2025-04-30,East,1405.53
9682,4271,Headphones,3,2025-06-10,North,597.18
9683,4228,Phone,4,2024-10-22,East,917.75
9684,1486,Phone,3,2024-08-11,North,1215.33
9685,1859,Keyboard,1,2025-01-31,West,99.78
9686,4205,Webcam,1,2024-07-18,North,392.45
9687,2935,Keyboard,5,2025-03-22,North,267.32
9688,1147,Laptop,3,2023-10-29,North,2399.37
9689,2359,Monitor,1,2023-10-20,North,1030.71
9690,4142,Headphones,2,2023-10-21,East,126.3
9691,4304,Keyboard,2,2023-04-19,West,208.14
9692,2357,Phone,4,2023-12-31,East,1363.03
9693,3858,Laptop,5,2024-08-22,North,2772.69
9694,3713,Headphones,1,2024-11-08,South,361.56
9695,1089,Mouse,4,2023-04-03,South,165.24
9696,2357,Phone,2,2025-12-23,South,1486.66
9697,1198,Phone,4,2024-03-03,South,2087.66
9698,4232,SSD,4,2024-09-29,East,350.76
9699,1537,Mouse,1,2024-01-03,South,66.47
9700,4192,Monitor,1,2023-04-15,East,1169.31
9701,1300,Monitor,1,2023-07-28,East,1307.08
9702,1723,Keyboard,5,2025-10-08,North,165.39
9703,2598,Keyboard,4,2024-04-18,West,118.58
9704,4010,Phone,4,2025-12-20,North,1114.67
9705,2459,Webcam,5,2023-01-12,South,383.02
9706,1067,Phone,-1,2024-04-10,West,1305.73
9707,4836,Keyboard,3,2024-10-10,North,226.34
9708,4993,Mouse,2,2025-05-24,North,87.92
9709,3506,Keyboard,5,2024-01-21,South,292.41
9710,2537,Phone,4,2025-06-02,North,2480.07
9711,1397,Headphones,4,2024-07-08,East,
9712,1619,Phone,1,2025-11-28,West,1788.51
9713,4357,Headphones,1,2024-10-15,East,371.03
9714,2584,Headphones,4,2025-05-14,East,264.48
9715,2163,Phone,4,2025-09-15,East,1007.45
9716,1729,Webcam,1,2023-12-19,West,105.3
9717,1555,Webcam,1,2024-05-28,East,228.94
9718,2952,Laptop,2,2025-03-14,West,4936.37
9719,3828,Keyboard,4,2023-12-09,South,111.72
9720,4661,Webcam,4,2023-12-02,North,211.5
9721,2751,Monitor,5,2023-01-24,South,1462.13
9722,3941,Phone,2,2025-06-03,West,1396.81
9723,3657,Headphones,3,2023-04-14,North,101.81
9724,3795,Phone,3,2024-07-27,East,1473.57
9725,3329,Keyboard,3,2025-02-13,East,251.16
9726,3708,Mouse,1,2025-06-05,West,190.47
9727,3971,Webcam,3,2023-08-31,East,168.03
9728,4887,Webcam,5,2023-12-08,East,374.93
9729,1995,Webcam,1,2024-09-24,West,357.49
9730,2959,Headphones,1,2025-05-14,West,303.36
9731,2601,Monitor,3,2023-06-22,South,507.02
9732,3793,SSD,1,2023-04-13,West,530.19
9733,2480,Monitor,2,2023-06-09,North,930.16
9734,3134,Webcam,2,2024-12-14,East,321.88
9735,2102,Monitor,-1,2024-07-10,South,1357.27
9736,4276,Mouse,5,2024-07-29,South,67.68
9737,3838,Webcam,1,2023-07-15,West,287.43
9738,4408,Laptop,4,2025-09-15,East,4294.52
9739,4325,Headphones,3,2025-07-22,South,337.22
9740,3351,Mouse,1,2023-03-11,North,157.14
9741,2403,SSD,3,2025-04-22,West,
9742,3177,Headphones,3,2023-09-04,South,590.13
9743,3643,SSD,5,2023-11-25,North,257.91
9744,2299,Webcam,4,2023-06-07,East,328.91
9745,2722,Mouse,1,2025-07-06,South,157.43
9746,3605,Webcam,3,2024-11-28,East,249.42
9747,1898,SSD,3,2025-01-12,North,307.65
9748,2206,SSD,1,2024-08-07,South,350.59
9749,4339,Mouse,3,2023-02-24,West,137.01
9750,4879,Webcam,3,2024-04-30,West,249.71
9751,4393,Laptop,3,2024-02-14,West,4284.62
9752,2535,Headphones,2,2025-08-17,East,
9753,4683,Mouse,2,2025-06-23,North,48.23
9754,1077,Laptop,4,2024-12-27,South,3516.79
9755,3831,Phone,5,2025-11-04,East,1240.32
9756,4410,Webcam,1,2023-05-27,North,277.32
9757,3721,Keyboard,5,2025-11-14,North,180.08
9758,4627,Mouse,5,2023-11-29,South,162.39
9759,2532,Monitor,2,2023-10-17,South,1362.84
9760,1237,Laptop,4,2024-07-23,North,3292.28
9761,2157,Laptop,5,2025-03-01,South,2359.57
9762,2996,Mouse,5,2025-06-27,West,50.42
9763,2215,SSD,3,2023-01-27,North,438.16
9764,4427,Laptop,1,2025-12-25,East,4642.26
9765,1277,Phone,4,2025-07-14,South,1505.14
9766,4089,Laptop,1,2024-01-23,West,3592.37
9767,1523,Keyboard,2,2025-12-26,East,197.8
9768,1179,Keyboard,5,2023-09-07,North,169.32
9769,1122,SSD,5,2023-05-22,North,176.8
9770,2269,Webcam,1,2023-09-24,East,268.52
9771,2757,Webcam,2,2023-08-03,North,123.87
9772,4444,SSD,3,2024-05-03,South,400.11
9773,4122,Monitor,3,2024-05-10,South,1663.07
9774,2094,Phone,5,2024-04-24,North,809.26
9775,1479,Keyboard,5,2024-10-04,South,157.62
9776,4631,SSD,4,2023-01-01,South,485.56
9777,4090,Mouse,1,2025-10-29,North,119.85
9778,2797,Headphones,5,2025-04-20,West,217.65
9779,3131,Headphones,2,2024-01-15,West,448.78
9780,4226,Headphones,1,2025-04-23,North,491.74
9781,3612,Webcam,4,2023-10-29,North,196.01
9782,3666,Mouse,3,2024-10-11,West,80.56
9783,3404,Laptop,4,2025-03-19,East,3635.41
9784,1815,Mouse,1,2023-12-05,West,92.12
9785,3694,Laptop,3,2025-09-25,South,4507.81
9786,1442,Headphones,2,2024-10-27,South,489.53
9787,4140,Monitor,3,2024-02-08,West,967.83
9788,3570,Monitor,3,2023-09-04,South,1185.47
9789,1142,SSD,2,2024-07-12,East,550.27
9790,1191,Laptop,5,2025-02-16,East,2442.13
9791,2410,Headphones,5,2023-04-21,West,477.12
9792,1377,Mouse,3,2025-09-14,West,83.86
9793,3628,Monitor,3,2025-03-23,South,
9794,1534,Laptop,4,2025-07-18,North,2350.94
9795,2716,SSD,5,2025-06-04,North,274.33
9796,4364,Mouse,2,2025-06-27,West,123.17
9797,2032,Headphones,3,2025-03-01,North,553.94
9798,4342,Phone,3,2023-10-19,North,1315.09
9799,2410,Headphones,4,2023-06-24,West,199.61
9800,3140,Webcam,4,2023-04-19,East,233.17
9801,2989,Headphones,4,2025-08-19,West,178.31
9802,3576,SSD,1,2025-04-27,East,272.26
9803,2177,Mouse,2,2025-11-03,South,197.73
9804,1404,SSD,1,2024-11-23,North,401.12
9805,3887,Mouse,3,2025-08-21,South,163.26
9806,2172,Keyboard,4,2023-02-12,North,102.95
9807,1888,Keyboard,4,2024-04-05,East,180.02
9808,4338,Mouse,4,2024-12-05,South,116.79
9809,1421,Mouse,5,2025-10-29,North,168.15
9810,4911,Phone,2,2023-05-29,East,836.67
9811,2641,Phone,1,2023-12-04,West,2262.82
9812,1471,Headphones,2,2025-09-29,West,139.8
9813,3940,SSD,4,2023-08-12,East,562.47
9814,1546,Webcam,3,2023-12-20,North,125.71
9815,1630,SSD,5,2024-07-08,West,389.51
9816,4597,Monitor,2,2023-03-07,East,649.09
9817,4574,SSD,3,2024-09-12,West,351.24
9818,2037,Webcam,4,2023-03-25,East,175.77
9819,3825,Phone,4,2023-08-15,South,1514.16
9820,4723,Headphones,4,2025-06-10,West,372.52
9821,2829,Webcam,4,2025-10-09,East,227.02
9822,1363,SSD,5,2023-01-20,North,160.42
9823,3166,Laptop,5,2025-11-24,South,4590.36
9824,4309,Keyboard,2,2025-01-24,North,73.74
9825,1545,Webcam,4,2025-07-29,East,393.8
9826,4240,Monitor,5,2023-09-27,East,1776.98
9827,3569,Headphones,3,2024-02-10,North,380.69
9828,1633,Webcam,5,2023-10-31,West,158.46
9829,2936,Mouse,5,2025-10-05,East,44.66
9830,2680,SSD,2,2025-03-20,North,452.33
9831,1962,Laptop,5,2025-11-18,North,2604.53
9832,4005,Keyboard,3,2024-01-26,West,233.31
9833,4806,Laptop,4,2025-06-27,South,4497.52
9834,1882,Headphones,1,2023-05-22,West,594.48
9835,4840,SSD,2,2024-10-07,North,376.9
9836,3827,Phone,3,2025-03-19,North,2456.94
9837,1870,Keyboard,2,2025-08-05,East,87.33
9838,1515,SSD,4,2023-09-02,East,526.31
9839,3985,Laptop,5,2025-02-04,South,3079.41
9840,2420,Phone,5,2025-05-25,West,1420.18
9841,1865,Monitor,3,2025-06-30,North,902.97
9842,3153,Headphones,4,2025-10-25,West,186.71
9843,2108,Headphones,1,2025-07-08,East,321.11
9844,1213,Keyboard,1,2025-07-27,North,296.82
9845,4192,Laptop,5,2024-03-24,East,2989.72
9846,4203,Monitor,4,2023-09-23,West,1191.62
9847,3897,Mouse,4,2023-09-07,East,68.85
9848,3244,Keyboard,3,2025-08-12,East,134.28
9849,1018,SSD,1,2024-06-26,South,174.81
9850,1641,Mouse,3,2024-09-23,East,192.53
9851,4083,Keyboard,2,2025-06-25,West,177.45
9852,2104,Laptop,4,2024-06-04,East,4198.85
9853,1329,Monitor,1,2025-06-02,East,1269.93
9854,1865,Laptop,3,2025-01-03,North,4310.59
9855,1773,Headphones,5,2023-05-24,West,367.05
9856,1391,Mouse,2,2025-08-01,North,149.26
9857,1636,Phone,3,2024-07-18,East,1964.16
9858,3354,Webcam,5,2023-03-11,North,250.74
9859,4338,SSD,1,2024-09-24,South,253.76
9860,4518,Headphones,1,2025-06-07,East,205.92
9861,4512,Headphones,2,2025-03-11,East,537.15
9862,3942,Mouse,5,2023-06-29,West,50.52
9863,3699,SSD,4,2024-08-15,North,401.66
9864,3888,Keyboard,1,2024-07-20,North,175.63
9865,2025,Headphones,4,2024-11-21,West,499.2
9866,3567,Webcam,4,2024-10-26,North,123.33
9867,4833,Monitor,3,2024-02-10,East,1530.95
9868,2674,Headphones,3,2025-09-12,West,402.93
9869,3683,Monitor,1,2024-09-28,West,1551.79
9870,4380,Laptop,4,2025-11-26,South,3863.68
9871,1739,SSD,3,2024-05-31,East,403.15
9872,2545,Keyboard,5,2025-04-29,East,281.57
9873,1468,Monitor,5,2025-06-26,South,1022.99
9874,3259,Headphones,5,2023-11-12,North,192.34
9875,2135,Keyboard,5,2023-01-27,West,248.85
9876,2031,Webcam,4,2023-02-24,North,121.5
9877,3851,Keyboard,5,2023-09-06,East,219.93
9878,3524,Monitor,4,2023-09-30,East,1324.34
9879,1873,SSD,1,2023-07-10,South,150.58
9880,1459,Monitor,1,2024-07-28,North,859.79
9881,3300,Phone,5,2025-05-06,East,1643.04
9882,2549,Phone,5,2024-09-07,South,1360.52
9883,1751,Keyboard,5,2025-10-14,East,156.72
9884,2461,Mouse,1,2024-11-03,North,132.22
9885,2777,SSD,3,2024-11-13,North,478.87
9886,4028,Mouse,1,2023-04-19,North,55.71
9887,1853,Phone,5,2024-10-13,North,1280.95
9888,4732,Headphones,3,2025-09-07,North,418.25
9889,3283,Laptop,3,2023-08-14,East,3765.32
9890,2329,Keyboard,2,2023-12-19,North,234.21
9891,1477,Laptop,4,2023-05-25,North,3921.53
9892,3726,Phone,5,2025-07-03,North,1361.26
9893,4091,Monitor,4,2023-09-30,East,
9894,3263,Webcam,2,2024-06-17,East,363.12
9895,3902,Keyboard,4,2024-04-04,South,96.52
9896,1134,Phone,5,2025-07-29,East,1440.47
9897,3952,SSD,2,2025-10-31,East,528.78
9898,2152,Headphones,4,2023-06-30,North,282.1
9899,1409,Webcam,1,2023-01-29,West,211.91
9900,2445,Keyboard,3,2024-06-15,South,129.81
9901,2317,Keyboard,2,2025-10-25,South,274.88
9902,2269,SSD,1,2023-05-20,East,448.5
9903,4772,Mouse,5,2025-11-17,North,
9904,2579,Monitor,3,2023-04-08,North,1624.45
9905,1085,Keyboard,2,2023-09-19,West,59.63
9906,3603,Monitor,3,2023-01-19,East,1094.61
9907,2865,Phone,2,2023-01-12,South,2346.61
9908,4446,Headphones,2,2024-06-20,West,444.89
9909,2469,Webcam,4,2023-09-16,North,333.79
9910,1377,Webcam,3,2023-01-24,North,378.02
9911,4461,Headphones,3,2025-10-28,North,487.28
9912,2680,Keyboard,1,2023-08-16,East,72.15
9913,2074,Keyboard,5,2024-01-11,South,107.66
9914,1241,Phone,1,2023-08-12,East,1649.99
9915,4365,Mouse,4,2025-01-05,North,32.36
9916,1919,Mouse,2,2023-09-14,East,136.18
9917,2586,Mouse,4,2024-05-29,South,141.73
9918,3313,Monitor,4,2025-04-12,North,1544.67
9919,4191,Mouse,1,2024-12-01,West,124.47
9920,3759,Headphones,2,2025-06-29,South,326.19
9921,4988,Webcam,5,2024-11-29,East,353.78
9922,2271,Webcam,4,2024-03-13,North,325.55
9923,1069,Monitor,5,2023-02-06,East,1418.54
9924,4924,Phone,2,2023-04-16,North,878.22
9925,3104,Headphones,2,2024-09-06,East,446.96
9926,2405,Webcam,1,2023-08-20,East,258.61
9927,3086,Headphones,3,2025-05-16,North,446.74
9928,3007,Webcam,1,2025-11-06,North,179.65
9929,1800,Laptop,5,2025-08-17,East,4330.96
9930,4514,Phone,1,2023-10-05,North,1510.49
9931,2041,Phone,2,2023-05-05,West,2320.6
9932,3779,SSD,4,2024-11-05,South,196.8
9933,1824,Laptop,3,2024-12-15,South,3453.65
9934,1755,Monitor,2,2024-10-28,North,808.61
9935,3399,Webcam,4,2025-07-01,North,225.11
9936,2995,SSD,5,2024-01-30,North,309.19
9937,2839,Webcam,5,2025-02-11,North,337.1
9938,2321,Webcam,5,2023-07-05,North,133.49
9939,3330,Mouse,1,2024-04-10,South,131.78
9940,2609,Mouse,5,2025-12-16,South,99.1
9941,1109,Mouse,5,2024-04-02,North,118.07
9942,2016,Mouse,1,2025-09-27,North,151.45
9943,4251,Mouse,4,2023-03-15,South,90.71
9944,2961,Laptop,2,2024-09-23,East,3101.16
9945,3591,Phone,3,2025-11-03,East,930.56
9946,2769,Monitor,5,2025-04-19,West,1327.92
9947,4865,Headphones,5,2025-06-30,North,308.45
9948,1024,Mouse,5,2025-03-04,North,168.09
9949,1842,Laptop,1,2023-02-18,North,3317.79
9950,3838,SSD,1,2025-08-23,North,586.86
9951,1737,SSD,1,2023-12-25,West,227.3
9952,3104,Webcam,3,2023-08-30,South,165.46
9953,1179,Monitor,2,2025-12-12,South,1087.87
9954,1231,SSD,5,2025-12-28,North,226.69
9955,2917,Monitor,4,2023-02-25,West,1958.48
9956,1342,Monitor,5,2025-05-28,East,1461.44
9957,1476,Laptop,5,2023-09-12,South,2033.6
9958,2822,Headphones,5,2023-01-05,West,389.25
9959,3623,Mouse,5,2025-12-11,West,162.81
9960,1454,Monitor,2,2023-11-25,North,576.95
9961,2255,Laptop,4,2023-04-08,North,3733.77
9962,1288,Webcam,1,2025-09-07,North,199.78
9963,2236,Phone,4,2025-09-29,East,1788.51
9964,3305,Webcam,5,2025-02-21,North,160.83
9965,1529,Laptop,4,2024-07-30,West,3998.05
9966,3734,Laptop,5,2023-11-23,South,4014.0
9967,3976,Laptop,4,2023-08-31,West,3618.52
9968,3276,Monitor,3,2024-01-02,East,1885.63
9969,4297,Laptop,4,2025-02-12,East,4728.44
9970,1595,Phone,1,2024-12-24,South,880.81
9971,4874,Monitor,1,2023-08-22,West,934.84
9972,1434,Webcam,4,2024-10-13,East,196.56
9973,1881,Phone,4,2023-11-29,East,893.96
9974,4068,SSD,2,2024-05-09,South,385.64
9975,2781,Keyboard,4,2024-01-04,West,56.15
9976,1401,Webcam,1,2023-04-05,South,296.98
9977,3669,Laptop,3,2025-06-25,West,2008.07
9978,4837,Mouse,1,2025-03-12,South,35.43
9979,3135,Mouse,2,2023-07-27,East,171.74
9980,3631,Monitor,4,2024-08-29,West,878.91
9981,4964,Mouse,3,2024-04-17,South,43.81
9982,2565,Webcam,1,2025-10-28,East,207.83
9983,4755,Monitor,3,2023-05-16,South,576.42
9984,1308,Webcam,5,2024-09-01,North,320.13
9985,3953,Laptop,1,2025-06-29,East,3482.44
9986,1342,Headphones,5,2023-09-18,North,375.97
9987,1435,Headphones,3,2024-04-02,South,476.51
9988,1176,Phone,4,2023-08-20,South,2133.58
9989,1138,Laptop,4,2023-04-11,North,2408.78
9990,1193,Mouse,4,2023-05-27,East,77.65
9991,4257,Laptop,5,2024-12-17,North,2527.0
9992,4289,Keyboard,4,2024-05-21,East,63.51
9993,4235,Headphones,2,2024-07-11,North,368.76
9994,2184,Mouse,-1,2023-04-14,North,72.47
9995,1942,Webcam,1,2023-12-02,South,129.27
9996,1524,Webcam,3,2024-03-21,North,243.25
9997,4879,Headphones,5,2025-01-03,South,417.01
9998,2624,Laptop,1,2024-03-19,North,4316.31
9999,4907,Mouse,5,2023-04-28,South,32.97
10000,4113,Phone,3,2025-07-17,South,1694.68
3870,4145,Headphones,1,2023-06-14,East,154.66
6377,3218,Webcam,1,2024-01-18,North,109.55
897,2384,SSD,5,2025-10-17,West,328.59
3201,4704,Laptop,5,2023-12-15,East,2287.91
9861,4512,Headphones,2,2025-03-11,East,537.15
6154,3170,Phone,1,2023-02-14,North,1730.63
4189,2473,Phone,3,2024-10-17,South,2013.36
2137,1824,Monitor,5,2024-05-16,East,1231.02
6386,3463,SSD,2,2023-01-23,North,510.22
9341,1981,Monitor,1,2023-03-23,South,1442.93
1123,1796,Mouse,3,2024-08-05,South,47.82
928,2699,Headphones,5,2025-08-22,East,467.1
858,4719,Monitor,5,2025-11-07,South,768.26
7499,2015,Mouse,1,2024-01-07,South,75.03
7605,3845,SSD,3,2024-07-29,South,259.79
1402,1333,Monitor,1,2023-06-12,East,1079.54
8052,3039,Phone,4,2025-03-05,South,1594.42
13,1330,SSD,4,2024-08-10,North,348.32
2035,1920,Phone,5,2025-09-17,North,2234.06
7547,3091,Webcam,2,2025-07-04,East,222.34
8341,4561,Monitor,5,2025-03-22,East,1509.35
271,4763,Monitor,4,2024-01-22,North,1433.98
9644,3497,Laptop,5,2024-08-04,East,3692.83
2363,4170,Monitor,3,2025-10-03,South,1488.25
1540,1362,SSD,3,2023-07-23,South,294.04
6671,1498,Webcam,1,2024-09-05,West,358.86
3718,2037,Laptop,5,2023-07-28,North,3280.4
571,3491,Mouse,4,2023-09-16,North,45.41
7894,3525,SSD,4,2023-02-18,East,162.66
953,1357,Mouse,2,2025-11-17,North,124.56
1450,3190,Phone,4,2023-12-06,North,2088.86
8576,3160,Webcam,2,2025-12-08,South,133.45
9351,1458,Laptop,5,2025-05-17,North,4716.85
2653,1185,SSD,2,2024-01-30,North,167.91
7464,2232,Phone,2,2024-10-29,West,1396.95
1900,2312,Mouse,1,2023-02-14,East,124.7
933,4473,Headphones,3,2024-01-20,North,465.58
5010,2313,Keyboard,1,2025-09-30,West,240.11
9980,3631,Monitor,4,2024-08-29,West,878.91
2519,3241,Headphones,1,2023-12-06,East,519.04
7485,1162,Headphones,-1,2023-07-25,South,396.98
1114,4031,Monitor,4,2023-12-24,North,1356.97
5444,4752,Mouse,4,2025-06-04,South,175.29
2500,3139,Phone,5,2023-12-15,East,1195.33
1177,2428,Headphones,5,2023-12-13,South,498.06
4987,4644,Mouse,3,2025-08-30,North,138.17
5226,3274,Laptop,4,2024-06-25,East,4117.85
8529,1924,Monitor,1,2023-01-30,West,1631.45
2783,2274,Monitor,2,2025-09-03,West,690.67
3203,1148,Headphones,4,2024-10-15,West,163.35
1247,3075,Mouse,5,2025-05-03,West,65.6
6165,3139,Keyboard,3,2023-04-15,East,125.36
3480,1714,Mouse,4,2025-10-10,West,86.51
8383,1755,Phone,5,2024-02-21,East,2221.46
9585,3865,Mouse,5,2024-09-29,East,47.16
7172,2067,Laptop,1,2023-02-08,West,4392.59
1265,1232,Headphones,2,2024-12-16,East,447.12
2922,3132,Mouse,5,2025-06-25,East,194.41
4655,3607,Mouse,1,2025-07-16,East,151.29
7179,2806,Mouse,4,2024-03-17,South,136.51
298,2661,Webcam,5,2023-02-21,South,218.98
2214,1795,SSD,5,2024-07-29,East,504.86
4643,2889,Keyboard,1,2024-11-21,North,246.32
2306,2435,Headphones,5,2023-09-19,East,394.22
7651,2424,Webcam,5,2025-07-11,South,188.82
3280,4839,Monitor,5,2023-06-14,East,571.45
3906,2243,Phone,3,2025-09-15,East,1042.34
4486,1403,Phone,3,2025-03-30,North,1830.18
71,1241,Phone,2,2025-12-28,East,2029.89
9455,1390,Monitor,5,2025-06-19,North,1939.94
1915,3248,Phone,3,2025-05-21,West,2342.96
8545,4218,Headphones,3,2025-04-29,South,240.32
7274,1209,SSD,5,2025-03-23,East,260.02
8345,4793,Monitor,3,2024-03-14,South,1426.87
7344,4970,Phone,4,2024-12-07,North,1684.15
4859,4833,Phone,3,2025-06-05,North,1403.59
3015,2845,Mouse,4,2024-10-06,East,167.56
8981,2850,Keyboard,1,2023-06-29,South,245.86
4370,1694,Laptop,2,2024-08-22,South,3274.27
9488,2632,Webcam,5,2025-08-18,South,109.46
4630,2461,Webcam,5,2023-11-26,North,331.61
5688,1341,Headphones,2,2023-08-05,East,261.36
5092,3341,Webcam,1,2023-10-07,South,322.64
6294,4485,Headphones,5,2024-06-24,East,356.73
3186,3562,Headphones,2,2023-11-04,South,370.39
2160,3737,Mouse,4,2024-06-19,North,141.0
3181,1656,Laptop,3,2024-06-16,North,3242.0
2743,3352,Phone,1,2024-10-17,West,1329.95
3414,4897,Phone,2,2025-01-08,West,2469.01
1780,2555,Laptop,3,2024-05-12,East,4263.84
5472,1796,Phone,5,2025-01-25,South,1569.21
4169,4864,Phone,4,2024-05-06,North,2361.7
3702,1922,Webcam,4,2023-01-14,North,314.21
1058,1880,Laptop,1,2023-05-06,South,2178.49
876,3923,Monitor,5,2025-09-23,East,1678.58
9564,1428,Keyboard,1,2023-09-02,West,175.86
1769,3862,Laptop,5,2024-07-13,South,2232.08
1970,2291,Webcam,2,2023-05-06,North,
8984,1893,Monitor,4,2025-04-20,North,935.8
3055,3904,Webcam,3,2024-10-09,West,166.39
